date,symbol,time_point,time_idx,output_name,value
2025-01-02,000690,09:31:00.000,0,output_1,708.0
2025-01-02,000690,09:40:00.000,1,output_1,867.0
2025-01-02,000690,09:50:00.000,2,output_1,669.0
2025-01-02,000690,10:00:00.000,3,output_1,611.0
2025-01-02,000690,10:10:00.000,4,output_1,911.0
2025-01-02,000690,10:20:00.000,5,output_1,738.0
2025-01-02,000690,10:30:00.000,6,output_1,689.0
2025-01-02,000690,10:40:00.000,7,output_1,454.0
2025-01-02,000690,10:50:00.000,8,output_1,288.0
2025-01-02,000690,11:00:00.000,9,output_1,255.0
2025-01-02,000690,11:10:00.000,10,output_1,197.0
2025-01-02,000690,11:20:00.000,11,output_1,279.0
2025-01-02,000690,11:30:05.000,12,output_1,291.0
2025-01-02,000690,13:10:00.000,13,output_1,519.0
2025-01-02,000690,13:20:00.000,14,output_1,400.0
2025-01-02,000690,13:30:00.000,15,output_1,491.0
2025-01-02,000690,13:40:00.000,16,output_1,571.0
2025-01-02,000690,13:50:00.000,17,output_1,514.0
2025-01-02,000690,14:00:00.000,18,output_1,748.0
2025-01-02,000690,14:10:00.000,19,output_1,356.0
2025-01-02,000690,14:20:00.000,20,output_1,625.0
2025-01-02,000690,14:30:00.000,21,output_1,711.0
2025-01-02,000690,14:40:00.000,22,output_1,423.0
2025-01-02,000690,14:50:00.000,23,output_1,747.0
2025-01-02,000690,14:56:00.000,24,output_1,482.0
2025-01-02,000690,14:57:05.000,25,output_1,73.0
2025-01-02,000690,15:05:00.000,26,output_1,125.0
2025-01-02,001389,09:31:00.000,0,output_1,446.0
2025-01-02,001389,09:40:00.000,1,output_1,1253.0
2025-01-02,001389,09:50:00.000,2,output_1,593.0
2025-01-02,001389,10:00:00.000,3,output_1,643.0
2025-01-02,001389,10:10:00.000,4,output_1,469.0
2025-01-02,001389,10:20:00.000,5,output_1,687.0
2025-01-02,001389,10:30:00.000,6,output_1,307.0
2025-01-02,001389,10:40:00.000,7,output_1,307.0
2025-01-02,001389,10:50:00.000,8,output_1,461.0
2025-01-02,001389,11:00:00.000,9,output_1,584.0
2025-01-02,001389,11:10:00.000,10,output_1,542.0
2025-01-02,001389,11:20:00.000,11,output_1,521.0
2025-01-02,001389,11:30:05.000,12,output_1,209.0
2025-01-02,001389,13:10:00.000,13,output_1,407.0
2025-01-02,001389,13:20:00.000,14,output_1,169.0
2025-01-02,001389,13:30:00.000,15,output_1,227.0
2025-01-02,001389,13:40:00.000,16,output_1,509.0
2025-01-02,001389,13:50:00.000,17,output_1,443.0
2025-01-02,001389,14:00:00.000,18,output_1,399.0
2025-01-02,001389,14:10:00.000,19,output_1,625.0
2025-01-02,001389,14:20:00.000,20,output_1,667.0
2025-01-02,001389,14:30:00.000,21,output_1,424.0
2025-01-02,001389,14:40:00.000,22,output_1,587.0
2025-01-02,001389,14:50:00.000,23,output_1,667.0
2025-01-02,001389,14:56:00.000,24,output_1,675.0
2025-01-02,001389,14:57:05.000,25,output_1,124.0
2025-01-02,001389,15:05:00.000,26,output_1,65.0
2025-01-02,002782,09:31:00.000,0,output_1,536.0
2025-01-02,002782,09:40:00.000,1,output_1,1921.0
2025-01-02,002782,09:50:00.000,2,output_1,943.0
2025-01-02,002782,10:00:00.000,3,output_1,780.0
2025-01-02,002782,10:10:00.000,4,output_1,529.0
2025-01-02,002782,10:20:00.000,5,output_1,579.0
2025-01-02,002782,10:30:00.000,6,output_1,564.0
2025-01-02,002782,10:40:00.000,7,output_1,648.0
2025-01-02,002782,10:50:00.000,8,output_1,1052.0
2025-01-02,002782,11:00:00.000,9,output_1,910.0
2025-01-02,002782,11:10:00.000,10,output_1,524.0
2025-01-02,002782,11:20:00.000,11,output_1,574.0
2025-01-02,002782,11:30:05.000,12,output_1,511.0
2025-01-02,002782,13:10:00.000,13,output_1,349.0
2025-01-02,002782,13:20:00.000,14,output_1,274.0
2025-01-02,002782,13:30:00.000,15,output_1,626.0
2025-01-02,002782,13:40:00.000,16,output_1,425.0
2025-01-02,002782,13:50:00.000,17,output_1,283.0
2025-01-02,002782,14:00:00.000,18,output_1,571.0
2025-01-02,002782,14:10:00.000,19,output_1,380.0
2025-01-02,002782,14:20:00.000,20,output_1,1235.0
2025-01-02,002782,14:30:00.000,21,output_1,780.0
2025-01-02,002782,14:40:00.000,22,output_1,786.0
2025-01-02,002782,14:50:00.000,23,output_1,1034.0
2025-01-02,002782,14:56:00.000,24,output_1,584.0
2025-01-02,002782,14:57:05.000,25,output_1,120.0
2025-01-02,002782,15:05:00.000,26,output_1,69.0
2025-01-02,002852,09:31:00.000,0,output_1,407.0
2025-01-02,002852,09:40:00.000,1,output_1,1370.0
2025-01-02,002852,09:50:00.000,2,output_1,1340.0
2025-01-02,002852,10:00:00.000,3,output_1,1027.0
2025-01-02,002852,10:10:00.000,4,output_1,670.0
2025-01-02,002852,10:20:00.000,5,output_1,564.0
2025-01-02,002852,10:30:00.000,6,output_1,813.0
2025-01-02,002852,10:40:00.000,7,output_1,608.0
2025-01-02,002852,10:50:00.000,8,output_1,476.0
2025-01-02,002852,11:00:00.000,9,output_1,232.0
2025-01-02,002852,11:10:00.000,10,output_1,322.0
2025-01-02,002852,11:20:00.000,11,output_1,324.0
2025-01-02,002852,11:30:05.000,12,output_1,214.0
2025-01-02,002852,13:10:00.000,13,output_1,258.0
2025-01-02,002852,13:20:00.000,14,output_1,325.0
2025-01-02,002852,13:30:00.000,15,output_1,432.0
2025-01-02,002852,13:40:00.000,16,output_1,267.0
2025-01-02,002852,13:50:00.000,17,output_1,307.0
2025-01-02,002852,14:00:00.000,18,output_1,226.0
2025-01-02,002852,14:10:00.000,19,output_1,373.0
2025-01-02,002852,14:20:00.000,20,output_1,428.0
2025-01-02,002852,14:30:00.000,21,output_1,516.0
2025-01-02,002852,14:40:00.000,22,output_1,441.0
2025-01-02,002852,14:50:00.000,23,output_1,826.0
2025-01-02,002852,14:56:00.000,24,output_1,298.0
2025-01-02,002852,14:57:05.000,25,output_1,42.0
2025-01-02,002852,15:05:00.000,26,output_1,31.0
2025-01-02,300046,09:31:00.000,0,output_1,1395.0
2025-01-02,300046,09:40:00.000,1,output_1,7014.0
2025-01-02,300046,09:50:00.000,2,output_1,3687.0
2025-01-02,300046,10:00:00.000,3,output_1,2496.0
2025-01-02,300046,10:10:00.000,4,output_1,2100.0
2025-01-02,300046,10:20:00.000,5,output_1,1579.0
2025-01-02,300046,10:30:00.000,6,output_1,1375.0
2025-01-02,300046,10:40:00.000,7,output_1,1149.0
2025-01-02,300046,10:50:00.000,8,output_1,1646.0
2025-01-02,300046,11:00:00.000,9,output_1,872.0
2025-01-02,300046,11:10:00.000,10,output_1,987.0
2025-01-02,300046,11:20:00.000,11,output_1,1271.0
2025-01-02,300046,11:30:05.000,12,output_1,778.0
2025-01-02,300046,13:10:00.000,13,output_1,2069.0
2025-01-02,300046,13:20:00.000,14,output_1,2589.0
2025-01-02,300046,13:30:00.000,15,output_1,2988.0
2025-01-02,300046,13:40:00.000,16,output_1,1422.0
2025-01-02,300046,13:50:00.000,17,output_1,1280.0
2025-01-02,300046,14:00:00.000,18,output_1,1944.0
2025-01-02,300046,14:10:00.000,19,output_1,1057.0
2025-01-02,300046,14:20:00.000,20,output_1,2198.0
2025-01-02,300046,14:30:00.000,21,output_1,1482.0
2025-01-02,300046,14:40:00.000,22,output_1,2001.0
2025-01-02,300046,14:50:00.000,23,output_1,2606.0
2025-01-02,300046,14:56:00.000,24,output_1,1394.0
2025-01-02,300046,14:57:05.000,25,output_1,671.0
2025-01-02,300046,15:05:00.000,26,output_1,308.0
2025-01-02,300100,09:31:00.000,0,output_1,850.0
2025-01-02,300100,09:40:00.000,1,output_1,3423.0
2025-01-02,300100,09:50:00.000,2,output_1,2031.0
2025-01-02,300100,10:00:00.000,3,output_1,1783.0
2025-01-02,300100,10:10:00.000,4,output_1,1578.0
2025-01-02,300100,10:20:00.000,5,output_1,1697.0
2025-01-02,300100,10:30:00.000,6,output_1,1155.0
2025-01-02,300100,10:40:00.000,7,output_1,1954.0
2025-01-02,300100,10:50:00.000,8,output_1,1792.0
2025-01-02,300100,11:00:00.000,9,output_1,3169.0
2025-01-02,300100,11:10:00.000,10,output_1,1427.0
2025-01-02,300100,11:20:00.000,11,output_1,1209.0
2025-01-02,300100,11:30:05.000,12,output_1,661.0
2025-01-02,300100,13:10:00.000,13,output_1,791.0
2025-01-02,300100,13:20:00.000,14,output_1,1250.0
2025-01-02,300100,13:30:00.000,15,output_1,1829.0
2025-01-02,300100,13:40:00.000,16,output_1,1118.0
2025-01-02,300100,13:50:00.000,17,output_1,735.0
2025-01-02,300100,14:00:00.000,18,output_1,2144.0
2025-01-02,300100,14:10:00.000,19,output_1,650.0
2025-01-02,300100,14:20:00.000,20,output_1,2122.0
2025-01-02,300100,14:30:00.000,21,output_1,1211.0
2025-01-02,300100,14:40:00.000,22,output_1,1293.0
2025-01-02,300100,14:50:00.000,23,output_1,2278.0
2025-01-02,300100,14:56:00.000,24,output_1,1233.0
2025-01-02,300100,14:57:05.000,25,output_1,163.0
2025-01-02,300100,15:05:00.000,26,output_1,237.0
2025-01-02,300214,09:31:00.000,0,output_1,145.0
2025-01-02,300214,09:40:00.000,1,output_1,467.0
2025-01-02,300214,09:50:00.000,2,output_1,513.0
2025-01-02,300214,10:00:00.000,3,output_1,333.0
2025-01-02,300214,10:10:00.000,4,output_1,400.0
2025-01-02,300214,10:20:00.000,5,output_1,301.0
2025-01-02,300214,10:30:00.000,6,output_1,244.0
2025-01-02,300214,10:40:00.000,7,output_1,297.0
2025-01-02,300214,10:50:00.000,8,output_1,220.0
2025-01-02,300214,11:00:00.000,9,output_1,193.0
2025-01-02,300214,11:10:00.000,10,output_1,1440.0
2025-01-02,300214,11:20:00.000,11,output_1,1014.0
2025-01-02,300214,11:30:05.000,12,output_1,837.0
2025-01-02,300214,13:10:00.000,13,output_1,279.0
2025-01-02,300214,13:20:00.000,14,output_1,286.0
2025-01-02,300214,13:30:00.000,15,output_1,239.0
2025-01-02,300214,13:40:00.000,16,output_1,188.0
2025-01-02,300214,13:50:00.000,17,output_1,119.0
2025-01-02,300214,14:00:00.000,18,output_1,245.0
2025-01-02,300214,14:10:00.000,19,output_1,73.0
2025-01-02,300214,14:20:00.000,20,output_1,187.0
2025-01-02,300214,14:30:00.000,21,output_1,237.0
2025-01-02,300214,14:40:00.000,22,output_1,289.0
2025-01-02,300214,14:50:00.000,23,output_1,836.0
2025-01-02,300214,14:56:00.000,24,output_1,593.0
2025-01-02,300214,14:57:05.000,25,output_1,57.0
2025-01-02,300214,15:05:00.000,26,output_1,79.0
2025-01-02,300779,09:31:00.000,0,output_1,280.0
2025-01-02,300779,09:40:00.000,1,output_1,1145.0
2025-01-02,300779,09:50:00.000,2,output_1,612.0
2025-01-02,300779,10:00:00.000,3,output_1,596.0
2025-01-02,300779,10:10:00.000,4,output_1,1068.0
2025-01-02,300779,10:20:00.000,5,output_1,499.0
2025-01-02,300779,10:30:00.000,6,output_1,443.0
2025-01-02,300779,10:40:00.000,7,output_1,153.0
2025-01-02,300779,10:50:00.000,8,output_1,134.0
2025-01-02,300779,11:00:00.000,9,output_1,138.0
2025-01-02,300779,11:10:00.000,10,output_1,127.0
2025-01-02,300779,11:20:00.000,11,output_1,353.0
2025-01-02,300779,11:30:05.000,12,output_1,92.0
2025-01-02,300779,13:10:00.000,13,output_1,143.0
2025-01-02,300779,13:20:00.000,14,output_1,250.0
2025-01-02,300779,13:30:00.000,15,output_1,221.0
2025-01-02,300779,13:40:00.000,16,output_1,139.0
2025-01-02,300779,13:50:00.000,17,output_1,161.0
2025-01-02,300779,14:00:00.000,18,output_1,353.0
2025-01-02,300779,14:10:00.000,19,output_1,157.0
2025-01-02,300779,14:20:00.000,20,output_1,188.0
2025-01-02,300779,14:30:00.000,21,output_1,349.0
2025-01-02,300779,14:40:00.000,22,output_1,208.0
2025-01-02,300779,14:50:00.000,23,output_1,212.0
2025-01-02,300779,14:56:00.000,24,output_1,209.0
2025-01-02,300779,14:57:05.000,25,output_1,33.0
2025-01-02,300779,15:05:00.000,26,output_1,40.0
2025-01-02,300816,09:31:00.000,0,output_1,246.0
2025-01-02,300816,09:40:00.000,1,output_1,503.0
2025-01-02,300816,09:50:00.000,2,output_1,327.0
2025-01-02,300816,10:00:00.000,3,output_1,251.0
2025-01-02,300816,10:10:00.000,4,output_1,243.0
2025-01-02,300816,10:20:00.000,5,output_1,312.0
2025-01-02,300816,10:30:00.000,6,output_1,181.0
2025-01-02,300816,10:40:00.000,7,output_1,235.0
2025-01-02,300816,10:50:00.000,8,output_1,144.0
2025-01-02,300816,11:00:00.000,9,output_1,172.0
2025-01-02,300816,11:10:00.000,10,output_1,124.0
2025-01-02,300816,11:20:00.000,11,output_1,193.0
2025-01-02,300816,11:30:05.000,12,output_1,63.0
2025-01-02,300816,13:10:00.000,13,output_1,122.0
2025-01-02,300816,13:20:00.000,14,output_1,97.0
2025-01-02,300816,13:30:00.000,15,output_1,116.0
2025-01-02,300816,13:40:00.000,16,output_1,101.0
2025-01-02,300816,13:50:00.000,17,output_1,104.0
2025-01-02,300816,14:00:00.000,18,output_1,166.0
2025-01-02,300816,14:10:00.000,19,output_1,235.0
2025-01-02,300816,14:20:00.000,20,output_1,184.0
2025-01-02,300816,14:30:00.000,21,output_1,178.0
2025-01-02,300816,14:40:00.000,22,output_1,197.0
2025-01-02,300816,14:50:00.000,23,output_1,390.0
2025-01-02,300816,14:56:00.000,24,output_1,156.0
2025-01-02,300816,14:57:05.000,25,output_1,77.0
2025-01-02,300816,15:05:00.000,26,output_1,19.0
2025-01-02,301157,09:31:00.000,0,output_1,360.0
2025-01-02,301157,09:40:00.000,1,output_1,811.0
2025-01-02,301157,09:50:00.000,2,output_1,559.0
2025-01-02,301157,10:00:00.000,3,output_1,380.0
2025-01-02,301157,10:10:00.000,4,output_1,368.0
2025-01-02,301157,10:20:00.000,5,output_1,386.0
2025-01-02,301157,10:30:00.000,6,output_1,181.0
2025-01-02,301157,10:40:00.000,7,output_1,269.0
2025-01-02,301157,10:50:00.000,8,output_1,97.0
2025-01-02,301157,11:00:00.000,9,output_1,127.0
2025-01-02,301157,11:10:00.000,10,output_1,573.0
2025-01-02,301157,11:20:00.000,11,output_1,463.0
2025-01-02,301157,11:30:05.000,12,output_1,215.0
2025-01-02,301157,13:10:00.000,13,output_1,315.0
2025-01-02,301157,13:20:00.000,14,output_1,230.0
2025-01-02,301157,13:30:00.000,15,output_1,247.0
2025-01-02,301157,13:40:00.000,16,output_1,281.0
2025-01-02,301157,13:50:00.000,17,output_1,119.0
2025-01-02,301157,14:00:00.000,18,output_1,360.0
2025-01-02,301157,14:10:00.000,19,output_1,121.0
2025-01-02,301157,14:20:00.000,20,output_1,229.0
2025-01-02,301157,14:30:00.000,21,output_1,175.0
2025-01-02,301157,14:40:00.000,22,output_1,355.0
2025-01-02,301157,14:50:00.000,23,output_1,542.0
2025-01-02,301157,14:56:00.000,24,output_1,400.0
2025-01-02,301157,14:57:05.000,25,output_1,84.0
2025-01-02,301157,15:05:00.000,26,output_1,115.0
2025-01-03,000548,09:31:00.000,0,output_1,488.0
2025-01-03,000548,09:40:00.000,1,output_1,1719.0
2025-01-03,000548,09:50:00.000,2,output_1,1257.0
2025-01-03,000548,10:00:00.000,3,output_1,1177.0
2025-01-03,000548,10:10:00.000,4,output_1,584.0
2025-01-03,000548,10:20:00.000,5,output_1,550.0
2025-01-03,000548,10:30:00.000,6,output_1,743.0
2025-01-03,000548,10:40:00.000,7,output_1,354.0
2025-01-03,000548,10:50:00.000,8,output_1,370.0
2025-01-03,000548,11:00:00.000,9,output_1,199.0
2025-01-03,000548,11:10:00.000,10,output_1,276.0
2025-01-03,000548,11:20:00.000,11,output_1,310.0
2025-01-03,000548,11:30:05.000,12,output_1,171.0
2025-01-03,000548,13:10:00.000,13,output_1,300.0
2025-01-03,000548,13:20:00.000,14,output_1,332.0
2025-01-03,000548,13:30:00.000,15,output_1,328.0
2025-01-03,000548,13:40:00.000,16,output_1,478.0
2025-01-03,000548,13:50:00.000,17,output_1,278.0
2025-01-03,000548,14:00:00.000,18,output_1,336.0
2025-01-03,000548,14:10:00.000,19,output_1,472.0
2025-01-03,000548,14:20:00.000,20,output_1,445.0
2025-01-03,000548,14:30:00.000,21,output_1,581.0
2025-01-03,000548,14:40:00.000,22,output_1,516.0
2025-01-03,000548,14:50:00.000,23,output_1,728.0
2025-01-03,000548,14:56:00.000,24,output_1,571.0
2025-01-03,000548,14:57:05.000,25,output_1,68.0
2025-01-03,000548,15:05:00.000,26,output_1,48.0
2025-01-03,000677,09:31:00.000,0,output_1,329.0
2025-01-03,000677,09:40:00.000,1,output_1,1802.0
2025-01-03,000677,09:50:00.000,2,output_1,1341.0
2025-01-03,000677,10:00:00.000,3,output_1,1002.0
2025-01-03,000677,10:10:00.000,4,output_1,1101.0
2025-01-03,000677,10:20:00.000,5,output_1,747.0
2025-01-03,000677,10:30:00.000,6,output_1,976.0
2025-01-03,000677,10:40:00.000,7,output_1,750.0
2025-01-03,000677,10:50:00.000,8,output_1,520.0
2025-01-03,000677,11:00:00.000,9,output_1,345.0
2025-01-03,000677,11:10:00.000,10,output_1,357.0
2025-01-03,000677,11:20:00.000,11,output_1,253.0
2025-01-03,000677,11:30:05.000,12,output_1,449.0
2025-01-03,000677,13:10:00.000,13,output_1,732.0
2025-01-03,000677,13:20:00.000,14,output_1,713.0
2025-01-03,000677,13:30:00.000,15,output_1,468.0
2025-01-03,000677,13:40:00.000,16,output_1,654.0
2025-01-03,000677,13:50:00.000,17,output_1,484.0
2025-01-03,000677,14:00:00.000,18,output_1,522.0
2025-01-03,000677,14:10:00.000,19,output_1,761.0
2025-01-03,000677,14:20:00.000,20,output_1,694.0
2025-01-03,000677,14:30:00.000,21,output_1,758.0
2025-01-03,000677,14:40:00.000,22,output_1,674.0
2025-01-03,000677,14:50:00.000,23,output_1,626.0
2025-01-03,000677,14:56:00.000,24,output_1,636.0
2025-01-03,000677,14:57:05.000,25,output_1,130.0
2025-01-03,000677,15:05:00.000,26,output_1,53.0
2025-01-03,002079,09:31:00.000,0,output_1,608.0
2025-01-03,002079,09:40:00.000,1,output_1,1761.0
2025-01-03,002079,09:50:00.000,2,output_1,1229.0
2025-01-03,002079,10:00:00.000,3,output_1,2062.0
2025-01-03,002079,10:10:00.000,4,output_1,756.0
2025-01-03,002079,10:20:00.000,5,output_1,598.0
2025-01-03,002079,10:30:00.000,6,output_1,1112.0
2025-01-03,002079,10:40:00.000,7,output_1,549.0
2025-01-03,002079,10:50:00.000,8,output_1,340.0
2025-01-03,002079,11:00:00.000,9,output_1,156.0
2025-01-03,002079,11:10:00.000,10,output_1,265.0
2025-01-03,002079,11:20:00.000,11,output_1,223.0
2025-01-03,002079,11:30:05.000,12,output_1,172.0
2025-01-03,002079,13:10:00.000,13,output_1,425.0
2025-01-03,002079,13:20:00.000,14,output_1,397.0
2025-01-03,002079,13:30:00.000,15,output_1,627.0
2025-01-03,002079,13:40:00.000,16,output_1,347.0
2025-01-03,002079,13:50:00.000,17,output_1,689.0
2025-01-03,002079,14:00:00.000,18,output_1,751.0
2025-01-03,002079,14:10:00.000,19,output_1,814.0
2025-01-03,002079,14:20:00.000,20,output_1,1445.0
2025-01-03,002079,14:30:00.000,21,output_1,886.0
2025-01-03,002079,14:40:00.000,22,output_1,720.0
2025-01-03,002079,14:50:00.000,23,output_1,867.0
2025-01-03,002079,14:56:00.000,24,output_1,637.0
2025-01-03,002079,14:57:05.000,25,output_1,106.0
2025-01-03,002079,15:05:00.000,26,output_1,199.0
2025-01-03,002177,09:31:00.000,0,output_1,578.0
2025-01-03,002177,09:40:00.000,1,output_1,3225.0
2025-01-03,002177,09:50:00.000,2,output_1,2641.0
2025-01-03,002177,10:00:00.000,3,output_1,2331.0
2025-01-03,002177,10:10:00.000,4,output_1,1688.0
2025-01-03,002177,10:20:00.000,5,output_1,1872.0
2025-01-03,002177,10:30:00.000,6,output_1,1101.0
2025-01-03,002177,10:40:00.000,7,output_1,519.0
2025-01-03,002177,10:50:00.000,8,output_1,517.0
2025-01-03,002177,11:00:00.000,9,output_1,558.0
2025-01-03,002177,11:10:00.000,10,output_1,523.0
2025-01-03,002177,11:20:00.000,11,output_1,439.0
2025-01-03,002177,11:30:05.000,12,output_1,400.0
2025-01-03,002177,13:10:00.000,13,output_1,533.0
2025-01-03,002177,13:20:00.000,14,output_1,542.0
2025-01-03,002177,13:30:00.000,15,output_1,690.0
2025-01-03,002177,13:40:00.000,16,output_1,487.0
2025-01-03,002177,13:50:00.000,17,output_1,399.0
2025-01-03,002177,14:00:00.000,18,output_1,979.0
2025-01-03,002177,14:10:00.000,19,output_1,780.0
2025-01-03,002177,14:20:00.000,20,output_1,986.0
2025-01-03,002177,14:30:00.000,21,output_1,760.0
2025-01-03,002177,14:40:00.000,22,output_1,941.0
2025-01-03,002177,14:50:00.000,23,output_1,1009.0
2025-01-03,002177,14:56:00.000,24,output_1,1243.0
2025-01-03,002177,14:57:05.000,25,output_1,176.0
2025-01-03,002177,15:05:00.000,26,output_1,174.0
2025-01-03,002311,09:31:00.000,0,output_1,421.0
2025-01-03,002311,09:40:00.000,1,output_1,1451.0
2025-01-03,002311,09:50:00.000,2,output_1,1068.0
2025-01-03,002311,10:00:00.000,3,output_1,1052.0
2025-01-03,002311,10:10:00.000,4,output_1,1036.0
2025-01-03,002311,10:20:00.000,5,output_1,828.0
2025-01-03,002311,10:30:00.000,6,output_1,804.0
2025-01-03,002311,10:40:00.000,7,output_1,967.0
2025-01-03,002311,10:50:00.000,8,output_1,869.0
2025-01-03,002311,11:00:00.000,9,output_1,857.0
2025-01-03,002311,11:10:00.000,10,output_1,537.0
2025-01-03,002311,11:20:00.000,11,output_1,715.0
2025-01-03,002311,11:30:05.000,12,output_1,745.0
2025-01-03,002311,13:10:00.000,13,output_1,1097.0
2025-01-03,002311,13:20:00.000,14,output_1,1430.0
2025-01-03,002311,13:30:00.000,15,output_1,823.0
2025-01-03,002311,13:40:00.000,16,output_1,707.0
2025-01-03,002311,13:50:00.000,17,output_1,1099.0
2025-01-03,002311,14:00:00.000,18,output_1,871.0
2025-01-03,002311,14:10:00.000,19,output_1,926.0
2025-01-03,002311,14:20:00.000,20,output_1,822.0
2025-01-03,002311,14:30:00.000,21,output_1,1017.0
2025-01-03,002311,14:40:00.000,22,output_1,1049.0
2025-01-03,002311,14:50:00.000,23,output_1,740.0
2025-01-03,002311,14:56:00.000,24,output_1,360.0
2025-01-03,002311,14:57:05.000,25,output_1,36.0
2025-01-03,002311,15:05:00.000,26,output_1,38.0
2025-01-03,002876,09:31:00.000,0,output_1,281.0
2025-01-03,002876,09:40:00.000,1,output_1,1294.0
2025-01-03,002876,09:50:00.000,2,output_1,723.0
2025-01-03,002876,10:00:00.000,3,output_1,1081.0
2025-01-03,002876,10:10:00.000,4,output_1,477.0
2025-01-03,002876,10:20:00.000,5,output_1,384.0
2025-01-03,002876,10:30:00.000,6,output_1,332.0
2025-01-03,002876,10:40:00.000,7,output_1,284.0
2025-01-03,002876,10:50:00.000,8,output_1,235.0
2025-01-03,002876,11:00:00.000,9,output_1,300.0
2025-01-03,002876,11:10:00.000,10,output_1,252.0
2025-01-03,002876,11:20:00.000,11,output_1,188.0
2025-01-03,002876,11:30:05.000,12,output_1,131.0
2025-01-03,002876,13:10:00.000,13,output_1,463.0
2025-01-03,002876,13:20:00.000,14,output_1,268.0
2025-01-03,002876,13:30:00.000,15,output_1,286.0
2025-01-03,002876,13:40:00.000,16,output_1,322.0
2025-01-03,002876,13:50:00.000,17,output_1,409.0
2025-01-03,002876,14:00:00.000,18,output_1,544.0
2025-01-03,002876,14:10:00.000,19,output_1,607.0
2025-01-03,002876,14:20:00.000,20,output_1,821.0
2025-01-03,002876,14:30:00.000,21,output_1,614.0
2025-01-03,002876,14:40:00.000,22,output_1,656.0
2025-01-03,002876,14:50:00.000,23,output_1,536.0
2025-01-03,002876,14:56:00.000,24,output_1,283.0
2025-01-03,002876,14:57:05.000,25,output_1,55.0
2025-01-03,002876,15:05:00.000,26,output_1,52.0
2025-01-03,300967,09:31:00.000,0,output_1,170.0
2025-01-03,300967,09:40:00.000,1,output_1,1146.0
2025-01-03,300967,09:50:00.000,2,output_1,706.0
2025-01-03,300967,10:00:00.000,3,output_1,668.0
2025-01-03,300967,10:10:00.000,4,output_1,540.0
2025-01-03,300967,10:20:00.000,5,output_1,260.0
2025-01-03,300967,10:30:00.000,6,output_1,318.0
2025-01-03,300967,10:40:00.000,7,output_1,224.0
2025-01-03,300967,10:50:00.000,8,output_1,212.0
2025-01-03,300967,11:00:00.000,9,output_1,170.0
2025-01-03,300967,11:10:00.000,10,output_1,180.0
2025-01-03,300967,11:20:00.000,11,output_1,131.0
2025-01-03,300967,11:30:05.000,12,output_1,109.0
2025-01-03,300967,13:10:00.000,13,output_1,182.0
2025-01-03,300967,13:20:00.000,14,output_1,174.0
2025-01-03,300967,13:30:00.000,15,output_1,173.0
2025-01-03,300967,13:40:00.000,16,output_1,134.0
2025-01-03,300967,13:50:00.000,17,output_1,113.0
2025-01-03,300967,14:00:00.000,18,output_1,239.0
2025-01-03,300967,14:10:00.000,19,output_1,349.0
2025-01-03,300967,14:20:00.000,20,output_1,363.0
2025-01-03,300967,14:30:00.000,21,output_1,331.0
2025-01-03,300967,14:40:00.000,22,output_1,235.0
2025-01-03,300967,14:50:00.000,23,output_1,263.0
2025-01-03,300967,14:56:00.000,24,output_1,213.0
2025-01-03,300967,14:57:05.000,25,output_1,25.0
2025-01-03,300967,15:05:00.000,26,output_1,24.0
2025-01-03,301035,09:31:00.000,0,output_1,255.0
2025-01-03,301035,09:40:00.000,1,output_1,774.0
2025-01-03,301035,09:50:00.000,2,output_1,385.0
2025-01-03,301035,10:00:00.000,3,output_1,599.0
2025-01-03,301035,10:10:00.000,4,output_1,401.0
2025-01-03,301035,10:20:00.000,5,output_1,124.0
2025-01-03,301035,10:30:00.000,6,output_1,227.0
2025-01-03,301035,10:40:00.000,7,output_1,148.0
2025-01-03,301035,10:50:00.000,8,output_1,143.0
2025-01-03,301035,11:00:00.000,9,output_1,72.0
2025-01-03,301035,11:10:00.000,10,output_1,49.0
2025-01-03,301035,11:20:00.000,11,output_1,87.0
2025-01-03,301035,11:30:05.000,12,output_1,231.0
2025-01-03,301035,13:10:00.000,13,output_1,176.0
2025-01-03,301035,13:20:00.000,14,output_1,123.0
2025-01-03,301035,13:30:00.000,15,output_1,228.0
2025-01-03,301035,13:40:00.000,16,output_1,124.0
2025-01-03,301035,13:50:00.000,17,output_1,156.0
2025-01-03,301035,14:00:00.000,18,output_1,257.0
2025-01-03,301035,14:10:00.000,19,output_1,308.0
2025-01-03,301035,14:20:00.000,20,output_1,291.0
2025-01-03,301035,14:30:00.000,21,output_1,308.0
2025-01-03,301035,14:40:00.000,22,output_1,247.0
2025-01-03,301035,14:50:00.000,23,output_1,408.0
2025-01-03,301035,14:56:00.000,24,output_1,341.0
2025-01-03,301035,14:57:05.000,25,output_1,52.0
2025-01-03,301035,15:05:00.000,26,output_1,59.0
2025-01-03,301049,09:31:00.000,0,output_1,153.0
2025-01-03,301049,09:40:00.000,1,output_1,553.0
2025-01-03,301049,09:50:00.000,2,output_1,218.0
2025-01-03,301049,10:00:00.000,3,output_1,254.0
2025-01-03,301049,10:10:00.000,4,output_1,157.0
2025-01-03,301049,10:20:00.000,5,output_1,138.0
2025-01-03,301049,10:30:00.000,6,output_1,363.0
2025-01-03,301049,10:40:00.000,7,output_1,143.0
2025-01-03,301049,10:50:00.000,8,output_1,160.0
2025-01-03,301049,11:00:00.000,9,output_1,47.0
2025-01-03,301049,11:10:00.000,10,output_1,80.0
2025-01-03,301049,11:20:00.000,11,output_1,46.0
2025-01-03,301049,11:30:05.000,12,output_1,42.0
2025-01-03,301049,13:10:00.000,13,output_1,93.0
2025-01-03,301049,13:20:00.000,14,output_1,56.0
2025-01-03,301049,13:30:00.000,15,output_1,141.0
2025-01-03,301049,13:40:00.000,16,output_1,82.0
2025-01-03,301049,13:50:00.000,17,output_1,29.0
2025-01-03,301049,14:00:00.000,18,output_1,53.0
2025-01-03,301049,14:10:00.000,19,output_1,101.0
2025-01-03,301049,14:20:00.000,20,output_1,78.0
2025-01-03,301049,14:30:00.000,21,output_1,105.0
2025-01-03,301049,14:40:00.000,22,output_1,69.0
2025-01-03,301049,14:50:00.000,23,output_1,46.0
2025-01-03,301049,14:56:00.000,24,output_1,103.0
2025-01-03,301049,14:57:05.000,25,output_1,49.0
2025-01-03,301049,15:05:00.000,26,output_1,32.0
2025-01-03,301393,09:31:00.000,0,output_1,113.0
2025-01-03,301393,09:40:00.000,1,output_1,633.0
2025-01-03,301393,09:50:00.000,2,output_1,465.0
2025-01-03,301393,10:00:00.000,3,output_1,282.0
2025-01-03,301393,10:10:00.000,4,output_1,89.0
2025-01-03,301393,10:20:00.000,5,output_1,100.0
2025-01-03,301393,10:30:00.000,6,output_1,128.0
2025-01-03,301393,10:40:00.000,7,output_1,69.0
2025-01-03,301393,10:50:00.000,8,output_1,162.0
2025-01-03,301393,11:00:00.000,9,output_1,72.0
2025-01-03,301393,11:10:00.000,10,output_1,192.0
2025-01-03,301393,11:20:00.000,11,output_1,200.0
2025-01-03,301393,11:30:05.000,12,output_1,100.0
2025-01-03,301393,13:10:00.000,13,output_1,51.0
2025-01-03,301393,13:20:00.000,14,output_1,91.0
2025-01-03,301393,13:30:00.000,15,output_1,55.0
2025-01-03,301393,13:40:00.000,16,output_1,48.0
2025-01-03,301393,13:50:00.000,17,output_1,53.0
2025-01-03,301393,14:00:00.000,18,output_1,81.0
2025-01-03,301393,14:10:00.000,19,output_1,114.0
2025-01-03,301393,14:20:00.000,20,output_1,106.0
2025-01-03,301393,14:30:00.000,21,output_1,104.0
2025-01-03,301393,14:40:00.000,22,output_1,112.0
2025-01-03,301393,14:50:00.000,23,output_1,80.0
2025-01-03,301393,14:56:00.000,24,output_1,150.0
2025-01-03,301393,14:57:05.000,25,output_1,13.0
2025-01-03,301393,15:05:00.000,26,output_1,25.0
2025-01-06,000848,09:31:00.000,0,output_1,603.0
2025-01-06,000848,09:40:00.000,1,output_1,1653.0
2025-01-06,000848,09:50:00.000,2,output_1,2073.0
2025-01-06,000848,10:00:00.000,3,output_1,1101.0
2025-01-06,000848,10:10:00.000,4,output_1,1564.0
2025-01-06,000848,10:20:00.000,5,output_1,754.0
2025-01-06,000848,10:30:00.000,6,output_1,447.0
2025-01-06,000848,10:40:00.000,7,output_1,604.0
2025-01-06,000848,10:50:00.000,8,output_1,398.0
2025-01-06,000848,11:00:00.000,9,output_1,569.0
2025-01-06,000848,11:10:00.000,10,output_1,266.0
2025-01-06,000848,11:20:00.000,11,output_1,311.0
2025-01-06,000848,11:30:05.000,12,output_1,520.0
2025-01-06,000848,13:10:00.000,13,output_1,1008.0
2025-01-06,000848,13:20:00.000,14,output_1,582.0
2025-01-06,000848,13:30:00.000,15,output_1,685.0
2025-01-06,000848,13:40:00.000,16,output_1,678.0
2025-01-06,000848,13:50:00.000,17,output_1,376.0
2025-01-06,000848,14:00:00.000,18,output_1,407.0
2025-01-06,000848,14:10:00.000,19,output_1,608.0
2025-01-06,000848,14:20:00.000,20,output_1,431.0
2025-01-06,000848,14:30:00.000,21,output_1,425.0
2025-01-06,000848,14:40:00.000,22,output_1,1120.0
2025-01-06,000848,14:50:00.000,23,output_1,616.0
2025-01-06,000848,14:56:00.000,24,output_1,624.0
2025-01-06,000848,14:57:05.000,25,output_1,33.0
2025-01-06,000848,15:05:00.000,26,output_1,62.0
2025-01-06,000949,09:31:00.000,0,output_1,707.0
2025-01-06,000949,09:40:00.000,1,output_1,2287.0
2025-01-06,000949,09:50:00.000,2,output_1,1427.0
2025-01-06,000949,10:00:00.000,3,output_1,414.0
2025-01-06,000949,10:10:00.000,4,output_1,993.0
2025-01-06,000949,10:20:00.000,5,output_1,641.0
2025-01-06,000949,10:30:00.000,6,output_1,474.0
2025-01-06,000949,10:40:00.000,7,output_1,359.0
2025-01-06,000949,10:50:00.000,8,output_1,521.0
2025-01-06,000949,11:00:00.000,9,output_1,623.0
2025-01-06,000949,11:10:00.000,10,output_1,656.0
2025-01-06,000949,11:20:00.000,11,output_1,763.0
2025-01-06,000949,11:30:05.000,12,output_1,438.0
2025-01-06,000949,13:10:00.000,13,output_1,851.0
2025-01-06,000949,13:20:00.000,14,output_1,241.0
2025-01-06,000949,13:30:00.000,15,output_1,219.0
2025-01-06,000949,13:40:00.000,16,output_1,448.0
2025-01-06,000949,13:50:00.000,17,output_1,354.0
2025-01-06,000949,14:00:00.000,18,output_1,225.0
2025-01-06,000949,14:10:00.000,19,output_1,350.0
2025-01-06,000949,14:20:00.000,20,output_1,181.0
2025-01-06,000949,14:30:00.000,21,output_1,267.0
2025-01-06,000949,14:40:00.000,22,output_1,437.0
2025-01-06,000949,14:50:00.000,23,output_1,619.0
2025-01-06,000949,14:56:00.000,24,output_1,415.0
2025-01-06,000949,14:57:05.000,25,output_1,66.0
2025-01-06,000949,15:05:00.000,26,output_1,96.0
2025-01-06,002307,09:31:00.000,0,output_1,329.0
2025-01-06,002307,09:40:00.000,1,output_1,849.0
2025-01-06,002307,09:50:00.000,2,output_1,602.0
2025-01-06,002307,10:00:00.000,3,output_1,277.0
2025-01-06,002307,10:10:00.000,4,output_1,513.0
2025-01-06,002307,10:20:00.000,5,output_1,461.0
2025-01-06,002307,10:30:00.000,6,output_1,269.0
2025-01-06,002307,10:40:00.000,7,output_1,150.0
2025-01-06,002307,10:50:00.000,8,output_1,93.0
2025-01-06,002307,11:00:00.000,9,output_1,95.0
2025-01-06,002307,11:10:00.000,10,output_1,157.0
2025-01-06,002307,11:20:00.000,11,output_1,81.0
2025-01-06,002307,11:30:05.000,12,output_1,129.0
2025-01-06,002307,13:10:00.000,13,output_1,230.0
2025-01-06,002307,13:20:00.000,14,output_1,69.0
2025-01-06,002307,13:30:00.000,15,output_1,87.0
2025-01-06,002307,13:40:00.000,16,output_1,119.0
2025-01-06,002307,13:50:00.000,17,output_1,144.0
2025-01-06,002307,14:00:00.000,18,output_1,127.0
2025-01-06,002307,14:10:00.000,19,output_1,246.0
2025-01-06,002307,14:20:00.000,20,output_1,80.0
2025-01-06,002307,14:30:00.000,21,output_1,92.0
2025-01-06,002307,14:40:00.000,22,output_1,260.0
2025-01-06,002307,14:50:00.000,23,output_1,288.0
2025-01-06,002307,14:56:00.000,24,output_1,161.0
2025-01-06,002307,14:57:05.000,25,output_1,44.0
2025-01-06,002307,15:05:00.000,26,output_1,73.0
2025-01-06,300284,09:31:00.000,0,output_1,658.0
2025-01-06,300284,09:40:00.000,1,output_1,2400.0
2025-01-06,300284,09:50:00.000,2,output_1,1228.0
2025-01-06,300284,10:00:00.000,3,output_1,688.0
2025-01-06,300284,10:10:00.000,4,output_1,554.0
2025-01-06,300284,10:20:00.000,5,output_1,590.0
2025-01-06,300284,10:30:00.000,6,output_1,513.0
2025-01-06,300284,10:40:00.000,7,output_1,375.0
2025-01-06,300284,10:50:00.000,8,output_1,381.0
2025-01-06,300284,11:00:00.000,9,output_1,504.0
2025-01-06,300284,11:10:00.000,10,output_1,561.0
2025-01-06,300284,11:20:00.000,11,output_1,267.0
2025-01-06,300284,11:30:05.000,12,output_1,1067.0
2025-01-06,300284,13:10:00.000,13,output_1,632.0
2025-01-06,300284,13:20:00.000,14,output_1,309.0
2025-01-06,300284,13:30:00.000,15,output_1,418.0
2025-01-06,300284,13:40:00.000,16,output_1,500.0
2025-01-06,300284,13:50:00.000,17,output_1,375.0
2025-01-06,300284,14:00:00.000,18,output_1,309.0
2025-01-06,300284,14:10:00.000,19,output_1,404.0
2025-01-06,300284,14:20:00.000,20,output_1,252.0
2025-01-06,300284,14:30:00.000,21,output_1,320.0
2025-01-06,300284,14:40:00.000,22,output_1,731.0
2025-01-06,300284,14:50:00.000,23,output_1,596.0
2025-01-06,300284,14:56:00.000,24,output_1,350.0
2025-01-06,300284,14:57:05.000,25,output_1,68.0
2025-01-06,300284,15:05:00.000,26,output_1,62.0
2025-01-06,300329,09:31:00.000,0,output_1,214.0
2025-01-06,300329,09:40:00.000,1,output_1,698.0
2025-01-06,300329,09:50:00.000,2,output_1,892.0
2025-01-06,300329,10:00:00.000,3,output_1,367.0
2025-01-06,300329,10:10:00.000,4,output_1,325.0
2025-01-06,300329,10:20:00.000,5,output_1,249.0
2025-01-06,300329,10:30:00.000,6,output_1,250.0
2025-01-06,300329,10:40:00.000,7,output_1,209.0
2025-01-06,300329,10:50:00.000,8,output_1,205.0
2025-01-06,300329,11:00:00.000,9,output_1,119.0
2025-01-06,300329,11:10:00.000,10,output_1,123.0
2025-01-06,300329,11:20:00.000,11,output_1,68.0
2025-01-06,300329,11:30:05.000,12,output_1,270.0
2025-01-06,300329,13:10:00.000,13,output_1,251.0
2025-01-06,300329,13:20:00.000,14,output_1,120.0
2025-01-06,300329,13:30:00.000,15,output_1,64.0
2025-01-06,300329,13:40:00.000,16,output_1,109.0
2025-01-06,300329,13:50:00.000,17,output_1,114.0
2025-01-06,300329,14:00:00.000,18,output_1,169.0
2025-01-06,300329,14:10:00.000,19,output_1,233.0
2025-01-06,300329,14:20:00.000,20,output_1,48.0
2025-01-06,300329,14:30:00.000,21,output_1,129.0
2025-01-06,300329,14:40:00.000,22,output_1,139.0
2025-01-06,300329,14:50:00.000,23,output_1,239.0
2025-01-06,300329,14:56:00.000,24,output_1,89.0
2025-01-06,300329,14:57:05.000,25,output_1,36.0
2025-01-06,300329,15:05:00.000,26,output_1,23.0
2025-01-06,300584,09:31:00.000,0,output_1,326.0
2025-01-06,300584,09:40:00.000,1,output_1,1492.0
2025-01-06,300584,09:50:00.000,2,output_1,1132.0
2025-01-06,300584,10:00:00.000,3,output_1,602.0
2025-01-06,300584,10:10:00.000,4,output_1,398.0
2025-01-06,300584,10:20:00.000,5,output_1,236.0
2025-01-06,300584,10:30:00.000,6,output_1,104.0
2025-01-06,300584,10:40:00.000,7,output_1,133.0
2025-01-06,300584,10:50:00.000,8,output_1,123.0
2025-01-06,300584,11:00:00.000,9,output_1,164.0
2025-01-06,300584,11:10:00.000,10,output_1,79.0
2025-01-06,300584,11:20:00.000,11,output_1,77.0
2025-01-06,300584,11:30:05.000,12,output_1,89.0
2025-01-06,300584,13:10:00.000,13,output_1,117.0
2025-01-06,300584,13:20:00.000,14,output_1,135.0
2025-01-06,300584,13:30:00.000,15,output_1,91.0
2025-01-06,300584,13:40:00.000,16,output_1,104.0
2025-01-06,300584,13:50:00.000,17,output_1,72.0
2025-01-06,300584,14:00:00.000,18,output_1,172.0
2025-01-06,300584,14:10:00.000,19,output_1,114.0
2025-01-06,300584,14:20:00.000,20,output_1,56.0
2025-01-06,300584,14:30:00.000,21,output_1,96.0
2025-01-06,300584,14:40:00.000,22,output_1,107.0
2025-01-06,300584,14:50:00.000,23,output_1,310.0
2025-01-06,300584,14:56:00.000,24,output_1,206.0
2025-01-06,300584,14:57:05.000,25,output_1,89.0
2025-01-06,300584,15:05:00.000,26,output_1,95.0
2025-01-06,300947,09:31:00.000,0,output_1,832.0
2025-01-06,300947,09:40:00.000,1,output_1,2121.0
2025-01-06,300947,09:50:00.000,2,output_1,1728.0
2025-01-06,300947,10:00:00.000,3,output_1,731.0
2025-01-06,300947,10:10:00.000,4,output_1,1157.0
2025-01-06,300947,10:20:00.000,5,output_1,510.0
2025-01-06,300947,10:30:00.000,6,output_1,494.0
2025-01-06,300947,10:40:00.000,7,output_1,537.0
2025-01-06,300947,10:50:00.000,8,output_1,585.0
2025-01-06,300947,11:00:00.000,9,output_1,342.0
2025-01-06,300947,11:10:00.000,10,output_1,640.0
2025-01-06,300947,11:20:00.000,11,output_1,273.0
2025-01-06,300947,11:30:05.000,12,output_1,495.0
2025-01-06,300947,13:10:00.000,13,output_1,468.0
2025-01-06,300947,13:20:00.000,14,output_1,257.0
2025-01-06,300947,13:30:00.000,15,output_1,514.0
2025-01-06,300947,13:40:00.000,16,output_1,322.0
2025-01-06,300947,13:50:00.000,17,output_1,477.0
2025-01-06,300947,14:00:00.000,18,output_1,416.0
2025-01-06,300947,14:10:00.000,19,output_1,537.0
2025-01-06,300947,14:20:00.000,20,output_1,546.0
2025-01-06,300947,14:30:00.000,21,output_1,298.0
2025-01-06,300947,14:40:00.000,22,output_1,846.0
2025-01-06,300947,14:50:00.000,23,output_1,683.0
2025-01-06,300947,14:56:00.000,24,output_1,761.0
2025-01-06,300947,14:57:05.000,25,output_1,199.0
2025-01-06,300947,15:05:00.000,26,output_1,301.0
2025-01-06,301005,09:31:00.000,0,output_1,158.0
2025-01-06,301005,09:40:00.000,1,output_1,630.0
2025-01-06,301005,09:50:00.000,2,output_1,251.0
2025-01-06,301005,10:00:00.000,3,output_1,162.0
2025-01-06,301005,10:10:00.000,4,output_1,206.0
2025-01-06,301005,10:20:00.000,5,output_1,121.0
2025-01-06,301005,10:30:00.000,6,output_1,97.0
2025-01-06,301005,10:40:00.000,7,output_1,170.0
2025-01-06,301005,10:50:00.000,8,output_1,81.0
2025-01-06,301005,11:00:00.000,9,output_1,66.0
2025-01-06,301005,11:10:00.000,10,output_1,72.0
2025-01-06,301005,11:20:00.000,11,output_1,71.0
2025-01-06,301005,11:30:05.000,12,output_1,128.0
2025-01-06,301005,13:10:00.000,13,output_1,102.0
2025-01-06,301005,13:20:00.000,14,output_1,28.0
2025-01-06,301005,13:30:00.000,15,output_1,41.0
2025-01-06,301005,13:40:00.000,16,output_1,66.0
2025-01-06,301005,13:50:00.000,17,output_1,73.0
2025-01-06,301005,14:00:00.000,18,output_1,149.0
2025-01-06,301005,14:10:00.000,19,output_1,85.0
2025-01-06,301005,14:20:00.000,20,output_1,34.0
2025-01-06,301005,14:30:00.000,21,output_1,36.0
2025-01-06,301005,14:40:00.000,22,output_1,47.0
2025-01-06,301005,14:50:00.000,23,output_1,91.0
2025-01-06,301005,14:56:00.000,24,output_1,57.0
2025-01-06,301005,14:57:05.000,25,output_1,11.0
2025-01-06,301005,15:05:00.000,26,output_1,100.0
2025-01-06,301552,09:31:00.000,0,output_1,194.0
2025-01-06,301552,09:40:00.000,1,output_1,532.0
2025-01-06,301552,09:50:00.000,2,output_1,282.0
2025-01-06,301552,10:00:00.000,3,output_1,158.0
2025-01-06,301552,10:10:00.000,4,output_1,236.0
2025-01-06,301552,10:20:00.000,5,output_1,95.0
2025-01-06,301552,10:30:00.000,6,output_1,150.0
2025-01-06,301552,10:40:00.000,7,output_1,120.0
2025-01-06,301552,10:50:00.000,8,output_1,121.0
2025-01-06,301552,11:00:00.000,9,output_1,97.0
2025-01-06,301552,11:10:00.000,10,output_1,89.0
2025-01-06,301552,11:20:00.000,11,output_1,103.0
2025-01-06,301552,11:30:05.000,12,output_1,77.0
2025-01-06,301552,13:10:00.000,13,output_1,126.0
2025-01-06,301552,13:20:00.000,14,output_1,61.0
2025-01-06,301552,13:30:00.000,15,output_1,104.0
2025-01-06,301552,13:40:00.000,16,output_1,191.0
2025-01-06,301552,13:50:00.000,17,output_1,190.0
2025-01-06,301552,14:00:00.000,18,output_1,96.0
2025-01-06,301552,14:10:00.000,19,output_1,145.0
2025-01-06,301552,14:20:00.000,20,output_1,51.0
2025-01-06,301552,14:30:00.000,21,output_1,86.0
2025-01-06,301552,14:40:00.000,22,output_1,174.0
2025-01-06,301552,14:50:00.000,23,output_1,161.0
2025-01-06,301552,14:56:00.000,24,output_1,134.0
2025-01-06,301552,14:57:05.000,25,output_1,27.0
2025-01-06,301552,15:05:00.000,26,output_1,62.0
2025-01-06,301578,09:31:00.000,0,output_1,159.0
2025-01-06,301578,09:40:00.000,1,output_1,531.0
2025-01-06,301578,09:50:00.000,2,output_1,216.0
2025-01-06,301578,10:00:00.000,3,output_1,227.0
2025-01-06,301578,10:10:00.000,4,output_1,239.0
2025-01-06,301578,10:20:00.000,5,output_1,207.0
2025-01-06,301578,10:30:00.000,6,output_1,136.0
2025-01-06,301578,10:40:00.000,7,output_1,234.0
2025-01-06,301578,10:50:00.000,8,output_1,173.0
2025-01-06,301578,11:00:00.000,9,output_1,119.0
2025-01-06,301578,11:10:00.000,10,output_1,74.0
2025-01-06,301578,11:20:00.000,11,output_1,40.0
2025-01-06,301578,11:30:05.000,12,output_1,130.0
2025-01-06,301578,13:10:00.000,13,output_1,91.0
2025-01-06,301578,13:20:00.000,14,output_1,73.0
2025-01-06,301578,13:30:00.000,15,output_1,67.0
2025-01-06,301578,13:40:00.000,16,output_1,70.0
2025-01-06,301578,13:50:00.000,17,output_1,127.0
2025-01-06,301578,14:00:00.000,18,output_1,91.0
2025-01-06,301578,14:10:00.000,19,output_1,137.0
2025-01-06,301578,14:20:00.000,20,output_1,71.0
2025-01-06,301578,14:30:00.000,21,output_1,102.0
2025-01-06,301578,14:40:00.000,22,output_1,168.0
2025-01-06,301578,14:50:00.000,23,output_1,156.0
2025-01-06,301578,14:56:00.000,24,output_1,82.0
2025-01-06,301578,14:57:05.000,25,output_1,17.0
2025-01-06,301578,15:05:00.000,26,output_1,20.0
2025-01-02,000690,09:31:00.000,0,output_2,2486.0
2025-01-02,000690,09:40:00.000,1,output_2,5773.0
2025-01-02,000690,09:50:00.000,2,output_2,8222.0
2025-01-02,000690,10:00:00.000,3,output_2,10022.0
2025-01-02,000690,10:10:00.000,4,output_2,12656.0
2025-01-02,000690,10:20:00.000,5,output_2,15439.0
2025-01-02,000690,10:30:00.000,6,output_2,17359.0
2025-01-02,000690,10:40:00.000,7,output_2,18820.0
2025-01-02,000690,10:50:00.000,8,output_2,21236.0
2025-01-02,000690,11:00:00.000,9,output_2,21993.0
2025-01-02,000690,11:10:00.000,10,output_2,24092.0
2025-01-02,000690,11:20:00.000,11,output_2,25595.0
2025-01-02,000690,11:30:05.000,12,output_2,27386.0
2025-01-02,000690,13:10:00.000,13,output_2,29865.0
2025-01-02,000690,13:20:00.000,14,output_2,32182.0
2025-01-02,000690,13:30:00.000,15,output_2,34503.0
2025-01-02,000690,13:40:00.000,16,output_2,36513.0
2025-01-02,000690,13:50:00.000,17,output_2,38517.0
2025-01-02,000690,14:00:00.000,18,output_2,41155.0
2025-01-02,000690,14:10:00.000,19,output_2,42838.0
2025-01-02,000690,14:20:00.000,20,output_2,44968.0
2025-01-02,000690,14:30:00.000,21,output_2,46988.0
2025-01-02,000690,14:40:00.000,22,output_2,49866.0
2025-01-02,000690,14:50:00.000,23,output_2,52509.0
2025-01-02,000690,14:56:00.000,24,output_2,54130.0
2025-01-02,000690,14:57:05.000,25,output_2,54363.0
2025-01-02,000690,15:05:00.000,26,output_2,54645.0
2025-01-02,001389,09:31:00.000,0,output_2,2249.0
2025-01-02,001389,09:40:00.000,1,output_2,6718.0
2025-01-02,001389,09:50:00.000,2,output_2,9311.0
2025-01-02,001389,10:00:00.000,3,output_2,11596.0
2025-01-02,001389,10:10:00.000,4,output_2,13377.0
2025-01-02,001389,10:20:00.000,5,output_2,15408.0
2025-01-02,001389,10:30:00.000,6,output_2,16630.0
2025-01-02,001389,10:40:00.000,7,output_2,17897.0
2025-01-02,001389,10:50:00.000,8,output_2,19491.0
2025-01-02,001389,11:00:00.000,9,output_2,21844.0
2025-01-02,001389,11:10:00.000,10,output_2,24204.0
2025-01-02,001389,11:20:00.000,11,output_2,26624.0
2025-01-02,001389,11:30:05.000,12,output_2,27654.0
2025-01-02,001389,13:10:00.000,13,output_2,29082.0
2025-01-02,001389,13:20:00.000,14,output_2,29790.0
2025-01-02,001389,13:30:00.000,15,output_2,30635.0
2025-01-02,001389,13:40:00.000,16,output_2,32621.0
2025-01-02,001389,13:50:00.000,17,output_2,34785.0
2025-01-02,001389,14:00:00.000,18,output_2,36849.0
2025-01-02,001389,14:10:00.000,19,output_2,39418.0
2025-01-02,001389,14:20:00.000,20,output_2,41637.0
2025-01-02,001389,14:30:00.000,21,output_2,43147.0
2025-01-02,001389,14:40:00.000,22,output_2,45388.0
2025-01-02,001389,14:50:00.000,23,output_2,47440.0
2025-01-02,001389,14:56:00.000,24,output_2,49294.0
2025-01-02,001389,14:57:05.000,25,output_2,49780.0
2025-01-02,001389,15:05:00.000,26,output_2,50000.0
2025-01-02,002782,09:31:00.000,0,output_2,2290.0
2025-01-02,002782,09:40:00.000,1,output_2,8278.0
2025-01-02,002782,09:50:00.000,2,output_2,11432.0
2025-01-02,002782,10:00:00.000,3,output_2,14526.0
2025-01-02,002782,10:10:00.000,4,output_2,16453.0
2025-01-02,002782,10:20:00.000,5,output_2,18400.0
2025-01-02,002782,10:30:00.000,6,output_2,20099.0
2025-01-02,002782,10:40:00.000,7,output_2,22153.0
2025-01-02,002782,10:50:00.000,8,output_2,24812.0
2025-01-02,002782,11:00:00.000,9,output_2,27880.0
2025-01-02,002782,11:10:00.000,10,output_2,29294.0
2025-01-02,002782,11:20:00.000,11,output_2,30818.0
2025-01-02,002782,11:30:05.000,12,output_2,32269.0
2025-01-02,002782,13:10:00.000,13,output_2,33452.0
2025-01-02,002782,13:20:00.000,14,output_2,34526.0
2025-01-02,002782,13:30:00.000,15,output_2,36226.0
2025-01-02,002782,13:40:00.000,16,output_2,37910.0
2025-01-02,002782,13:50:00.000,17,output_2,39250.0
2025-01-02,002782,14:00:00.000,18,output_2,40786.0
2025-01-02,002782,14:10:00.000,19,output_2,42354.0
2025-01-02,002782,14:20:00.000,20,output_2,45479.0
2025-01-02,002782,14:30:00.000,21,output_2,48201.0
2025-01-02,002782,14:40:00.000,22,output_2,51111.0
2025-01-02,002782,14:50:00.000,23,output_2,54206.0
2025-01-02,002782,14:56:00.000,24,output_2,55768.0
2025-01-02,002782,14:57:05.000,25,output_2,56103.0
2025-01-02,002782,15:05:00.000,26,output_2,56317.0
2025-01-02,002852,09:31:00.000,0,output_2,1224.0
2025-01-02,002852,09:40:00.000,1,output_2,5457.0
2025-01-02,002852,09:50:00.000,2,output_2,8918.0
2025-01-02,002852,10:00:00.000,3,output_2,11739.0
2025-01-02,002852,10:10:00.000,4,output_2,14881.0
2025-01-02,002852,10:20:00.000,5,output_2,16928.0
2025-01-02,002852,10:30:00.000,6,output_2,18998.0
2025-01-02,002852,10:40:00.000,7,output_2,21498.0
2025-01-02,002852,10:50:00.000,8,output_2,23235.0
2025-01-02,002852,11:00:00.000,9,output_2,24374.0
2025-01-02,002852,11:10:00.000,10,output_2,25563.0
2025-01-02,002852,11:20:00.000,11,output_2,26676.0
2025-01-02,002852,11:30:05.000,12,output_2,27474.0
2025-01-02,002852,13:10:00.000,13,output_2,28465.0
2025-01-02,002852,13:20:00.000,14,output_2,30201.0
2025-01-02,002852,13:30:00.000,15,output_2,31837.0
2025-01-02,002852,13:40:00.000,16,output_2,33032.0
2025-01-02,002852,13:50:00.000,17,output_2,34479.0
2025-01-02,002852,14:00:00.000,18,output_2,35959.0
2025-01-02,002852,14:10:00.000,19,output_2,37685.0
2025-01-02,002852,14:20:00.000,20,output_2,39648.0
2025-01-02,002852,14:30:00.000,21,output_2,41632.0
2025-01-02,002852,14:40:00.000,22,output_2,44267.0
2025-01-02,002852,14:50:00.000,23,output_2,46989.0
2025-01-02,002852,14:56:00.000,24,output_2,48351.0
2025-01-02,002852,14:57:05.000,25,output_2,48571.0
2025-01-02,002852,15:05:00.000,26,output_2,48656.0
2025-01-02,300046,09:31:00.000,0,output_2,4570.0
2025-01-02,300046,09:40:00.000,1,output_2,26134.0
2025-01-02,300046,09:50:00.000,2,output_2,36832.0
2025-01-02,300046,10:00:00.000,3,output_2,44697.0
2025-01-02,300046,10:10:00.000,4,output_2,51397.0
2025-01-02,300046,10:20:00.000,5,output_2,55664.0
2025-01-02,300046,10:30:00.000,6,output_2,59863.0
2025-01-02,300046,10:40:00.000,7,output_2,63540.0
2025-01-02,300046,10:50:00.000,8,output_2,68117.0
2025-01-02,300046,11:00:00.000,9,output_2,71007.0
2025-01-02,300046,11:10:00.000,10,output_2,73950.0
2025-01-02,300046,11:20:00.000,11,output_2,77822.0
2025-01-02,300046,11:30:05.000,12,output_2,80330.0
2025-01-02,300046,13:10:00.000,13,output_2,86293.0
2025-01-02,300046,13:20:00.000,14,output_2,93500.0
2025-01-02,300046,13:30:00.000,15,output_2,102086.0
2025-01-02,300046,13:40:00.000,16,output_2,106848.0
2025-01-02,300046,13:50:00.000,17,output_2,110636.0
2025-01-02,300046,14:00:00.000,18,output_2,116013.0
2025-01-02,300046,14:10:00.000,19,output_2,120156.0
2025-01-02,300046,14:20:00.000,20,output_2,126739.0
2025-01-02,300046,14:30:00.000,21,output_2,131305.0
2025-01-02,300046,14:40:00.000,22,output_2,137753.0
2025-01-02,300046,14:50:00.000,23,output_2,145548.0
2025-01-02,300046,14:56:00.000,24,output_2,150112.0
2025-01-02,300046,14:57:05.000,25,output_2,151881.0
2025-01-02,300046,15:05:00.000,26,output_2,152900.0
2025-01-02,300100,09:31:00.000,0,output_2,3773.0
2025-01-02,300100,09:40:00.000,1,output_2,13869.0
2025-01-02,300100,09:50:00.000,2,output_2,20791.0
2025-01-02,300100,10:00:00.000,3,output_2,28376.0
2025-01-02,300100,10:10:00.000,4,output_2,34826.0
2025-01-02,300100,10:20:00.000,5,output_2,42935.0
2025-01-02,300100,10:30:00.000,6,output_2,48499.0
2025-01-02,300100,10:40:00.000,7,output_2,57995.0
2025-01-02,300100,10:50:00.000,8,output_2,67219.0
2025-01-02,300100,11:00:00.000,9,output_2,82698.0
2025-01-02,300100,11:10:00.000,10,output_2,89664.0
2025-01-02,300100,11:20:00.000,11,output_2,94712.0
2025-01-02,300100,11:30:05.000,12,output_2,97790.0
2025-01-02,300100,13:10:00.000,13,output_2,101494.0
2025-01-02,300100,13:20:00.000,14,output_2,105694.0
2025-01-02,300100,13:30:00.000,15,output_2,110952.0
2025-01-02,300100,13:40:00.000,16,output_2,115818.0
2025-01-02,300100,13:50:00.000,17,output_2,118499.0
2025-01-02,300100,14:00:00.000,18,output_2,124887.0
2025-01-02,300100,14:10:00.000,19,output_2,127928.0
2025-01-02,300100,14:20:00.000,20,output_2,134492.0
2025-01-02,300100,14:30:00.000,21,output_2,138752.0
2025-01-02,300100,14:40:00.000,22,output_2,143717.0
2025-01-02,300100,14:50:00.000,23,output_2,151233.0
2025-01-02,300100,14:56:00.000,24,output_2,155937.0
2025-01-02,300100,14:57:05.000,25,output_2,156580.0
2025-01-02,300100,15:05:00.000,26,output_2,157405.0
2025-01-02,300214,09:31:00.000,0,output_2,587.0
2025-01-02,300214,09:40:00.000,1,output_2,2515.0
2025-01-02,300214,09:50:00.000,2,output_2,4347.0
2025-01-02,300214,10:00:00.000,3,output_2,5762.0
2025-01-02,300214,10:10:00.000,4,output_2,6966.0
2025-01-02,300214,10:20:00.000,5,output_2,8104.0
2025-01-02,300214,10:30:00.000,6,output_2,8977.0
2025-01-02,300214,10:40:00.000,7,output_2,10031.0
2025-01-02,300214,10:50:00.000,8,output_2,10826.0
2025-01-02,300214,11:00:00.000,9,output_2,11488.0
2025-01-02,300214,11:10:00.000,10,output_2,17892.0
2025-01-02,300214,11:20:00.000,11,output_2,21995.0
2025-01-02,300214,11:30:05.000,12,output_2,25878.0
2025-01-02,300214,13:10:00.000,13,output_2,28620.0
2025-01-02,300214,13:20:00.000,14,output_2,30158.0
2025-01-02,300214,13:30:00.000,15,output_2,31361.0
2025-01-02,300214,13:40:00.000,16,output_2,32993.0
2025-01-02,300214,13:50:00.000,17,output_2,34126.0
2025-01-02,300214,14:00:00.000,18,output_2,35398.0
2025-01-02,300214,14:10:00.000,19,output_2,36451.0
2025-01-02,300214,14:20:00.000,20,output_2,37509.0
2025-01-02,300214,14:30:00.000,21,output_2,38427.0
2025-01-02,300214,14:40:00.000,22,output_2,39607.0
2025-01-02,300214,14:50:00.000,23,output_2,42187.0
2025-01-02,300214,14:56:00.000,24,output_2,44055.0
2025-01-02,300214,14:57:05.000,25,output_2,44345.0
2025-01-02,300214,15:05:00.000,26,output_2,44659.0
2025-01-02,300779,09:31:00.000,0,output_2,1010.0
2025-01-02,300779,09:40:00.000,1,output_2,5292.0
2025-01-02,300779,09:50:00.000,2,output_2,7785.0
2025-01-02,300779,10:00:00.000,3,output_2,9589.0
2025-01-02,300779,10:10:00.000,4,output_2,13636.0
2025-01-02,300779,10:20:00.000,5,output_2,15593.0
2025-01-02,300779,10:30:00.000,6,output_2,17165.0
2025-01-02,300779,10:40:00.000,7,output_2,18032.0
2025-01-02,300779,10:50:00.000,8,output_2,18630.0
2025-01-02,300779,11:00:00.000,9,output_2,19213.0
2025-01-02,300779,11:10:00.000,10,output_2,19913.0
2025-01-02,300779,11:20:00.000,11,output_2,20909.0
2025-01-02,300779,11:30:05.000,12,output_2,21291.0
2025-01-02,300779,13:10:00.000,13,output_2,22013.0
2025-01-02,300779,13:20:00.000,14,output_2,22998.0
2025-01-02,300779,13:30:00.000,15,output_2,23558.0
2025-01-02,300779,13:40:00.000,16,output_2,24065.0
2025-01-02,300779,13:50:00.000,17,output_2,24550.0
2025-01-02,300779,14:00:00.000,18,output_2,25852.0
2025-01-02,300779,14:10:00.000,19,output_2,26550.0
2025-01-02,300779,14:20:00.000,20,output_2,27125.0
2025-01-02,300779,14:30:00.000,21,output_2,28331.0
2025-01-02,300779,14:40:00.000,22,output_2,29668.0
2025-01-02,300779,14:50:00.000,23,output_2,30477.0
2025-01-02,300779,14:56:00.000,24,output_2,31283.0
2025-01-02,300779,14:57:05.000,25,output_2,31396.0
2025-01-02,300779,15:05:00.000,26,output_2,31533.0
2025-01-02,300816,09:31:00.000,0,output_2,2258.0
2025-01-02,300816,09:40:00.000,1,output_2,4621.0
2025-01-02,300816,09:50:00.000,2,output_2,5806.0
2025-01-02,300816,10:00:00.000,3,output_2,7328.0
2025-01-02,300816,10:10:00.000,4,output_2,8337.0
2025-01-02,300816,10:20:00.000,5,output_2,9412.0
2025-01-02,300816,10:30:00.000,6,output_2,10271.0
2025-01-02,300816,10:40:00.000,7,output_2,11011.0
2025-01-02,300816,10:50:00.000,8,output_2,11616.0
2025-01-02,300816,11:00:00.000,9,output_2,12181.0
2025-01-02,300816,11:10:00.000,10,output_2,12692.0
2025-01-02,300816,11:20:00.000,11,output_2,13415.0
2025-01-02,300816,11:30:05.000,12,output_2,13756.0
2025-01-02,300816,13:10:00.000,13,output_2,14336.0
2025-01-02,300816,13:20:00.000,14,output_2,14971.0
2025-01-02,300816,13:30:00.000,15,output_2,15474.0
2025-01-02,300816,13:40:00.000,16,output_2,16061.0
2025-01-02,300816,13:50:00.000,17,output_2,16550.0
2025-01-02,300816,14:00:00.000,18,output_2,17227.0
2025-01-02,300816,14:10:00.000,19,output_2,18083.0
2025-01-02,300816,14:20:00.000,20,output_2,18819.0
2025-01-02,300816,14:30:00.000,21,output_2,19480.0
2025-01-02,300816,14:40:00.000,22,output_2,20386.0
2025-01-02,300816,14:50:00.000,23,output_2,21667.0
2025-01-02,300816,14:56:00.000,24,output_2,22229.0
2025-01-02,300816,14:57:05.000,25,output_2,22442.0
2025-01-02,300816,15:05:00.000,26,output_2,22510.0
2025-01-02,301157,09:31:00.000,0,output_2,1109.0
2025-01-02,301157,09:40:00.000,1,output_2,3882.0
2025-01-02,301157,09:50:00.000,2,output_2,5577.0
2025-01-02,301157,10:00:00.000,3,output_2,6840.0
2025-01-02,301157,10:10:00.000,4,output_2,7938.0
2025-01-02,301157,10:20:00.000,5,output_2,9527.0
2025-01-02,301157,10:30:00.000,6,output_2,10336.0
2025-01-02,301157,10:40:00.000,7,output_2,11143.0
2025-01-02,301157,10:50:00.000,8,output_2,11626.0
2025-01-02,301157,11:00:00.000,9,output_2,12102.0
2025-01-02,301157,11:10:00.000,10,output_2,14384.0
2025-01-02,301157,11:20:00.000,11,output_2,16461.0
2025-01-02,301157,11:30:05.000,12,output_2,17327.0
2025-01-02,301157,13:10:00.000,13,output_2,18664.0
2025-01-02,301157,13:20:00.000,14,output_2,19382.0
2025-01-02,301157,13:30:00.000,15,output_2,20349.0
2025-01-02,301157,13:40:00.000,16,output_2,21224.0
2025-01-02,301157,13:50:00.000,17,output_2,21791.0
2025-01-02,301157,14:00:00.000,18,output_2,22807.0
2025-01-02,301157,14:10:00.000,19,output_2,23339.0
2025-01-02,301157,14:20:00.000,20,output_2,24060.0
2025-01-02,301157,14:30:00.000,21,output_2,24649.0
2025-01-02,301157,14:40:00.000,22,output_2,25727.0
2025-01-02,301157,14:50:00.000,23,output_2,27323.0
2025-01-02,301157,14:56:00.000,24,output_2,28461.0
2025-01-02,301157,14:57:05.000,25,output_2,28765.0
2025-01-02,301157,15:05:00.000,26,output_2,29112.0
2025-01-03,000548,09:31:00.000,0,output_2,1577.0
2025-01-03,000548,09:40:00.000,1,output_2,9130.0
2025-01-03,000548,09:50:00.000,2,output_2,13359.0
2025-01-03,000548,10:00:00.000,3,output_2,17264.0
2025-01-03,000548,10:10:00.000,4,output_2,19907.0
2025-01-03,000548,10:20:00.000,5,output_2,21710.0
2025-01-03,000548,10:30:00.000,6,output_2,23745.0
2025-01-03,000548,10:40:00.000,7,output_2,25447.0
2025-01-03,000548,10:50:00.000,8,output_2,26758.0
2025-01-03,000548,11:00:00.000,9,output_2,27496.0
2025-01-03,000548,11:10:00.000,10,output_2,28699.0
2025-01-03,000548,11:20:00.000,11,output_2,30066.0
2025-01-03,000548,11:30:05.000,12,output_2,31093.0
2025-01-03,000548,13:10:00.000,13,output_2,32559.0
2025-01-03,000548,13:20:00.000,14,output_2,34075.0
2025-01-03,000548,13:30:00.000,15,output_2,35050.0
2025-01-03,000548,13:40:00.000,16,output_2,36741.0
2025-01-03,000548,13:50:00.000,17,output_2,37987.0
2025-01-03,000548,14:00:00.000,18,output_2,39512.0
2025-01-03,000548,14:10:00.000,19,output_2,41501.0
2025-01-03,000548,14:20:00.000,20,output_2,43547.0
2025-01-03,000548,14:30:00.000,21,output_2,45458.0
2025-01-03,000548,14:40:00.000,22,output_2,47762.0
2025-01-03,000548,14:50:00.000,23,output_2,50514.0
2025-01-03,000548,14:56:00.000,24,output_2,52301.0
2025-01-03,000548,14:57:05.000,25,output_2,52657.0
2025-01-03,000548,15:05:00.000,26,output_2,52805.0
2025-01-03,000677,09:31:00.000,0,output_2,1438.0
2025-01-03,000677,09:40:00.000,1,output_2,8637.0
2025-01-03,000677,09:50:00.000,2,output_2,14198.0
2025-01-03,000677,10:00:00.000,3,output_2,17884.0
2025-01-03,000677,10:10:00.000,4,output_2,22660.0
2025-01-03,000677,10:20:00.000,5,output_2,24933.0
2025-01-03,000677,10:30:00.000,6,output_2,27360.0
2025-01-03,000677,10:40:00.000,7,output_2,29865.0
2025-01-03,000677,10:50:00.000,8,output_2,31207.0
2025-01-03,000677,11:00:00.000,9,output_2,32210.0
2025-01-03,000677,11:10:00.000,10,output_2,33447.0
2025-01-03,000677,11:20:00.000,11,output_2,34416.0
2025-01-03,000677,11:30:05.000,12,output_2,36846.0
2025-01-03,000677,13:10:00.000,13,output_2,39087.0
2025-01-03,000677,13:20:00.000,14,output_2,41718.0
2025-01-03,000677,13:30:00.000,15,output_2,43337.0
2025-01-03,000677,13:40:00.000,16,output_2,46090.0
2025-01-03,000677,13:50:00.000,17,output_2,48479.0
2025-01-03,000677,14:00:00.000,18,output_2,50510.0
2025-01-03,000677,14:10:00.000,19,output_2,53542.0
2025-01-03,000677,14:20:00.000,20,output_2,56401.0
2025-01-03,000677,14:30:00.000,21,output_2,58996.0
2025-01-03,000677,14:40:00.000,22,output_2,61751.0
2025-01-03,000677,14:50:00.000,23,output_2,64215.0
2025-01-03,000677,14:56:00.000,24,output_2,66431.0
2025-01-03,000677,14:57:05.000,25,output_2,66857.0
2025-01-03,000677,15:05:00.000,26,output_2,67019.0
2025-01-03,002079,09:31:00.000,0,output_2,1973.0
2025-01-03,002079,09:40:00.000,1,output_2,10027.0
2025-01-03,002079,09:50:00.000,2,output_2,14550.0
2025-01-03,002079,10:00:00.000,3,output_2,20211.0
2025-01-03,002079,10:10:00.000,4,output_2,22850.0
2025-01-03,002079,10:20:00.000,5,output_2,24590.0
2025-01-03,002079,10:30:00.000,6,output_2,27833.0
2025-01-03,002079,10:40:00.000,7,output_2,30085.0
2025-01-03,002079,10:50:00.000,8,output_2,31076.0
2025-01-03,002079,11:00:00.000,9,output_2,31710.0
2025-01-03,002079,11:10:00.000,10,output_2,32667.0
2025-01-03,002079,11:20:00.000,11,output_2,33526.0
2025-01-03,002079,11:30:05.000,12,output_2,34635.0
2025-01-03,002079,13:10:00.000,13,output_2,36419.0
2025-01-03,002079,13:20:00.000,14,output_2,37857.0
2025-01-03,002079,13:30:00.000,15,output_2,39591.0
2025-01-03,002079,13:40:00.000,16,output_2,41517.0
2025-01-03,002079,13:50:00.000,17,output_2,43554.0
2025-01-03,002079,14:00:00.000,18,output_2,46452.0
2025-01-03,002079,14:10:00.000,19,output_2,49274.0
2025-01-03,002079,14:20:00.000,20,output_2,53975.0
2025-01-03,002079,14:30:00.000,21,output_2,57062.0
2025-01-03,002079,14:40:00.000,22,output_2,60283.0
2025-01-03,002079,14:50:00.000,23,output_2,63604.0
2025-01-03,002079,14:56:00.000,24,output_2,65638.0
2025-01-03,002079,14:57:05.000,25,output_2,65997.0
2025-01-03,002079,15:05:00.000,26,output_2,66444.0
2025-01-03,002177,09:31:00.000,0,output_2,2564.0
2025-01-03,002177,09:40:00.000,1,output_2,15063.0
2025-01-03,002177,09:50:00.000,2,output_2,24651.0
2025-01-03,002177,10:00:00.000,3,output_2,32718.0
2025-01-03,002177,10:10:00.000,4,output_2,39707.0
2025-01-03,002177,10:20:00.000,5,output_2,46451.0
2025-01-03,002177,10:30:00.000,6,output_2,51424.0
2025-01-03,002177,10:40:00.000,7,output_2,54468.0
2025-01-03,002177,10:50:00.000,8,output_2,56488.0
2025-01-03,002177,11:00:00.000,9,output_2,58324.0
2025-01-03,002177,11:10:00.000,10,output_2,60163.0
2025-01-03,002177,11:20:00.000,11,output_2,61784.0
2025-01-03,002177,11:30:05.000,12,output_2,64071.0
2025-01-03,002177,13:10:00.000,13,output_2,66503.0
2025-01-03,002177,13:20:00.000,14,output_2,69607.0
2025-01-03,002177,13:30:00.000,15,output_2,72698.0
2025-01-03,002177,13:40:00.000,16,output_2,75734.0
2025-01-03,002177,13:50:00.000,17,output_2,78098.0
2025-01-03,002177,14:00:00.000,18,output_2,82212.0
2025-01-03,002177,14:10:00.000,19,output_2,85612.0
2025-01-03,002177,14:20:00.000,20,output_2,89372.0
2025-01-03,002177,14:30:00.000,21,output_2,92749.0
2025-01-03,002177,14:40:00.000,22,output_2,96924.0
2025-01-03,002177,14:50:00.000,23,output_2,101043.0
2025-01-03,002177,14:56:00.000,24,output_2,105123.0
2025-01-03,002177,14:57:05.000,25,output_2,105862.0
2025-01-03,002177,15:05:00.000,26,output_2,106370.0
2025-01-03,002311,09:31:00.000,0,output_2,2551.0
2025-01-03,002311,09:40:00.000,1,output_2,7633.0
2025-01-03,002311,09:50:00.000,2,output_2,11471.0
2025-01-03,002311,10:00:00.000,3,output_2,15211.0
2025-01-03,002311,10:10:00.000,4,output_2,18695.0
2025-01-03,002311,10:20:00.000,5,output_2,21479.0
2025-01-03,002311,10:30:00.000,6,output_2,24042.0
2025-01-03,002311,10:40:00.000,7,output_2,27098.0
2025-01-03,002311,10:50:00.000,8,output_2,29800.0
2025-01-03,002311,11:00:00.000,9,output_2,32416.0
2025-01-03,002311,11:10:00.000,10,output_2,34187.0
2025-01-03,002311,11:20:00.000,11,output_2,36687.0
2025-01-03,002311,11:30:05.000,12,output_2,39215.0
2025-01-03,002311,13:10:00.000,13,output_2,42760.0
2025-01-03,002311,13:20:00.000,14,output_2,47151.0
2025-01-03,002311,13:30:00.000,15,output_2,49769.0
2025-01-03,002311,13:40:00.000,16,output_2,52238.0
2025-01-03,002311,13:50:00.000,17,output_2,55907.0
2025-01-03,002311,14:00:00.000,18,output_2,58964.0
2025-01-03,002311,14:10:00.000,19,output_2,62416.0
2025-01-03,002311,14:20:00.000,20,output_2,66026.0
2025-01-03,002311,14:30:00.000,21,output_2,69797.0
2025-01-03,002311,14:40:00.000,22,output_2,73464.0
2025-01-03,002311,14:50:00.000,23,output_2,76824.0
2025-01-03,002311,14:56:00.000,24,output_2,78285.0
2025-01-03,002311,14:57:05.000,25,output_2,78465.0
2025-01-03,002311,15:05:00.000,26,output_2,78598.0
2025-01-03,002876,09:31:00.000,0,output_2,944.0
2025-01-03,002876,09:40:00.000,1,output_2,6976.0
2025-01-03,002876,09:50:00.000,2,output_2,10341.0
2025-01-03,002876,10:00:00.000,3,output_2,13832.0
2025-01-03,002876,10:10:00.000,4,output_2,15444.0
2025-01-03,002876,10:20:00.000,5,output_2,16822.0
2025-01-03,002876,10:30:00.000,6,output_2,17986.0
2025-01-03,002876,10:40:00.000,7,output_2,19092.0
2025-01-03,002876,10:50:00.000,8,output_2,20035.0
2025-01-03,002876,11:00:00.000,9,output_2,21191.0
2025-01-03,002876,11:10:00.000,10,output_2,22186.0
2025-01-03,002876,11:20:00.000,11,output_2,22957.0
2025-01-03,002876,11:30:05.000,12,output_2,23736.0
2025-01-03,002876,13:10:00.000,13,output_2,25767.0
2025-01-03,002876,13:20:00.000,14,output_2,27116.0
2025-01-03,002876,13:30:00.000,15,output_2,28163.0
2025-01-03,002876,13:40:00.000,16,output_2,29826.0
2025-01-03,002876,13:50:00.000,17,output_2,31175.0
2025-01-03,002876,14:00:00.000,18,output_2,32961.0
2025-01-03,002876,14:10:00.000,19,output_2,34726.0
2025-01-03,002876,14:20:00.000,20,output_2,37182.0
2025-01-03,002876,14:30:00.000,21,output_2,39217.0
2025-01-03,002876,14:40:00.000,22,output_2,41309.0
2025-01-03,002876,14:50:00.000,23,output_2,43811.0
2025-01-03,002876,14:56:00.000,24,output_2,45551.0
2025-01-03,002876,14:57:05.000,25,output_2,45758.0
2025-01-03,002876,15:05:00.000,26,output_2,46003.0
2025-01-03,300967,09:31:00.000,0,output_2,893.0
2025-01-03,300967,09:40:00.000,1,output_2,5380.0
2025-01-03,300967,09:50:00.000,2,output_2,7775.0
2025-01-03,300967,10:00:00.000,3,output_2,9844.0
2025-01-03,300967,10:10:00.000,4,output_2,11886.0
2025-01-03,300967,10:20:00.000,5,output_2,12747.0
2025-01-03,300967,10:30:00.000,6,output_2,13564.0
2025-01-03,300967,10:40:00.000,7,output_2,14405.0
2025-01-03,300967,10:50:00.000,8,output_2,14996.0
2025-01-03,300967,11:00:00.000,9,output_2,15444.0
2025-01-03,300967,11:10:00.000,10,output_2,15981.0
2025-01-03,300967,11:20:00.000,11,output_2,16423.0
2025-01-03,300967,11:30:05.000,12,output_2,17064.0
2025-01-03,300967,13:10:00.000,13,output_2,18043.0
2025-01-03,300967,13:20:00.000,14,output_2,18586.0
2025-01-03,300967,13:30:00.000,15,output_2,19172.0
2025-01-03,300967,13:40:00.000,16,output_2,19897.0
2025-01-03,300967,13:50:00.000,17,output_2,20398.0
2025-01-03,300967,14:00:00.000,18,output_2,21161.0
2025-01-03,300967,14:10:00.000,19,output_2,22229.0
2025-01-03,300967,14:20:00.000,20,output_2,23356.0
2025-01-03,300967,14:30:00.000,21,output_2,24637.0
2025-01-03,300967,14:40:00.000,22,output_2,25849.0
2025-01-03,300967,14:50:00.000,23,output_2,27159.0
2025-01-03,300967,14:56:00.000,24,output_2,28088.0
2025-01-03,300967,14:57:05.000,25,output_2,28253.0
2025-01-03,300967,15:05:00.000,26,output_2,28338.0
2025-01-03,301035,09:31:00.000,0,output_2,980.0
2025-01-03,301035,09:40:00.000,1,output_2,3372.0
2025-01-03,301035,09:50:00.000,2,output_2,4768.0
2025-01-03,301035,10:00:00.000,3,output_2,6670.0
2025-01-03,301035,10:10:00.000,4,output_2,8061.0
2025-01-03,301035,10:20:00.000,5,output_2,8609.0
2025-01-03,301035,10:30:00.000,6,output_2,9293.0
2025-01-03,301035,10:40:00.000,7,output_2,9848.0
2025-01-03,301035,10:50:00.000,8,output_2,10275.0
2025-01-03,301035,11:00:00.000,9,output_2,10499.0
2025-01-03,301035,11:10:00.000,10,output_2,10685.0
2025-01-03,301035,11:20:00.000,11,output_2,11041.0
2025-01-03,301035,11:30:05.000,12,output_2,11848.0
2025-01-03,301035,13:10:00.000,13,output_2,12380.0
2025-01-03,301035,13:20:00.000,14,output_2,13044.0
2025-01-03,301035,13:30:00.000,15,output_2,13816.0
2025-01-03,301035,13:40:00.000,16,output_2,14297.0
2025-01-03,301035,13:50:00.000,17,output_2,14853.0
2025-01-03,301035,14:00:00.000,18,output_2,15843.0
2025-01-03,301035,14:10:00.000,19,output_2,16766.0
2025-01-03,301035,14:20:00.000,20,output_2,17933.0
2025-01-03,301035,14:30:00.000,21,output_2,18954.0
2025-01-03,301035,14:40:00.000,22,output_2,19732.0
2025-01-03,301035,14:50:00.000,23,output_2,21648.0
2025-01-03,301035,14:56:00.000,24,output_2,23112.0
2025-01-03,301035,14:57:05.000,25,output_2,23259.0
2025-01-03,301035,15:05:00.000,26,output_2,23426.0
2025-01-03,301049,09:31:00.000,0,output_2,493.0
2025-01-03,301049,09:40:00.000,1,output_2,2607.0
2025-01-03,301049,09:50:00.000,2,output_2,3735.0
2025-01-03,301049,10:00:00.000,3,output_2,4646.0
2025-01-03,301049,10:10:00.000,4,output_2,5964.0
2025-01-03,301049,10:20:00.000,5,output_2,6614.0
2025-01-03,301049,10:30:00.000,6,output_2,8375.0
2025-01-03,301049,10:40:00.000,7,output_2,9553.0
2025-01-03,301049,10:50:00.000,8,output_2,10217.0
2025-01-03,301049,11:00:00.000,9,output_2,10461.0
2025-01-03,301049,11:10:00.000,10,output_2,10913.0
2025-01-03,301049,11:20:00.000,11,output_2,11220.0
2025-01-03,301049,11:30:05.000,12,output_2,11622.0
2025-01-03,301049,13:10:00.000,13,output_2,12240.0
2025-01-03,301049,13:20:00.000,14,output_2,12802.0
2025-01-03,301049,13:30:00.000,15,output_2,13571.0
2025-01-03,301049,13:40:00.000,16,output_2,14551.0
2025-01-03,301049,13:50:00.000,17,output_2,15063.0
2025-01-03,301049,14:00:00.000,18,output_2,15410.0
2025-01-03,301049,14:10:00.000,19,output_2,16214.0
2025-01-03,301049,14:20:00.000,20,output_2,16574.0
2025-01-03,301049,14:30:00.000,21,output_2,17691.0
2025-01-03,301049,14:40:00.000,22,output_2,18192.0
2025-01-03,301049,14:50:00.000,23,output_2,18643.0
2025-01-03,301049,14:56:00.000,24,output_2,19088.0
2025-01-03,301049,14:57:05.000,25,output_2,19200.0
2025-01-03,301049,15:05:00.000,26,output_2,19298.0
2025-01-03,301393,09:31:00.000,0,output_2,382.0
2025-01-03,301393,09:40:00.000,1,output_2,2176.0
2025-01-03,301393,09:50:00.000,2,output_2,3721.0
2025-01-03,301393,10:00:00.000,3,output_2,4716.0
2025-01-03,301393,10:10:00.000,4,output_2,5240.0
2025-01-03,301393,10:20:00.000,5,output_2,5559.0
2025-01-03,301393,10:30:00.000,6,output_2,5864.0
2025-01-03,301393,10:40:00.000,7,output_2,6139.0
2025-01-03,301393,10:50:00.000,8,output_2,6521.0
2025-01-03,301393,11:00:00.000,9,output_2,6750.0
2025-01-03,301393,11:10:00.000,10,output_2,7189.0
2025-01-03,301393,11:20:00.000,11,output_2,7651.0
2025-01-03,301393,11:30:05.000,12,output_2,8079.0
2025-01-03,301393,13:10:00.000,13,output_2,8467.0
2025-01-03,301393,13:20:00.000,14,output_2,8918.0
2025-01-03,301393,13:30:00.000,15,output_2,9111.0
2025-01-03,301393,13:40:00.000,16,output_2,9333.0
2025-01-03,301393,13:50:00.000,17,output_2,9626.0
2025-01-03,301393,14:00:00.000,18,output_2,10024.0
2025-01-03,301393,14:10:00.000,19,output_2,10388.0
2025-01-03,301393,14:20:00.000,20,output_2,10914.0
2025-01-03,301393,14:30:00.000,21,output_2,11306.0
2025-01-03,301393,14:40:00.000,22,output_2,11762.0
2025-01-03,301393,14:50:00.000,23,output_2,12316.0
2025-01-03,301393,14:56:00.000,24,output_2,12754.0
2025-01-03,301393,14:57:05.000,25,output_2,12800.0
2025-01-03,301393,15:05:00.000,26,output_2,12881.0
2025-01-06,000848,09:31:00.000,0,output_2,3549.0
2025-01-06,000848,09:40:00.000,1,output_2,9318.0
2025-01-06,000848,09:50:00.000,2,output_2,15444.0
2025-01-06,000848,10:00:00.000,3,output_2,19323.0
2025-01-06,000848,10:10:00.000,4,output_2,23615.0
2025-01-06,000848,10:20:00.000,5,output_2,26523.0
2025-01-06,000848,10:30:00.000,6,output_2,28763.0
2025-01-06,000848,10:40:00.000,7,output_2,31750.0
2025-01-06,000848,10:50:00.000,8,output_2,33164.0
2025-01-06,000848,11:00:00.000,9,output_2,34932.0
2025-01-06,000848,11:10:00.000,10,output_2,36081.0
2025-01-06,000848,11:20:00.000,11,output_2,37991.0
2025-01-06,000848,11:30:05.000,12,output_2,39856.0
2025-01-06,000848,13:10:00.000,13,output_2,43080.0
2025-01-06,000848,13:20:00.000,14,output_2,44907.0
2025-01-06,000848,13:30:00.000,15,output_2,47177.0
2025-01-06,000848,13:40:00.000,16,output_2,49361.0
2025-01-06,000848,13:50:00.000,17,output_2,51025.0
2025-01-06,000848,14:00:00.000,18,output_2,52442.0
2025-01-06,000848,14:10:00.000,19,output_2,54581.0
2025-01-06,000848,14:20:00.000,20,output_2,56241.0
2025-01-06,000848,14:30:00.000,21,output_2,58091.0
2025-01-06,000848,14:40:00.000,22,output_2,61848.0
2025-01-06,000848,14:50:00.000,23,output_2,64201.0
2025-01-06,000848,14:56:00.000,24,output_2,67084.0
2025-01-06,000848,14:57:05.000,25,output_2,67321.0
2025-01-06,000848,15:05:00.000,26,output_2,67565.0
2025-01-06,000949,09:31:00.000,0,output_2,2219.0
2025-01-06,000949,09:40:00.000,1,output_2,10242.0
2025-01-06,000949,09:50:00.000,2,output_2,15318.0
2025-01-06,000949,10:00:00.000,3,output_2,17969.0
2025-01-06,000949,10:10:00.000,4,output_2,21095.0
2025-01-06,000949,10:20:00.000,5,output_2,24086.0
2025-01-06,000949,10:30:00.000,6,output_2,25920.0
2025-01-06,000949,10:40:00.000,7,output_2,27548.0
2025-01-06,000949,10:50:00.000,8,output_2,30392.0
2025-01-06,000949,11:00:00.000,9,output_2,32647.0
2025-01-06,000949,11:10:00.000,10,output_2,34927.0
2025-01-06,000949,11:20:00.000,11,output_2,39032.0
2025-01-06,000949,11:30:05.000,12,output_2,41353.0
2025-01-06,000949,13:10:00.000,13,output_2,45222.0
2025-01-06,000949,13:20:00.000,14,output_2,47613.0
2025-01-06,000949,13:30:00.000,15,output_2,49571.0
2025-01-06,000949,13:40:00.000,16,output_2,53469.0
2025-01-06,000949,13:50:00.000,17,output_2,55902.0
2025-01-06,000949,14:00:00.000,18,output_2,57324.0
2025-01-06,000949,14:10:00.000,19,output_2,59060.0
2025-01-06,000949,14:20:00.000,20,output_2,60182.0
2025-01-06,000949,14:30:00.000,21,output_2,61121.0
2025-01-06,000949,14:40:00.000,22,output_2,65155.0
2025-01-06,000949,14:50:00.000,23,output_2,67806.0
2025-01-06,000949,14:56:00.000,24,output_2,69871.0
2025-01-06,000949,14:57:05.000,25,output_2,70262.0
2025-01-06,000949,15:05:00.000,26,output_2,70588.0
2025-01-06,002307,09:31:00.000,0,output_2,1686.0
2025-01-06,002307,09:40:00.000,1,output_2,5763.0
2025-01-06,002307,09:50:00.000,2,output_2,7957.0
2025-01-06,002307,10:00:00.000,3,output_2,9273.0
2025-01-06,002307,10:10:00.000,4,output_2,10670.0
2025-01-06,002307,10:20:00.000,5,output_2,12049.0
2025-01-06,002307,10:30:00.000,6,output_2,12945.0
2025-01-06,002307,10:40:00.000,7,output_2,13528.0
2025-01-06,002307,10:50:00.000,8,output_2,14063.0
2025-01-06,002307,11:00:00.000,9,output_2,14376.0
2025-01-06,002307,11:10:00.000,10,output_2,14805.0
2025-01-06,002307,11:20:00.000,11,output_2,15235.0
2025-01-06,002307,11:30:05.000,12,output_2,15900.0
2025-01-06,002307,13:10:00.000,13,output_2,16546.0
2025-01-06,002307,13:20:00.000,14,output_2,16962.0
2025-01-06,002307,13:30:00.000,15,output_2,17515.0
2025-01-06,002307,13:40:00.000,16,output_2,18073.0
2025-01-06,002307,13:50:00.000,17,output_2,18595.0
2025-01-06,002307,14:00:00.000,18,output_2,19097.0
2025-01-06,002307,14:10:00.000,19,output_2,19982.0
2025-01-06,002307,14:20:00.000,20,output_2,20360.0
2025-01-06,002307,14:30:00.000,21,output_2,20674.0
2025-01-06,002307,14:40:00.000,22,output_2,21877.0
2025-01-06,002307,14:50:00.000,23,output_2,22797.0
2025-01-06,002307,14:56:00.000,24,output_2,23424.0
2025-01-06,002307,14:57:05.000,25,output_2,23604.0
2025-01-06,002307,15:05:00.000,26,output_2,23805.0
2025-01-06,300284,09:31:00.000,0,output_2,2217.0
2025-01-06,300284,09:40:00.000,1,output_2,12348.0
2025-01-06,300284,09:50:00.000,2,output_2,16314.0
2025-01-06,300284,10:00:00.000,3,output_2,18686.0
2025-01-06,300284,10:10:00.000,4,output_2,20887.0
2025-01-06,300284,10:20:00.000,5,output_2,23326.0
2025-01-06,300284,10:30:00.000,6,output_2,25331.0
2025-01-06,300284,10:40:00.000,7,output_2,27064.0
2025-01-06,300284,10:50:00.000,8,output_2,28426.0
2025-01-06,300284,11:00:00.000,9,output_2,30013.0
2025-01-06,300284,11:10:00.000,10,output_2,31978.0
2025-01-06,300284,11:20:00.000,11,output_2,32942.0
2025-01-06,300284,11:30:05.000,12,output_2,36059.0
2025-01-06,300284,13:10:00.000,13,output_2,38209.0
2025-01-06,300284,13:20:00.000,14,output_2,39404.0
2025-01-06,300284,13:30:00.000,15,output_2,40823.0
2025-01-06,300284,13:40:00.000,16,output_2,42643.0
2025-01-06,300284,13:50:00.000,17,output_2,43865.0
2025-01-06,300284,14:00:00.000,18,output_2,45053.0
2025-01-06,300284,14:10:00.000,19,output_2,46825.0
2025-01-06,300284,14:20:00.000,20,output_2,47872.0
2025-01-06,300284,14:30:00.000,21,output_2,49051.0
2025-01-06,300284,14:40:00.000,22,output_2,51871.0
2025-01-06,300284,14:50:00.000,23,output_2,53961.0
2025-01-06,300284,14:56:00.000,24,output_2,55571.0
2025-01-06,300284,14:57:05.000,25,output_2,55934.0
2025-01-06,300284,15:05:00.000,26,output_2,56199.0
2025-01-06,300329,09:31:00.000,0,output_2,1877.0
2025-01-06,300329,09:40:00.000,1,output_2,4931.0
2025-01-06,300329,09:50:00.000,2,output_2,8262.0
2025-01-06,300329,10:00:00.000,3,output_2,9875.0
2025-01-06,300329,10:10:00.000,4,output_2,11203.0
2025-01-06,300329,10:20:00.000,5,output_2,12247.0
2025-01-06,300329,10:30:00.000,6,output_2,13146.0
2025-01-06,300329,10:40:00.000,7,output_2,14517.0
2025-01-06,300329,10:50:00.000,8,output_2,15480.0
2025-01-06,300329,11:00:00.000,9,output_2,16083.0
2025-01-06,300329,11:10:00.000,10,output_2,16690.0
2025-01-06,300329,11:20:00.000,11,output_2,17124.0
2025-01-06,300329,11:30:05.000,12,output_2,18025.0
2025-01-06,300329,13:10:00.000,13,output_2,19166.0
2025-01-06,300329,13:20:00.000,14,output_2,19754.0
2025-01-06,300329,13:30:00.000,15,output_2,20186.0
2025-01-06,300329,13:40:00.000,16,output_2,20752.0
2025-01-06,300329,13:50:00.000,17,output_2,21386.0
2025-01-06,300329,14:00:00.000,18,output_2,22019.0
2025-01-06,300329,14:10:00.000,19,output_2,22856.0
2025-01-06,300329,14:20:00.000,20,output_2,23292.0
2025-01-06,300329,14:30:00.000,21,output_2,23783.0
2025-01-06,300329,14:40:00.000,22,output_2,24530.0
2025-01-06,300329,14:50:00.000,23,output_2,25446.0
2025-01-06,300329,14:56:00.000,24,output_2,25970.0
2025-01-06,300329,14:57:05.000,25,output_2,26176.0
2025-01-06,300329,15:05:00.000,26,output_2,26276.0
2025-01-06,300584,09:31:00.000,0,output_2,1154.0
2025-01-06,300584,09:40:00.000,1,output_2,7286.0
2025-01-06,300584,09:50:00.000,2,output_2,11470.0
2025-01-06,300584,10:00:00.000,3,output_2,13947.0
2025-01-06,300584,10:10:00.000,4,output_2,15576.0
2025-01-06,300584,10:20:00.000,5,output_2,16823.0
2025-01-06,300584,10:30:00.000,6,output_2,17573.0
2025-01-06,300584,10:40:00.000,7,output_2,18654.0
2025-01-06,300584,10:50:00.000,8,output_2,19254.0
2025-01-06,300584,11:00:00.000,9,output_2,20070.0
2025-01-06,300584,11:10:00.000,10,output_2,20536.0
2025-01-06,300584,11:20:00.000,11,output_2,21167.0
2025-01-06,300584,11:30:05.000,12,output_2,21763.0
2025-01-06,300584,13:10:00.000,13,output_2,22396.0
2025-01-06,300584,13:20:00.000,14,output_2,23142.0
2025-01-06,300584,13:30:00.000,15,output_2,23593.0
2025-01-06,300584,13:40:00.000,16,output_2,24417.0
2025-01-06,300584,13:50:00.000,17,output_2,24908.0
2025-01-06,300584,14:00:00.000,18,output_2,25654.0
2025-01-06,300584,14:10:00.000,19,output_2,26309.0
2025-01-06,300584,14:20:00.000,20,output_2,26817.0
2025-01-06,300584,14:30:00.000,21,output_2,27497.0
2025-01-06,300584,14:40:00.000,22,output_2,28087.0
2025-01-06,300584,14:50:00.000,23,output_2,29148.0
2025-01-06,300584,14:56:00.000,24,output_2,30102.0
2025-01-06,300584,14:57:05.000,25,output_2,30397.0
2025-01-06,300584,15:05:00.000,26,output_2,30684.0
2025-01-06,300947,09:31:00.000,0,output_2,3037.0
2025-01-06,300947,09:40:00.000,1,output_2,10459.0
2025-01-06,300947,09:50:00.000,2,output_2,16654.0
2025-01-06,300947,10:00:00.000,3,output_2,19359.0
2025-01-06,300947,10:10:00.000,4,output_2,23196.0
2025-01-06,300947,10:20:00.000,5,output_2,25284.0
2025-01-06,300947,10:30:00.000,6,output_2,27200.0
2025-01-06,300947,10:40:00.000,7,output_2,29118.0
2025-01-06,300947,10:50:00.000,8,output_2,30897.0
2025-01-06,300947,11:00:00.000,9,output_2,32043.0
2025-01-06,300947,11:10:00.000,10,output_2,35444.0
2025-01-06,300947,11:20:00.000,11,output_2,37470.0
2025-01-06,300947,11:30:05.000,12,output_2,38986.0
2025-01-06,300947,13:10:00.000,13,output_2,40429.0
2025-01-06,300947,13:20:00.000,14,output_2,41941.0
2025-01-06,300947,13:30:00.000,15,output_2,43267.0
2025-01-06,300947,13:40:00.000,16,output_2,44313.0
2025-01-06,300947,13:50:00.000,17,output_2,45652.0
2025-01-06,300947,14:00:00.000,18,output_2,47392.0
2025-01-06,300947,14:10:00.000,19,output_2,49384.0
2025-01-06,300947,14:20:00.000,20,output_2,51094.0
2025-01-06,300947,14:30:00.000,21,output_2,52094.0
2025-01-06,300947,14:40:00.000,22,output_2,54621.0
2025-01-06,300947,14:50:00.000,23,output_2,57478.0
2025-01-06,300947,14:56:00.000,24,output_2,60573.0
2025-01-06,300947,14:57:05.000,25,output_2,61489.0
2025-01-06,300947,15:05:00.000,26,output_2,62242.0
2025-01-06,301005,09:31:00.000,0,output_2,604.0
2025-01-06,301005,09:40:00.000,1,output_2,2801.0
2025-01-06,301005,09:50:00.000,2,output_2,3704.0
2025-01-06,301005,10:00:00.000,3,output_2,4427.0
2025-01-06,301005,10:10:00.000,4,output_2,5149.0
2025-01-06,301005,10:20:00.000,5,output_2,5845.0
2025-01-06,301005,10:30:00.000,6,output_2,6244.0
2025-01-06,301005,10:40:00.000,7,output_2,7272.0
2025-01-06,301005,10:50:00.000,8,output_2,7599.0
2025-01-06,301005,11:00:00.000,9,output_2,7883.0
2025-01-06,301005,11:10:00.000,10,output_2,8233.0
2025-01-06,301005,11:20:00.000,11,output_2,8701.0
2025-01-06,301005,11:30:05.000,12,output_2,9136.0
2025-01-06,301005,13:10:00.000,13,output_2,9489.0
2025-01-06,301005,13:20:00.000,14,output_2,9705.0
2025-01-06,301005,13:30:00.000,15,output_2,9920.0
2025-01-06,301005,13:40:00.000,16,output_2,10246.0
2025-01-06,301005,13:50:00.000,17,output_2,10483.0
2025-01-06,301005,14:00:00.000,18,output_2,10862.0
2025-01-06,301005,14:10:00.000,19,output_2,11200.0
2025-01-06,301005,14:20:00.000,20,output_2,11401.0
2025-01-06,301005,14:30:00.000,21,output_2,11564.0
2025-01-06,301005,14:40:00.000,22,output_2,11832.0
2025-01-06,301005,14:50:00.000,23,output_2,12176.0
2025-01-06,301005,14:56:00.000,24,output_2,12433.0
2025-01-06,301005,14:57:05.000,25,output_2,12484.0
2025-01-06,301005,15:05:00.000,26,output_2,12699.0
2025-01-06,301552,09:31:00.000,0,output_2,701.0
2025-01-06,301552,09:40:00.000,1,output_2,2699.0
2025-01-06,301552,09:50:00.000,2,output_2,3508.0
2025-01-06,301552,10:00:00.000,3,output_2,4223.0
2025-01-06,301552,10:10:00.000,4,output_2,5063.0
2025-01-06,301552,10:20:00.000,5,output_2,5482.0
2025-01-06,301552,10:30:00.000,6,output_2,5976.0
2025-01-06,301552,10:40:00.000,7,output_2,6570.0
2025-01-06,301552,10:50:00.000,8,output_2,7082.0
2025-01-06,301552,11:00:00.000,9,output_2,7475.0
2025-01-06,301552,11:10:00.000,10,output_2,7903.0
2025-01-06,301552,11:20:00.000,11,output_2,8482.0
2025-01-06,301552,11:30:05.000,12,output_2,8714.0
2025-01-06,301552,13:10:00.000,13,output_2,9179.0
2025-01-06,301552,13:20:00.000,14,output_2,9524.0
2025-01-06,301552,13:30:00.000,15,output_2,9972.0
2025-01-06,301552,13:40:00.000,16,output_2,10639.0
2025-01-06,301552,13:50:00.000,17,output_2,11130.0
2025-01-06,301552,14:00:00.000,18,output_2,11440.0
2025-01-06,301552,14:10:00.000,19,output_2,11948.0
2025-01-06,301552,14:20:00.000,20,output_2,12206.0
2025-01-06,301552,14:30:00.000,21,output_2,12508.0
2025-01-06,301552,14:40:00.000,22,output_2,13180.0
2025-01-06,301552,14:50:00.000,23,output_2,13655.0
2025-01-06,301552,14:56:00.000,24,output_2,14101.0
2025-01-06,301552,14:57:05.000,25,output_2,14198.0
2025-01-06,301552,15:05:00.000,26,output_2,14358.0
2025-01-06,301578,09:31:00.000,0,output_2,641.0
2025-01-06,301578,09:40:00.000,1,output_2,2677.0
2025-01-06,301578,09:50:00.000,2,output_2,3455.0
2025-01-06,301578,10:00:00.000,3,output_2,4364.0
2025-01-06,301578,10:10:00.000,4,output_2,5079.0
2025-01-06,301578,10:20:00.000,5,output_2,5830.0
2025-01-06,301578,10:30:00.000,6,output_2,6239.0
2025-01-06,301578,10:40:00.000,7,output_2,7112.0
2025-01-06,301578,10:50:00.000,8,output_2,7655.0
2025-01-06,301578,11:00:00.000,9,output_2,8108.0
2025-01-06,301578,11:10:00.000,10,output_2,8425.0
2025-01-06,301578,11:20:00.000,11,output_2,8751.0
2025-01-06,301578,11:30:05.000,12,output_2,9184.0
2025-01-06,301578,13:10:00.000,13,output_2,9576.0
2025-01-06,301578,13:20:00.000,14,output_2,10058.0
2025-01-06,301578,13:30:00.000,15,output_2,10380.0
2025-01-06,301578,13:40:00.000,16,output_2,10793.0
2025-01-06,301578,13:50:00.000,17,output_2,11254.0
2025-01-06,301578,14:00:00.000,18,output_2,11644.0
2025-01-06,301578,14:10:00.000,19,output_2,12315.0
2025-01-06,301578,14:20:00.000,20,output_2,12756.0
2025-01-06,301578,14:30:00.000,21,output_2,13222.0
2025-01-06,301578,14:40:00.000,22,output_2,14141.0
2025-01-06,301578,14:50:00.000,23,output_2,14548.0
2025-01-06,301578,14:56:00.000,24,output_2,15131.0
2025-01-06,301578,14:57:05.000,25,output_2,15194.0
2025-01-06,301578,15:05:00.000,26,output_2,15269.0
2025-01-02,000690,09:31:00.000,0,output_3,428.0
2025-01-02,000690,09:40:00.000,1,output_3,568.0
2025-01-02,000690,09:50:00.000,2,output_3,482.0
2025-01-02,000690,10:00:00.000,3,output_3,407.0
2025-01-02,000690,10:10:00.000,4,output_3,648.0
2025-01-02,000690,10:20:00.000,5,output_3,492.0
2025-01-02,000690,10:30:00.000,6,output_3,449.0
2025-01-02,000690,10:40:00.000,7,output_3,296.0
2025-01-02,000690,10:50:00.000,8,output_3,193.0
2025-01-02,000690,11:00:00.000,9,output_3,152.0
2025-01-02,000690,11:10:00.000,10,output_3,134.0
2025-01-02,000690,11:20:00.000,11,output_3,184.0
2025-01-02,000690,11:30:05.000,12,output_3,195.0
2025-01-02,000690,13:10:00.000,13,output_3,343.0
2025-01-02,000690,13:20:00.000,14,output_3,284.0
2025-01-02,000690,13:30:00.000,15,output_3,340.0
2025-01-02,000690,13:40:00.000,16,output_3,448.0
2025-01-02,000690,13:50:00.000,17,output_3,350.0
2025-01-02,000690,14:00:00.000,18,output_3,566.0
2025-01-02,000690,14:10:00.000,19,output_3,259.0
2025-01-02,000690,14:20:00.000,20,output_3,470.0
2025-01-02,000690,14:30:00.000,21,output_3,520.0
2025-01-02,000690,14:40:00.000,22,output_3,306.0
2025-01-02,000690,14:50:00.000,23,output_3,571.0
2025-01-02,000690,14:56:00.000,24,output_3,353.0
2025-01-02,000690,14:57:05.000,25,output_3,60.0
2025-01-02,000690,15:05:00.000,26,output_3,93.0
2025-01-02,001389,09:31:00.000,0,output_3,265.0
2025-01-02,001389,09:40:00.000,1,output_3,753.0
2025-01-02,001389,09:50:00.000,2,output_3,394.0
2025-01-02,001389,10:00:00.000,3,output_3,404.0
2025-01-02,001389,10:10:00.000,4,output_3,356.0
2025-01-02,001389,10:20:00.000,5,output_3,540.0
2025-01-02,001389,10:30:00.000,6,output_3,197.0
2025-01-02,001389,10:40:00.000,7,output_3,180.0
2025-01-02,001389,10:50:00.000,8,output_3,255.0
2025-01-02,001389,11:00:00.000,9,output_3,210.0
2025-01-02,001389,11:10:00.000,10,output_3,164.0
2025-01-02,001389,11:20:00.000,11,output_3,155.0
2025-01-02,001389,11:30:05.000,12,output_3,98.0
2025-01-02,001389,13:10:00.000,13,output_3,170.0
2025-01-02,001389,13:20:00.000,14,output_3,73.0
2025-01-02,001389,13:30:00.000,15,output_3,92.0
2025-01-02,001389,13:40:00.000,16,output_3,246.0
2025-01-02,001389,13:50:00.000,17,output_3,180.0
2025-01-02,001389,14:00:00.000,18,output_3,127.0
2025-01-02,001389,14:10:00.000,19,output_3,316.0
2025-01-02,001389,14:20:00.000,20,output_3,231.0
2025-01-02,001389,14:30:00.000,21,output_3,182.0
2025-01-02,001389,14:40:00.000,22,output_3,376.0
2025-01-02,001389,14:50:00.000,23,output_3,462.0
2025-01-02,001389,14:56:00.000,24,output_3,553.0
2025-01-02,001389,14:57:05.000,25,output_3,47.0
2025-01-02,001389,15:05:00.000,26,output_3,16.0
2025-01-02,002782,09:31:00.000,0,output_3,299.0
2025-01-02,002782,09:40:00.000,1,output_3,1154.0
2025-01-02,002782,09:50:00.000,2,output_3,612.0
2025-01-02,002782,10:00:00.000,3,output_3,473.0
2025-01-02,002782,10:10:00.000,4,output_3,352.0
2025-01-02,002782,10:20:00.000,5,output_3,413.0
2025-01-02,002782,10:30:00.000,6,output_3,434.0
2025-01-02,002782,10:40:00.000,7,output_3,466.0
2025-01-02,002782,10:50:00.000,8,output_3,899.0
2025-01-02,002782,11:00:00.000,9,output_3,658.0
2025-01-02,002782,11:10:00.000,10,output_3,434.0
2025-01-02,002782,11:20:00.000,11,output_3,476.0
2025-01-02,002782,11:30:05.000,12,output_3,433.0
2025-01-02,002782,13:10:00.000,13,output_3,245.0
2025-01-02,002782,13:20:00.000,14,output_3,195.0
2025-01-02,002782,13:30:00.000,15,output_3,465.0
2025-01-02,002782,13:40:00.000,16,output_3,322.0
2025-01-02,002782,13:50:00.000,17,output_3,197.0
2025-01-02,002782,14:00:00.000,18,output_3,413.0
2025-01-02,002782,14:10:00.000,19,output_3,271.0
2025-01-02,002782,14:20:00.000,20,output_3,978.0
2025-01-02,002782,14:30:00.000,21,output_3,548.0
2025-01-02,002782,14:40:00.000,22,output_3,638.0
2025-01-02,002782,14:50:00.000,23,output_3,798.0
2025-01-02,002782,14:56:00.000,24,output_3,442.0
2025-01-02,002782,14:57:05.000,25,output_3,74.0
2025-01-02,002782,15:05:00.000,26,output_3,43.0
2025-01-02,002852,09:31:00.000,0,output_3,325.0
2025-01-02,002852,09:40:00.000,1,output_3,1090.0
2025-01-02,002852,09:50:00.000,2,output_3,1130.0
2025-01-02,002852,10:00:00.000,3,output_3,888.0
2025-01-02,002852,10:10:00.000,4,output_3,606.0
2025-01-02,002852,10:20:00.000,5,output_3,489.0
2025-01-02,002852,10:30:00.000,6,output_3,706.0
2025-01-02,002852,10:40:00.000,7,output_3,535.0
2025-01-02,002852,10:50:00.000,8,output_3,427.0
2025-01-02,002852,11:00:00.000,9,output_3,180.0
2025-01-02,002852,11:10:00.000,10,output_3,291.0
2025-01-02,002852,11:20:00.000,11,output_3,300.0
2025-01-02,002852,11:30:05.000,12,output_3,192.0
2025-01-02,002852,13:10:00.000,13,output_3,218.0
2025-01-02,002852,13:20:00.000,14,output_3,289.0
2025-01-02,002852,13:30:00.000,15,output_3,362.0
2025-01-02,002852,13:40:00.000,16,output_3,232.0
2025-01-02,002852,13:50:00.000,17,output_3,274.0
2025-01-02,002852,14:00:00.000,18,output_3,181.0
2025-01-02,002852,14:10:00.000,19,output_3,340.0
2025-01-02,002852,14:20:00.000,20,output_3,377.0
2025-01-02,002852,14:30:00.000,21,output_3,464.0
2025-01-02,002852,14:40:00.000,22,output_3,387.0
2025-01-02,002852,14:50:00.000,23,output_3,720.0
2025-01-02,002852,14:56:00.000,24,output_3,246.0
2025-01-02,002852,14:57:05.000,25,output_3,35.0
2025-01-02,002852,15:05:00.000,26,output_3,22.0
2025-01-02,300046,09:31:00.000,0,output_3,626.0
2025-01-02,300046,09:40:00.000,1,output_3,3638.0
2025-01-02,300046,09:50:00.000,2,output_3,2268.0
2025-01-02,300046,10:00:00.000,3,output_3,1407.0
2025-01-02,300046,10:10:00.000,4,output_3,1281.0
2025-01-02,300046,10:20:00.000,5,output_3,899.0
2025-01-02,300046,10:30:00.000,6,output_3,807.0
2025-01-02,300046,10:40:00.000,7,output_3,602.0
2025-01-02,300046,10:50:00.000,8,output_3,918.0
2025-01-02,300046,11:00:00.000,9,output_3,407.0
2025-01-02,300046,11:10:00.000,10,output_3,572.0
2025-01-02,300046,11:20:00.000,11,output_3,653.0
2025-01-02,300046,11:30:05.000,12,output_3,443.0
2025-01-02,300046,13:10:00.000,13,output_3,1243.0
2025-01-02,300046,13:20:00.000,14,output_3,1578.0
2025-01-02,300046,13:30:00.000,15,output_3,1666.0
2025-01-02,300046,13:40:00.000,16,output_3,817.0
2025-01-02,300046,13:50:00.000,17,output_3,763.0
2025-01-02,300046,14:00:00.000,18,output_3,1075.0
2025-01-02,300046,14:10:00.000,19,output_3,570.0
2025-01-02,300046,14:20:00.000,20,output_3,1211.0
2025-01-02,300046,14:30:00.000,21,output_3,676.0
2025-01-02,300046,14:40:00.000,22,output_3,1210.0
2025-01-02,300046,14:50:00.000,23,output_3,1579.0
2025-01-02,300046,14:56:00.000,24,output_3,712.0
2025-01-02,300046,14:57:05.000,25,output_3,437.0
2025-01-02,300046,15:05:00.000,26,output_3,114.0
2025-01-02,300100,09:31:00.000,0,output_3,397.0
2025-01-02,300100,09:40:00.000,1,output_3,1812.0
2025-01-02,300100,09:50:00.000,2,output_3,1169.0
2025-01-02,300100,10:00:00.000,3,output_3,920.0
2025-01-02,300100,10:10:00.000,4,output_3,800.0
2025-01-02,300100,10:20:00.000,5,output_3,872.0
2025-01-02,300100,10:30:00.000,6,output_3,487.0
2025-01-02,300100,10:40:00.000,7,output_3,771.0
2025-01-02,300100,10:50:00.000,8,output_3,812.0
2025-01-02,300100,11:00:00.000,9,output_3,1319.0
2025-01-02,300100,11:10:00.000,10,output_3,687.0
2025-01-02,300100,11:20:00.000,11,output_3,525.0
2025-01-02,300100,11:30:05.000,12,output_3,306.0
2025-01-02,300100,13:10:00.000,13,output_3,353.0
2025-01-02,300100,13:20:00.000,14,output_3,769.0
2025-01-02,300100,13:30:00.000,15,output_3,1169.0
2025-01-02,300100,13:40:00.000,16,output_3,646.0
2025-01-02,300100,13:50:00.000,17,output_3,430.0
2025-01-02,300100,14:00:00.000,18,output_3,1373.0
2025-01-02,300100,14:10:00.000,19,output_3,368.0
2025-01-02,300100,14:20:00.000,20,output_3,1137.0
2025-01-02,300100,14:30:00.000,21,output_3,675.0
2025-01-02,300100,14:40:00.000,22,output_3,741.0
2025-01-02,300100,14:50:00.000,23,output_3,1263.0
2025-01-02,300100,14:56:00.000,24,output_3,654.0
2025-01-02,300100,14:57:05.000,25,output_3,55.0
2025-01-02,300100,15:05:00.000,26,output_3,77.0
2025-01-02,300214,09:31:00.000,0,output_3,89.0
2025-01-02,300214,09:40:00.000,1,output_3,328.0
2025-01-02,300214,09:50:00.000,2,output_3,428.0
2025-01-02,300214,10:00:00.000,3,output_3,286.0
2025-01-02,300214,10:10:00.000,4,output_3,328.0
2025-01-02,300214,10:20:00.000,5,output_3,245.0
2025-01-02,300214,10:30:00.000,6,output_3,164.0
2025-01-02,300214,10:40:00.000,7,output_3,250.0
2025-01-02,300214,10:50:00.000,8,output_3,179.0
2025-01-02,300214,11:00:00.000,9,output_3,161.0
2025-01-02,300214,11:10:00.000,10,output_3,995.0
2025-01-02,300214,11:20:00.000,11,output_3,665.0
2025-01-02,300214,11:30:05.000,12,output_3,547.0
2025-01-02,300214,13:10:00.000,13,output_3,172.0
2025-01-02,300214,13:20:00.000,14,output_3,187.0
2025-01-02,300214,13:30:00.000,15,output_3,178.0
2025-01-02,300214,13:40:00.000,16,output_3,121.0
2025-01-02,300214,13:50:00.000,17,output_3,65.0
2025-01-02,300214,14:00:00.000,18,output_3,182.0
2025-01-02,300214,14:10:00.000,19,output_3,43.0
2025-01-02,300214,14:20:00.000,20,output_3,129.0
2025-01-02,300214,14:30:00.000,21,output_3,196.0
2025-01-02,300214,14:40:00.000,22,output_3,243.0
2025-01-02,300214,14:50:00.000,23,output_3,748.0
2025-01-02,300214,14:56:00.000,24,output_3,495.0
2025-01-02,300214,14:57:05.000,25,output_3,42.0
2025-01-02,300214,15:05:00.000,26,output_3,35.0
2025-01-02,300779,09:31:00.000,0,output_3,63.0
2025-01-02,300779,09:40:00.000,1,output_3,427.0
2025-01-02,300779,09:50:00.000,2,output_3,241.0
2025-01-02,300779,10:00:00.000,3,output_3,260.0
2025-01-02,300779,10:10:00.000,4,output_3,238.0
2025-01-02,300779,10:20:00.000,5,output_3,65.0
2025-01-02,300779,10:30:00.000,6,output_3,23.0
2025-01-02,300779,10:40:00.000,7,output_3,43.0
2025-01-02,300779,10:50:00.000,8,output_3,41.0
2025-01-02,300779,11:00:00.000,9,output_3,40.0
2025-01-02,300779,11:10:00.000,10,output_3,39.0
2025-01-02,300779,11:20:00.000,11,output_3,204.0
2025-01-02,300779,11:30:05.000,12,output_3,23.0
2025-01-02,300779,13:10:00.000,13,output_3,51.0
2025-01-02,300779,13:20:00.000,14,output_3,137.0
2025-01-02,300779,13:30:00.000,15,output_3,100.0
2025-01-02,300779,13:40:00.000,16,output_3,67.0
2025-01-02,300779,13:50:00.000,17,output_3,96.0
2025-01-02,300779,14:00:00.000,18,output_3,193.0
2025-01-02,300779,14:10:00.000,19,output_3,57.0
2025-01-02,300779,14:20:00.000,20,output_3,81.0
2025-01-02,300779,14:30:00.000,21,output_3,134.0
2025-01-02,300779,14:40:00.000,22,output_3,69.0
2025-01-02,300779,14:50:00.000,23,output_3,65.0
2025-01-02,300779,14:56:00.000,24,output_3,43.0
2025-01-02,300779,14:57:05.000,25,output_3,13.0
2025-01-02,300779,15:05:00.000,26,output_3,20.0
2025-01-02,300816,09:31:00.000,0,output_3,102.0
2025-01-02,300816,09:40:00.000,1,output_3,226.0
2025-01-02,300816,09:50:00.000,2,output_3,159.0
2025-01-02,300816,10:00:00.000,3,output_3,113.0
2025-01-02,300816,10:10:00.000,4,output_3,130.0
2025-01-02,300816,10:20:00.000,5,output_3,233.0
2025-01-02,300816,10:30:00.000,6,output_3,117.0
2025-01-02,300816,10:40:00.000,7,output_3,174.0
2025-01-02,300816,10:50:00.000,8,output_3,106.0
2025-01-02,300816,11:00:00.000,9,output_3,103.0
2025-01-02,300816,11:10:00.000,10,output_3,80.0
2025-01-02,300816,11:20:00.000,11,output_3,143.0
2025-01-02,300816,11:30:05.000,12,output_3,40.0
2025-01-02,300816,13:10:00.000,13,output_3,72.0
2025-01-02,300816,13:20:00.000,14,output_3,59.0
2025-01-02,300816,13:30:00.000,15,output_3,61.0
2025-01-02,300816,13:40:00.000,16,output_3,53.0
2025-01-02,300816,13:50:00.000,17,output_3,82.0
2025-01-02,300816,14:00:00.000,18,output_3,88.0
2025-01-02,300816,14:10:00.000,19,output_3,194.0
2025-01-02,300816,14:20:00.000,20,output_3,146.0
2025-01-02,300816,14:30:00.000,21,output_3,125.0
2025-01-02,300816,14:40:00.000,22,output_3,168.0
2025-01-02,300816,14:50:00.000,23,output_3,312.0
2025-01-02,300816,14:56:00.000,24,output_3,97.0
2025-01-02,300816,14:57:05.000,25,output_3,49.0
2025-01-02,300816,15:05:00.000,26,output_3,8.0
2025-01-02,301157,09:31:00.000,0,output_3,181.0
2025-01-02,301157,09:40:00.000,1,output_3,394.0
2025-01-02,301157,09:50:00.000,2,output_3,275.0
2025-01-02,301157,10:00:00.000,3,output_3,192.0
2025-01-02,301157,10:10:00.000,4,output_3,237.0
2025-01-02,301157,10:20:00.000,5,output_3,154.0
2025-01-02,301157,10:30:00.000,6,output_3,72.0
2025-01-02,301157,10:40:00.000,7,output_3,104.0
2025-01-02,301157,10:50:00.000,8,output_3,35.0
2025-01-02,301157,11:00:00.000,9,output_3,56.0
2025-01-02,301157,11:10:00.000,10,output_3,213.0
2025-01-02,301157,11:20:00.000,11,output_3,197.0
2025-01-02,301157,11:30:05.000,12,output_3,108.0
2025-01-02,301157,13:10:00.000,13,output_3,174.0
2025-01-02,301157,13:20:00.000,14,output_3,110.0
2025-01-02,301157,13:30:00.000,15,output_3,123.0
2025-01-02,301157,13:40:00.000,16,output_3,170.0
2025-01-02,301157,13:50:00.000,17,output_3,69.0
2025-01-02,301157,14:00:00.000,18,output_3,144.0
2025-01-02,301157,14:10:00.000,19,output_3,49.0
2025-01-02,301157,14:20:00.000,20,output_3,118.0
2025-01-02,301157,14:30:00.000,21,output_3,72.0
2025-01-02,301157,14:40:00.000,22,output_3,261.0
2025-01-02,301157,14:50:00.000,23,output_3,294.0
2025-01-02,301157,14:56:00.000,24,output_3,160.0
2025-01-02,301157,14:57:05.000,25,output_3,30.0
2025-01-02,301157,15:05:00.000,26,output_3,31.0
2025-01-03,000548,09:31:00.000,0,output_3,380.0
2025-01-03,000548,09:40:00.000,1,output_3,1435.0
2025-01-03,000548,09:50:00.000,2,output_3,1107.0
2025-01-03,000548,10:00:00.000,3,output_3,1033.0
2025-01-03,000548,10:10:00.000,4,output_3,496.0
2025-01-03,000548,10:20:00.000,5,output_3,473.0
2025-01-03,000548,10:30:00.000,6,output_3,654.0
2025-01-03,000548,10:40:00.000,7,output_3,313.0
2025-01-03,000548,10:50:00.000,8,output_3,322.0
2025-01-03,000548,11:00:00.000,9,output_3,173.0
2025-01-03,000548,11:10:00.000,10,output_3,244.0
2025-01-03,000548,11:20:00.000,11,output_3,289.0
2025-01-03,000548,11:30:05.000,12,output_3,157.0
2025-01-03,000548,13:10:00.000,13,output_3,243.0
2025-01-03,000548,13:20:00.000,14,output_3,280.0
2025-01-03,000548,13:30:00.000,15,output_3,270.0
2025-01-03,000548,13:40:00.000,16,output_3,408.0
2025-01-03,000548,13:50:00.000,17,output_3,253.0
2025-01-03,000548,14:00:00.000,18,output_3,268.0
2025-01-03,000548,14:10:00.000,19,output_3,405.0
2025-01-03,000548,14:20:00.000,20,output_3,384.0
2025-01-03,000548,14:30:00.000,21,output_3,508.0
2025-01-03,000548,14:40:00.000,22,output_3,461.0
2025-01-03,000548,14:50:00.000,23,output_3,618.0
2025-01-03,000548,14:56:00.000,24,output_3,498.0
2025-01-03,000548,14:57:05.000,25,output_3,63.0
2025-01-03,000548,15:05:00.000,26,output_3,32.0
2025-01-03,000677,09:31:00.000,0,output_3,252.0
2025-01-03,000677,09:40:00.000,1,output_3,1447.0
2025-01-03,000677,09:50:00.000,2,output_3,1160.0
2025-01-03,000677,10:00:00.000,3,output_3,810.0
2025-01-03,000677,10:10:00.000,4,output_3,924.0
2025-01-03,000677,10:20:00.000,5,output_3,669.0
2025-01-03,000677,10:30:00.000,6,output_3,868.0
2025-01-03,000677,10:40:00.000,7,output_3,679.0
2025-01-03,000677,10:50:00.000,8,output_3,465.0
2025-01-03,000677,11:00:00.000,9,output_3,319.0
2025-01-03,000677,11:10:00.000,10,output_3,315.0
2025-01-03,000677,11:20:00.000,11,output_3,222.0
2025-01-03,000677,11:30:05.000,12,output_3,394.0
2025-01-03,000677,13:10:00.000,13,output_3,663.0
2025-01-03,000677,13:20:00.000,14,output_3,653.0
2025-01-03,000677,13:30:00.000,15,output_3,422.0
2025-01-03,000677,13:40:00.000,16,output_3,615.0
2025-01-03,000677,13:50:00.000,17,output_3,436.0
2025-01-03,000677,14:00:00.000,18,output_3,446.0
2025-01-03,000677,14:10:00.000,19,output_3,673.0
2025-01-03,000677,14:20:00.000,20,output_3,594.0
2025-01-03,000677,14:30:00.000,21,output_3,665.0
2025-01-03,000677,14:40:00.000,22,output_3,567.0
2025-01-03,000677,14:50:00.000,23,output_3,561.0
2025-01-03,000677,14:56:00.000,24,output_3,575.0
2025-01-03,000677,14:57:05.000,25,output_3,122.0
2025-01-03,000677,15:05:00.000,26,output_3,36.0
2025-01-03,002079,09:31:00.000,0,output_3,434.0
2025-01-03,002079,09:40:00.000,1,output_3,1174.0
2025-01-03,002079,09:50:00.000,2,output_3,910.0
2025-01-03,002079,10:00:00.000,3,output_3,1558.0
2025-01-03,002079,10:10:00.000,4,output_3,608.0
2025-01-03,002079,10:20:00.000,5,output_3,477.0
2025-01-03,002079,10:30:00.000,6,output_3,865.0
2025-01-03,002079,10:40:00.000,7,output_3,446.0
2025-01-03,002079,10:50:00.000,8,output_3,277.0
2025-01-03,002079,11:00:00.000,9,output_3,110.0
2025-01-03,002079,11:10:00.000,10,output_3,166.0
2025-01-03,002079,11:20:00.000,11,output_3,172.0
2025-01-03,002079,11:30:05.000,12,output_3,129.0
2025-01-03,002079,13:10:00.000,13,output_3,294.0
2025-01-03,002079,13:20:00.000,14,output_3,291.0
2025-01-03,002079,13:30:00.000,15,output_3,481.0
2025-01-03,002079,13:40:00.000,16,output_3,253.0
2025-01-03,002079,13:50:00.000,17,output_3,525.0
2025-01-03,002079,14:00:00.000,18,output_3,586.0
2025-01-03,002079,14:10:00.000,19,output_3,652.0
2025-01-03,002079,14:20:00.000,20,output_3,1145.0
2025-01-03,002079,14:30:00.000,21,output_3,707.0
2025-01-03,002079,14:40:00.000,22,output_3,554.0
2025-01-03,002079,14:50:00.000,23,output_3,742.0
2025-01-03,002079,14:56:00.000,24,output_3,524.0
2025-01-03,002079,14:57:05.000,25,output_3,74.0
2025-01-03,002079,15:05:00.000,26,output_3,133.0
2025-01-03,002177,09:31:00.000,0,output_3,400.0
2025-01-03,002177,09:40:00.000,1,output_3,2556.0
2025-01-03,002177,09:50:00.000,2,output_3,2130.0
2025-01-03,002177,10:00:00.000,3,output_3,1807.0
2025-01-03,002177,10:10:00.000,4,output_3,1357.0
2025-01-03,002177,10:20:00.000,5,output_3,1414.0
2025-01-03,002177,10:30:00.000,6,output_3,796.0
2025-01-03,002177,10:40:00.000,7,output_3,366.0
2025-01-03,002177,10:50:00.000,8,output_3,407.0
2025-01-03,002177,11:00:00.000,9,output_3,432.0
2025-01-03,002177,11:10:00.000,10,output_3,399.0
2025-01-03,002177,11:20:00.000,11,output_3,359.0
2025-01-03,002177,11:30:05.000,12,output_3,310.0
2025-01-03,002177,13:10:00.000,13,output_3,409.0
2025-01-03,002177,13:20:00.000,14,output_3,422.0
2025-01-03,002177,13:30:00.000,15,output_3,516.0
2025-01-03,002177,13:40:00.000,16,output_3,356.0
2025-01-03,002177,13:50:00.000,17,output_3,273.0
2025-01-03,002177,14:00:00.000,18,output_3,758.0
2025-01-03,002177,14:10:00.000,19,output_3,611.0
2025-01-03,002177,14:20:00.000,20,output_3,803.0
2025-01-03,002177,14:30:00.000,21,output_3,569.0
2025-01-03,002177,14:40:00.000,22,output_3,717.0
2025-01-03,002177,14:50:00.000,23,output_3,856.0
2025-01-03,002177,14:56:00.000,24,output_3,1056.0
2025-01-03,002177,14:57:05.000,25,output_3,142.0
2025-01-03,002177,15:05:00.000,26,output_3,126.0
2025-01-03,002311,09:31:00.000,0,output_3,243.0
2025-01-03,002311,09:40:00.000,1,output_3,1042.0
2025-01-03,002311,09:50:00.000,2,output_3,729.0
2025-01-03,002311,10:00:00.000,3,output_3,733.0
2025-01-03,002311,10:10:00.000,4,output_3,740.0
2025-01-03,002311,10:20:00.000,5,output_3,605.0
2025-01-03,002311,10:30:00.000,6,output_3,609.0
2025-01-03,002311,10:40:00.000,7,output_3,672.0
2025-01-03,002311,10:50:00.000,8,output_3,590.0
2025-01-03,002311,11:00:00.000,9,output_3,620.0
2025-01-03,002311,11:10:00.000,10,output_3,423.0
2025-01-03,002311,11:20:00.000,11,output_3,554.0
2025-01-03,002311,11:30:05.000,12,output_3,566.0
2025-01-03,002311,13:10:00.000,13,output_3,852.0
2025-01-03,002311,13:20:00.000,14,output_3,1133.0
2025-01-03,002311,13:30:00.000,15,output_3,634.0
2025-01-03,002311,13:40:00.000,16,output_3,509.0
2025-01-03,002311,13:50:00.000,17,output_3,765.0
2025-01-03,002311,14:00:00.000,18,output_3,644.0
2025-01-03,002311,14:10:00.000,19,output_3,575.0
2025-01-03,002311,14:20:00.000,20,output_3,480.0
2025-01-03,002311,14:30:00.000,21,output_3,602.0
2025-01-03,002311,14:40:00.000,22,output_3,624.0
2025-01-03,002311,14:50:00.000,23,output_3,525.0
2025-01-03,002311,14:56:00.000,24,output_3,238.0
2025-01-03,002311,14:57:05.000,25,output_3,23.0
2025-01-03,002311,15:05:00.000,26,output_3,14.0
2025-01-03,002876,09:31:00.000,0,output_3,166.0
2025-01-03,002876,09:40:00.000,1,output_3,984.0
2025-01-03,002876,09:50:00.000,2,output_3,527.0
2025-01-03,002876,10:00:00.000,3,output_3,689.0
2025-01-03,002876,10:10:00.000,4,output_3,343.0
2025-01-03,002876,10:20:00.000,5,output_3,289.0
2025-01-03,002876,10:30:00.000,6,output_3,250.0
2025-01-03,002876,10:40:00.000,7,output_3,186.0
2025-01-03,002876,10:50:00.000,8,output_3,164.0
2025-01-03,002876,11:00:00.000,9,output_3,204.0
2025-01-03,002876,11:10:00.000,10,output_3,197.0
2025-01-03,002876,11:20:00.000,11,output_3,123.0
2025-01-03,002876,11:30:05.000,12,output_3,64.0
2025-01-03,002876,13:10:00.000,13,output_3,319.0
2025-01-03,002876,13:20:00.000,14,output_3,186.0
2025-01-03,002876,13:30:00.000,15,output_3,201.0
2025-01-03,002876,13:40:00.000,16,output_3,248.0
2025-01-03,002876,13:50:00.000,17,output_3,268.0
2025-01-03,002876,14:00:00.000,18,output_3,377.0
2025-01-03,002876,14:10:00.000,19,output_3,442.0
2025-01-03,002876,14:20:00.000,20,output_3,634.0
2025-01-03,002876,14:30:00.000,21,output_3,407.0
2025-01-03,002876,14:40:00.000,22,output_3,505.0
2025-01-03,002876,14:50:00.000,23,output_3,415.0
2025-01-03,002876,14:56:00.000,24,output_3,174.0
2025-01-03,002876,14:57:05.000,25,output_3,33.0
2025-01-03,002876,15:05:00.000,26,output_3,20.0
2025-01-03,300967,09:31:00.000,0,output_3,95.0
2025-01-03,300967,09:40:00.000,1,output_3,873.0
2025-01-03,300967,09:50:00.000,2,output_3,589.0
2025-01-03,300967,10:00:00.000,3,output_3,498.0
2025-01-03,300967,10:10:00.000,4,output_3,459.0
2025-01-03,300967,10:20:00.000,5,output_3,204.0
2025-01-03,300967,10:30:00.000,6,output_3,271.0
2025-01-03,300967,10:40:00.000,7,output_3,183.0
2025-01-03,300967,10:50:00.000,8,output_3,178.0
2025-01-03,300967,11:00:00.000,9,output_3,146.0
2025-01-03,300967,11:10:00.000,10,output_3,159.0
2025-01-03,300967,11:20:00.000,11,output_3,114.0
2025-01-03,300967,11:30:05.000,12,output_3,82.0
2025-01-03,300967,13:10:00.000,13,output_3,133.0
2025-01-03,300967,13:20:00.000,14,output_3,137.0
2025-01-03,300967,13:30:00.000,15,output_3,140.0
2025-01-03,300967,13:40:00.000,16,output_3,87.0
2025-01-03,300967,13:50:00.000,17,output_3,76.0
2025-01-03,300967,14:00:00.000,18,output_3,169.0
2025-01-03,300967,14:10:00.000,19,output_3,288.0
2025-01-03,300967,14:20:00.000,20,output_3,290.0
2025-01-03,300967,14:30:00.000,21,output_3,263.0
2025-01-03,300967,14:40:00.000,22,output_3,189.0
2025-01-03,300967,14:50:00.000,23,output_3,209.0
2025-01-03,300967,14:56:00.000,24,output_3,179.0
2025-01-03,300967,14:57:05.000,25,output_3,14.0
2025-01-03,300967,15:05:00.000,26,output_3,15.0
2025-01-03,301035,09:31:00.000,0,output_3,166.0
2025-01-03,301035,09:40:00.000,1,output_3,641.0
2025-01-03,301035,09:50:00.000,2,output_3,336.0
2025-01-03,301035,10:00:00.000,3,output_3,490.0
2025-01-03,301035,10:10:00.000,4,output_3,299.0
2025-01-03,301035,10:20:00.000,5,output_3,78.0
2025-01-03,301035,10:30:00.000,6,output_3,157.0
2025-01-03,301035,10:40:00.000,7,output_3,126.0
2025-01-03,301035,10:50:00.000,8,output_3,116.0
2025-01-03,301035,11:00:00.000,9,output_3,60.0
2025-01-03,301035,11:10:00.000,10,output_3,38.0
2025-01-03,301035,11:20:00.000,11,output_3,71.0
2025-01-03,301035,11:30:05.000,12,output_3,156.0
2025-01-03,301035,13:10:00.000,13,output_3,116.0
2025-01-03,301035,13:20:00.000,14,output_3,101.0
2025-01-03,301035,13:30:00.000,15,output_3,180.0
2025-01-03,301035,13:40:00.000,16,output_3,88.0
2025-01-03,301035,13:50:00.000,17,output_3,118.0
2025-01-03,301035,14:00:00.000,18,output_3,204.0
2025-01-03,301035,14:10:00.000,19,output_3,257.0
2025-01-03,301035,14:20:00.000,20,output_3,248.0
2025-01-03,301035,14:30:00.000,21,output_3,228.0
2025-01-03,301035,14:40:00.000,22,output_3,192.0
2025-01-03,301035,14:50:00.000,23,output_3,309.0
2025-01-03,301035,14:56:00.000,24,output_3,300.0
2025-01-03,301035,14:57:05.000,25,output_3,51.0
2025-01-03,301035,15:05:00.000,26,output_3,50.0
2025-01-03,301049,09:31:00.000,0,output_3,107.0
2025-01-03,301049,09:40:00.000,1,output_3,430.0
2025-01-03,301049,09:50:00.000,2,output_3,166.0
2025-01-03,301049,10:00:00.000,3,output_3,181.0
2025-01-03,301049,10:10:00.000,4,output_3,105.0
2025-01-03,301049,10:20:00.000,5,output_3,85.0
2025-01-03,301049,10:30:00.000,6,output_3,141.0
2025-01-03,301049,10:40:00.000,7,output_3,90.0
2025-01-03,301049,10:50:00.000,8,output_3,109.0
2025-01-03,301049,11:00:00.000,9,output_3,25.0
2025-01-03,301049,11:10:00.000,10,output_3,44.0
2025-01-03,301049,11:20:00.000,11,output_3,29.0
2025-01-03,301049,11:30:05.000,12,output_3,23.0
2025-01-03,301049,13:10:00.000,13,output_3,62.0
2025-01-03,301049,13:20:00.000,14,output_3,35.0
2025-01-03,301049,13:30:00.000,15,output_3,97.0
2025-01-03,301049,13:40:00.000,16,output_3,52.0
2025-01-03,301049,13:50:00.000,17,output_3,16.0
2025-01-03,301049,14:00:00.000,18,output_3,30.0
2025-01-03,301049,14:10:00.000,19,output_3,57.0
2025-01-03,301049,14:20:00.000,20,output_3,43.0
2025-01-03,301049,14:30:00.000,21,output_3,45.0
2025-01-03,301049,14:40:00.000,22,output_3,35.0
2025-01-03,301049,14:50:00.000,23,output_3,17.0
2025-01-03,301049,14:56:00.000,24,output_3,62.0
2025-01-03,301049,14:57:05.000,25,output_3,38.0
2025-01-03,301049,15:05:00.000,26,output_3,15.0
2025-01-03,301393,09:31:00.000,0,output_3,80.0
2025-01-03,301393,09:40:00.000,1,output_3,465.0
2025-01-03,301393,09:50:00.000,2,output_3,312.0
2025-01-03,301393,10:00:00.000,3,output_3,155.0
2025-01-03,301393,10:10:00.000,4,output_3,56.0
2025-01-03,301393,10:20:00.000,5,output_3,34.0
2025-01-03,301393,10:30:00.000,6,output_3,77.0
2025-01-03,301393,10:40:00.000,7,output_3,42.0
2025-01-03,301393,10:50:00.000,8,output_3,123.0
2025-01-03,301393,11:00:00.000,9,output_3,55.0
2025-01-03,301393,11:10:00.000,10,output_3,146.0
2025-01-03,301393,11:20:00.000,11,output_3,168.0
2025-01-03,301393,11:30:05.000,12,output_3,84.0
2025-01-03,301393,13:10:00.000,13,output_3,24.0
2025-01-03,301393,13:20:00.000,14,output_3,46.0
2025-01-03,301393,13:30:00.000,15,output_3,24.0
2025-01-03,301393,13:40:00.000,16,output_3,24.0
2025-01-03,301393,13:50:00.000,17,output_3,28.0
2025-01-03,301393,14:00:00.000,18,output_3,41.0
2025-01-03,301393,14:10:00.000,19,output_3,74.0
2025-01-03,301393,14:20:00.000,20,output_3,39.0
2025-01-03,301393,14:30:00.000,21,output_3,47.0
2025-01-03,301393,14:40:00.000,22,output_3,71.0
2025-01-03,301393,14:50:00.000,23,output_3,50.0
2025-01-03,301393,14:56:00.000,24,output_3,114.0
2025-01-03,301393,14:57:05.000,25,output_3,10.0
2025-01-03,301393,15:05:00.000,26,output_3,9.0
2025-01-06,000848,09:31:00.000,0,output_3,407.0
2025-01-06,000848,09:40:00.000,1,output_3,1358.0
2025-01-06,000848,09:50:00.000,2,output_3,1761.0
2025-01-06,000848,10:00:00.000,3,output_3,922.0
2025-01-06,000848,10:10:00.000,4,output_3,1275.0
2025-01-06,000848,10:20:00.000,5,output_3,640.0
2025-01-06,000848,10:30:00.000,6,output_3,353.0
2025-01-06,000848,10:40:00.000,7,output_3,502.0
2025-01-06,000848,10:50:00.000,8,output_3,358.0
2025-01-06,000848,11:00:00.000,9,output_3,534.0
2025-01-06,000848,11:10:00.000,10,output_3,233.0
2025-01-06,000848,11:20:00.000,11,output_3,265.0
2025-01-06,000848,11:30:05.000,12,output_3,431.0
2025-01-06,000848,13:10:00.000,13,output_3,797.0
2025-01-06,000848,13:20:00.000,14,output_3,525.0
2025-01-06,000848,13:30:00.000,15,output_3,551.0
2025-01-06,000848,13:40:00.000,16,output_3,596.0
2025-01-06,000848,13:50:00.000,17,output_3,310.0
2025-01-06,000848,14:00:00.000,18,output_3,344.0
2025-01-06,000848,14:10:00.000,19,output_3,495.0
2025-01-06,000848,14:20:00.000,20,output_3,325.0
2025-01-06,000848,14:30:00.000,21,output_3,296.0
2025-01-06,000848,14:40:00.000,22,output_3,860.0
2025-01-06,000848,14:50:00.000,23,output_3,455.0
2025-01-06,000848,14:56:00.000,24,output_3,394.0
2025-01-06,000848,14:57:05.000,25,output_3,28.0
2025-01-06,000848,15:05:00.000,26,output_3,37.0
2025-01-06,000949,09:31:00.000,0,output_3,442.0
2025-01-06,000949,09:40:00.000,1,output_3,1645.0
2025-01-06,000949,09:50:00.000,2,output_3,1088.0
2025-01-06,000949,10:00:00.000,3,output_3,277.0
2025-01-06,000949,10:10:00.000,4,output_3,710.0
2025-01-06,000949,10:20:00.000,5,output_3,384.0
2025-01-06,000949,10:30:00.000,6,output_3,316.0
2025-01-06,000949,10:40:00.000,7,output_3,247.0
2025-01-06,000949,10:50:00.000,8,output_3,355.0
2025-01-06,000949,11:00:00.000,9,output_3,415.0
2025-01-06,000949,11:10:00.000,10,output_3,438.0
2025-01-06,000949,11:20:00.000,11,output_3,504.0
2025-01-06,000949,11:30:05.000,12,output_3,294.0
2025-01-06,000949,13:10:00.000,13,output_3,533.0
2025-01-06,000949,13:20:00.000,14,output_3,150.0
2025-01-06,000949,13:30:00.000,15,output_3,141.0
2025-01-06,000949,13:40:00.000,16,output_3,252.0
2025-01-06,000949,13:50:00.000,17,output_3,217.0
2025-01-06,000949,14:00:00.000,18,output_3,115.0
2025-01-06,000949,14:10:00.000,19,output_3,228.0
2025-01-06,000949,14:20:00.000,20,output_3,112.0
2025-01-06,000949,14:30:00.000,21,output_3,158.0
2025-01-06,000949,14:40:00.000,22,output_3,295.0
2025-01-06,000949,14:50:00.000,23,output_3,349.0
2025-01-06,000949,14:56:00.000,24,output_3,267.0
2025-01-06,000949,14:57:05.000,25,output_3,38.0
2025-01-06,000949,15:05:00.000,26,output_3,48.0
2025-01-06,002307,09:31:00.000,0,output_3,216.0
2025-01-06,002307,09:40:00.000,1,output_3,548.0
2025-01-06,002307,09:50:00.000,2,output_3,416.0
2025-01-06,002307,10:00:00.000,3,output_3,166.0
2025-01-06,002307,10:10:00.000,4,output_3,363.0
2025-01-06,002307,10:20:00.000,5,output_3,297.0
2025-01-06,002307,10:30:00.000,6,output_3,157.0
2025-01-06,002307,10:40:00.000,7,output_3,100.0
2025-01-06,002307,10:50:00.000,8,output_3,61.0
2025-01-06,002307,11:00:00.000,9,output_3,66.0
2025-01-06,002307,11:10:00.000,10,output_3,89.0
2025-01-06,002307,11:20:00.000,11,output_3,58.0
2025-01-06,002307,11:30:05.000,12,output_3,84.0
2025-01-06,002307,13:10:00.000,13,output_3,164.0
2025-01-06,002307,13:20:00.000,14,output_3,40.0
2025-01-06,002307,13:30:00.000,15,output_3,51.0
2025-01-06,002307,13:40:00.000,16,output_3,76.0
2025-01-06,002307,13:50:00.000,17,output_3,86.0
2025-01-06,002307,14:00:00.000,18,output_3,75.0
2025-01-06,002307,14:10:00.000,19,output_3,158.0
2025-01-06,002307,14:20:00.000,20,output_3,45.0
2025-01-06,002307,14:30:00.000,21,output_3,51.0
2025-01-06,002307,14:40:00.000,22,output_3,183.0
2025-01-06,002307,14:50:00.000,23,output_3,177.0
2025-01-06,002307,14:56:00.000,24,output_3,90.0
2025-01-06,002307,14:57:05.000,25,output_3,27.0
2025-01-06,002307,15:05:00.000,26,output_3,38.0
2025-01-06,300284,09:31:00.000,0,output_3,448.0
2025-01-06,300284,09:40:00.000,1,output_3,1523.0
2025-01-06,300284,09:50:00.000,2,output_3,748.0
2025-01-06,300284,10:00:00.000,3,output_3,436.0
2025-01-06,300284,10:10:00.000,4,output_3,337.0
2025-01-06,300284,10:20:00.000,5,output_3,352.0
2025-01-06,300284,10:30:00.000,6,output_3,312.0
2025-01-06,300284,10:40:00.000,7,output_3,252.0
2025-01-06,300284,10:50:00.000,8,output_3,167.0
2025-01-06,300284,11:00:00.000,9,output_3,307.0
2025-01-06,300284,11:10:00.000,10,output_3,326.0
2025-01-06,300284,11:20:00.000,11,output_3,145.0
2025-01-06,300284,11:30:05.000,12,output_3,737.0
2025-01-06,300284,13:10:00.000,13,output_3,419.0
2025-01-06,300284,13:20:00.000,14,output_3,163.0
2025-01-06,300284,13:30:00.000,15,output_3,248.0
2025-01-06,300284,13:40:00.000,16,output_3,305.0
2025-01-06,300284,13:50:00.000,17,output_3,203.0
2025-01-06,300284,14:00:00.000,18,output_3,152.0
2025-01-06,300284,14:10:00.000,19,output_3,193.0
2025-01-06,300284,14:20:00.000,20,output_3,144.0
2025-01-06,300284,14:30:00.000,21,output_3,172.0
2025-01-06,300284,14:40:00.000,22,output_3,538.0
2025-01-06,300284,14:50:00.000,23,output_3,428.0
2025-01-06,300284,14:56:00.000,24,output_3,242.0
2025-01-06,300284,14:57:05.000,25,output_3,51.0
2025-01-06,300284,15:05:00.000,26,output_3,35.0
2025-01-06,300329,09:31:00.000,0,output_3,135.0
2025-01-06,300329,09:40:00.000,1,output_3,461.0
2025-01-06,300329,09:50:00.000,2,output_3,626.0
2025-01-06,300329,10:00:00.000,3,output_3,279.0
2025-01-06,300329,10:10:00.000,4,output_3,240.0
2025-01-06,300329,10:20:00.000,5,output_3,185.0
2025-01-06,300329,10:30:00.000,6,output_3,204.0
2025-01-06,300329,10:40:00.000,7,output_3,166.0
2025-01-06,300329,10:50:00.000,8,output_3,147.0
2025-01-06,300329,11:00:00.000,9,output_3,94.0
2025-01-06,300329,11:10:00.000,10,output_3,93.0
2025-01-06,300329,11:20:00.000,11,output_3,60.0
2025-01-06,300329,11:30:05.000,12,output_3,230.0
2025-01-06,300329,13:10:00.000,13,output_3,200.0
2025-01-06,300329,13:20:00.000,14,output_3,101.0
2025-01-06,300329,13:30:00.000,15,output_3,53.0
2025-01-06,300329,13:40:00.000,16,output_3,92.0
2025-01-06,300329,13:50:00.000,17,output_3,97.0
2025-01-06,300329,14:00:00.000,18,output_3,127.0
2025-01-06,300329,14:10:00.000,19,output_3,187.0
2025-01-06,300329,14:20:00.000,20,output_3,30.0
2025-01-06,300329,14:30:00.000,21,output_3,110.0
2025-01-06,300329,14:40:00.000,22,output_3,120.0
2025-01-06,300329,14:50:00.000,23,output_3,207.0
2025-01-06,300329,14:56:00.000,24,output_3,66.0
2025-01-06,300329,14:57:05.000,25,output_3,23.0
2025-01-06,300329,15:05:00.000,26,output_3,12.0
2025-01-06,300584,09:31:00.000,0,output_3,145.0
2025-01-06,300584,09:40:00.000,1,output_3,584.0
2025-01-06,300584,09:50:00.000,2,output_3,592.0
2025-01-06,300584,10:00:00.000,3,output_3,306.0
2025-01-06,300584,10:10:00.000,4,output_3,189.0
2025-01-06,300584,10:20:00.000,5,output_3,93.0
2025-01-06,300584,10:30:00.000,6,output_3,52.0
2025-01-06,300584,10:40:00.000,7,output_3,64.0
2025-01-06,300584,10:50:00.000,8,output_3,59.0
2025-01-06,300584,11:00:00.000,9,output_3,70.0
2025-01-06,300584,11:10:00.000,10,output_3,25.0
2025-01-06,300584,11:20:00.000,11,output_3,37.0
2025-01-06,300584,11:30:05.000,12,output_3,43.0
2025-01-06,300584,13:10:00.000,13,output_3,33.0
2025-01-06,300584,13:20:00.000,14,output_3,50.0
2025-01-06,300584,13:30:00.000,15,output_3,31.0
2025-01-06,300584,13:40:00.000,16,output_3,35.0
2025-01-06,300584,13:50:00.000,17,output_3,24.0
2025-01-06,300584,14:00:00.000,18,output_3,67.0
2025-01-06,300584,14:10:00.000,19,output_3,39.0
2025-01-06,300584,14:20:00.000,20,output_3,20.0
2025-01-06,300584,14:30:00.000,21,output_3,37.0
2025-01-06,300584,14:40:00.000,22,output_3,33.0
2025-01-06,300584,14:50:00.000,23,output_3,99.0
2025-01-06,300584,14:56:00.000,24,output_3,63.0
2025-01-06,300584,14:57:05.000,25,output_3,21.0
2025-01-06,300584,15:05:00.000,26,output_3,30.0
2025-01-06,300947,09:31:00.000,0,output_3,458.0
2025-01-06,300947,09:40:00.000,1,output_3,1240.0
2025-01-06,300947,09:50:00.000,2,output_3,1109.0
2025-01-06,300947,10:00:00.000,3,output_3,459.0
2025-01-06,300947,10:10:00.000,4,output_3,765.0
2025-01-06,300947,10:20:00.000,5,output_3,279.0
2025-01-06,300947,10:30:00.000,6,output_3,336.0
2025-01-06,300947,10:40:00.000,7,output_3,384.0
2025-01-06,300947,10:50:00.000,8,output_3,475.0
2025-01-06,300947,11:00:00.000,9,output_3,251.0
2025-01-06,300947,11:10:00.000,10,output_3,343.0
2025-01-06,300947,11:20:00.000,11,output_3,135.0
2025-01-06,300947,11:30:05.000,12,output_3,347.0
2025-01-06,300947,13:10:00.000,13,output_3,368.0
2025-01-06,300947,13:20:00.000,14,output_3,149.0
2025-01-06,300947,13:30:00.000,15,output_3,375.0
2025-01-06,300947,13:40:00.000,16,output_3,195.0
2025-01-06,300947,13:50:00.000,17,output_3,348.0
2025-01-06,300947,14:00:00.000,18,output_3,265.0
2025-01-06,300947,14:10:00.000,19,output_3,385.0
2025-01-06,300947,14:20:00.000,20,output_3,460.0
2025-01-06,300947,14:30:00.000,21,output_3,196.0
2025-01-06,300947,14:40:00.000,22,output_3,624.0
2025-01-06,300947,14:50:00.000,23,output_3,352.0
2025-01-06,300947,14:56:00.000,24,output_3,354.0
2025-01-06,300947,14:57:05.000,25,output_3,69.0
2025-01-06,300947,15:05:00.000,26,output_3,107.0
2025-01-06,301005,09:31:00.000,0,output_3,60.0
2025-01-06,301005,09:40:00.000,1,output_3,283.0
2025-01-06,301005,09:50:00.000,2,output_3,113.0
2025-01-06,301005,10:00:00.000,3,output_3,87.0
2025-01-06,301005,10:10:00.000,4,output_3,103.0
2025-01-06,301005,10:20:00.000,5,output_3,47.0
2025-01-06,301005,10:30:00.000,6,output_3,35.0
2025-01-06,301005,10:40:00.000,7,output_3,67.0
2025-01-06,301005,10:50:00.000,8,output_3,29.0
2025-01-06,301005,11:00:00.000,9,output_3,27.0
2025-01-06,301005,11:10:00.000,10,output_3,37.0
2025-01-06,301005,11:20:00.000,11,output_3,29.0
2025-01-06,301005,11:30:05.000,12,output_3,56.0
2025-01-06,301005,13:10:00.000,13,output_3,33.0
2025-01-06,301005,13:20:00.000,14,output_3,8.0
2025-01-06,301005,13:30:00.000,15,output_3,13.0
2025-01-06,301005,13:40:00.000,16,output_3,17.0
2025-01-06,301005,13:50:00.000,17,output_3,27.0
2025-01-06,301005,14:00:00.000,18,output_3,91.0
2025-01-06,301005,14:10:00.000,19,output_3,28.0
2025-01-06,301005,14:20:00.000,20,output_3,7.0
2025-01-06,301005,14:30:00.000,21,output_3,7.0
2025-01-06,301005,14:40:00.000,22,output_3,8.0
2025-01-06,301005,14:50:00.000,23,output_3,36.0
2025-01-06,301005,14:56:00.000,24,output_3,18.0
2025-01-06,301005,14:57:05.000,25,output_3,4.0
2025-01-06,301005,15:05:00.000,26,output_3,69.0
2025-01-06,301552,09:31:00.000,0,output_3,96.0
2025-01-06,301552,09:40:00.000,1,output_3,219.0
2025-01-06,301552,09:50:00.000,2,output_3,160.0
2025-01-06,301552,10:00:00.000,3,output_3,71.0
2025-01-06,301552,10:10:00.000,4,output_3,129.0
2025-01-06,301552,10:20:00.000,5,output_3,29.0
2025-01-06,301552,10:30:00.000,6,output_3,41.0
2025-01-06,301552,10:40:00.000,7,output_3,42.0
2025-01-06,301552,10:50:00.000,8,output_3,44.0
2025-01-06,301552,11:00:00.000,9,output_3,25.0
2025-01-06,301552,11:10:00.000,10,output_3,40.0
2025-01-06,301552,11:20:00.000,11,output_3,36.0
2025-01-06,301552,11:30:05.000,12,output_3,22.0
2025-01-06,301552,13:10:00.000,13,output_3,36.0
2025-01-06,301552,13:20:00.000,14,output_3,18.0
2025-01-06,301552,13:30:00.000,15,output_3,37.0
2025-01-06,301552,13:40:00.000,16,output_3,53.0
2025-01-06,301552,13:50:00.000,17,output_3,63.0
2025-01-06,301552,14:00:00.000,18,output_3,70.0
2025-01-06,301552,14:10:00.000,19,output_3,59.0
2025-01-06,301552,14:20:00.000,20,output_3,16.0
2025-01-06,301552,14:30:00.000,21,output_3,39.0
2025-01-06,301552,14:40:00.000,22,output_3,80.0
2025-01-06,301552,14:50:00.000,23,output_3,96.0
2025-01-06,301552,14:56:00.000,24,output_3,73.0
2025-01-06,301552,14:57:05.000,25,output_3,7.0
2025-01-06,301552,15:05:00.000,26,output_3,48.0
2025-01-06,301578,09:31:00.000,0,output_3,84.0
2025-01-06,301578,09:40:00.000,1,output_3,336.0
2025-01-06,301578,09:50:00.000,2,output_3,106.0
2025-01-06,301578,10:00:00.000,3,output_3,133.0
2025-01-06,301578,10:10:00.000,4,output_3,164.0
2025-01-06,301578,10:20:00.000,5,output_3,161.0
2025-01-06,301578,10:30:00.000,6,output_3,96.0
2025-01-06,301578,10:40:00.000,7,output_3,120.0
2025-01-06,301578,10:50:00.000,8,output_3,112.0
2025-01-06,301578,11:00:00.000,9,output_3,60.0
2025-01-06,301578,11:10:00.000,10,output_3,54.0
2025-01-06,301578,11:20:00.000,11,output_3,28.0
2025-01-06,301578,11:30:05.000,12,output_3,105.0
2025-01-06,301578,13:10:00.000,13,output_3,64.0
2025-01-06,301578,13:20:00.000,14,output_3,57.0
2025-01-06,301578,13:30:00.000,15,output_3,48.0
2025-01-06,301578,13:40:00.000,16,output_3,43.0
2025-01-06,301578,13:50:00.000,17,output_3,90.0
2025-01-06,301578,14:00:00.000,18,output_3,65.0
2025-01-06,301578,14:10:00.000,19,output_3,98.0
2025-01-06,301578,14:20:00.000,20,output_3,47.0
2025-01-06,301578,14:30:00.000,21,output_3,74.0
2025-01-06,301578,14:40:00.000,22,output_3,114.0
2025-01-06,301578,14:50:00.000,23,output_3,122.0
2025-01-06,301578,14:56:00.000,24,output_3,59.0
2025-01-06,301578,14:57:05.000,25,output_3,10.0
2025-01-06,301578,15:05:00.000,26,output_3,8.0
2025-01-02,000690,09:31:00.000,0,output_4,0.37255223035677754
2025-01-02,000690,09:40:00.000,1,output_4,0.3132539220773363
2025-01-02,000690,09:50:00.000,2,output_4,0.452856060591611
2025-01-02,000690,10:00:00.000,3,output_4,0.5864341846852031
2025-01-02,000690,10:10:00.000,4,output_4,0.46653426789049046
2025-01-02,000690,10:20:00.000,5,output_4,0.41318087320070007
2025-01-02,000690,10:30:00.000,6,output_4,0.5584126983592713
2025-01-02,000690,10:40:00.000,7,output_4,0.7502383937500651
2025-01-02,000690,10:50:00.000,8,output_4,0.4818307567748527
2025-01-02,000690,11:00:00.000,9,output_4,1.35810933949464
2025-01-02,000690,11:10:00.000,10,output_4,0.5707047619138446
2025-01-02,000690,11:20:00.000,11,output_4,0.865289855003357
2025-01-02,000690,11:30:05.000,12,output_4,0.7451368158136434
2025-01-02,000690,13:10:00.000,13,output_4,0.4570022884168123
2025-01-02,000690,13:20:00.000,14,output_4,0.5531855954798085
2025-01-02,000690,13:30:00.000,15,output_4,0.5304871566323077
2025-01-02,000690,13:40:00.000,16,output_4,0.5759441232405647
2025-01-02,000690,13:50:00.000,17,output_4,0.6325741523908357
2025-01-02,000690,14:00:00.000,18,output_4,0.4642468944469594
2025-01-02,000690,14:10:00.000,19,output_4,0.7595050761542345
2025-01-02,000690,14:20:00.000,20,output_4,0.5615730336989356
2025-01-02,000690,14:30:00.000,21,output_4,0.581019417522023
2025-01-02,000690,14:40:00.000,22,output_4,0.44393782382713787
2025-01-02,000690,14:50:00.000,23,output_4,0.47313586098699584
2025-01-02,000690,14:56:00.000,24,output_4,0.45695044458139655
2025-01-02,000690,14:57:05.000,25,output_4,0.6415151514188208
2025-01-02,000690,15:05:00.000,26,output_4,1.0599999998244771
2025-01-02,001389,09:31:00.000,0,output_4,0.4903420074278537
2025-01-02,001389,09:40:00.000,1,output_4,0.22286186936081095
2025-01-02,001389,09:50:00.000,2,output_4,0.42188028181102916
2025-01-02,001389,10:00:00.000,3,output_4,0.48623070670375
2025-01-02,001389,10:10:00.000,4,output_4,0.6242039541051986
2025-01-02,001389,10:20:00.000,5,output_4,0.5479227942140663
2025-01-02,001389,10:30:00.000,6,output_4,0.8847415063370629
2025-01-02,001389,10:40:00.000,7,output_4,0.8835545722010565
2025-01-02,001389,10:50:00.000,8,output_4,0.7232285367534411
2025-01-02,001389,11:00:00.000,9,output_4,0.46724648985215544
2025-01-02,001389,11:10:00.000,10,output_4,0.477402390521836
2025-01-02,001389,11:20:00.000,11,output_4,0.45910344818086
2025-01-02,001389,11:30:05.000,12,output_4,1.1309142857506163
2025-01-02,001389,13:10:00.000,13,output_4,0.7839736844363966
2025-01-02,001389,13:20:00.000,14,output_4,1.5602110822471276
2025-01-02,001389,13:30:00.000,15,output_4,1.3387640449438203
2025-01-02,001389,13:40:00.000,16,output_4,0.5711281069378096
2025-01-02,001389,13:50:00.000,17,output_4,0.5199218071822391
2025-01-02,001389,14:00:00.000,18,output_4,0.5579608938547486
2025-01-02,001389,14:10:00.000,19,output_4,0.4334573304018428
2025-01-02,001389,14:20:00.000,20,output_4,0.5137478558931302
2025-01-02,001389,14:30:00.000,21,output_4,0.737281672922301
2025-01-02,001389,14:40:00.000,22,output_4,0.5013974896035932
2025-01-02,001389,14:50:00.000,23,output_4,0.5599532711171659
2025-01-02,001389,14:56:00.000,24,output_4,0.36179254782523995
2025-01-02,001389,14:57:05.000,25,output_4,0.22750957898253224
2025-01-02,001389,15:05:00.000,26,output_4,1.3903999996185303
2025-01-02,002782,09:31:00.000,0,output_4,0.5260845295360024
2025-01-02,002782,09:40:00.000,1,output_4,0.16491432070294385
2025-01-02,002782,09:50:00.000,2,output_4,0.35596908442897546
2025-01-02,002782,10:00:00.000,3,output_4,0.3667789345056238
2025-01-02,002782,10:10:00.000,4,output_4,0.5768527429303489
2025-01-02,002782,10:20:00.000,5,output_4,0.5956075697306142
2025-01-02,002782,10:30:00.000,6,output_4,0.673385826889656
2025-01-02,002782,10:40:00.000,7,output_4,0.5641713746298953
2025-01-02,002782,10:50:00.000,8,output_4,0.43076204173775734
2025-01-02,002782,11:00:00.000,9,output_4,0.3716263189440111
2025-01-02,002782,11:10:00.000,10,output_4,0.7807994757536042
2025-01-02,002782,11:20:00.000,11,output_4,0.7650384615629148
2025-01-02,002782,11:30:05.000,12,output_4,0.8109809264175248
2025-01-02,002782,13:10:00.000,13,output_4,0.9684466019417476
2025-01-02,002782,13:20:00.000,14,output_4,1.0981365314708864
2025-01-02,002782,13:30:00.000,15,output_4,0.6912471130318234
2025-01-02,002782,13:40:00.000,16,output_4,0.7152524040295527
2025-01-02,002782,13:50:00.000,17,output_4,0.8701895040951387
2025-01-02,002782,14:00:00.000,18,output_4,0.7653001277382803
2025-01-02,002782,14:10:00.000,19,output_4,0.7779193758499483
2025-01-02,002782,14:20:00.000,20,output_4,0.3804002541296061
2025-01-02,002782,14:30:00.000,21,output_4,0.4199224259856726
2025-01-02,002782,14:40:00.000,22,output_4,0.4344952795586901
2025-01-02,002782,14:50:00.000,23,output_4,0.38047649293872876
2025-01-02,002782,14:56:00.000,24,output_4,0.4494749999046326
2025-01-02,002782,14:57:05.000,25,output_4,0.37550898226435314
2025-01-02,002782,15:05:00.000,26,output_4,1.4001626018586197
2025-01-02,002852,09:31:00.000,0,output_4,0.8843833780160858
2025-01-02,002852,09:40:00.000,1,output_4,0.24371829704529996
2025-01-02,002852,09:50:00.000,2,output_4,0.3339686976124149
2025-01-02,002852,10:00:00.000,3,output_4,0.4102680412764402
2025-01-02,002852,10:10:00.000,4,output_4,0.37056965931281216
2025-01-02,002852,10:20:00.000,5,output_4,0.5546574073809164
2025-01-02,002852,10:30:00.000,6,output_4,0.5823781676227354
2025-01-02,002852,10:40:00.000,7,output_4,0.46268783901016625
2025-01-02,002852,10:50:00.000,8,output_4,0.6528062361120381
2025-01-02,002852,11:00:00.000,9,output_4,1.0108629442915296
2025-01-02,002852,11:10:00.000,10,output_4,0.9485855263314749
2025-01-02,002852,11:20:00.000,11,output_4,1.0120677968203011
2025-01-02,002852,11:30:05.000,12,output_4,1.455317073333554
2025-01-02,002852,13:10:00.000,13,output_4,1.1429636710916378
2025-01-02,002852,13:20:00.000,14,output_4,0.663454133548931
2025-01-02,002852,13:30:00.000,15,output_4,0.7163473055034341
2025-01-02,002852,13:40:00.000,16,output_4,0.9600000000154066
2025-01-02,002852,13:50:00.000,17,output_4,0.8081258550062063
2025-01-02,002852,14:00:00.000,18,output_4,0.799039999961853
2025-01-02,002852,14:10:00.000,19,output_4,0.6687024607754394
2025-01-02,002852,14:20:00.000,20,output_4,0.586225296433264
2025-01-02,002852,14:30:00.000,21,output_4,0.5822820763863499
2025-01-02,002852,14:40:00.000,22,output_4,0.4466542474559096
2025-01-02,002852,14:50:00.000,23,output_4,0.41869106265879447
2025-01-02,002852,14:56:00.000,24,output_4,0.5312888890725594
2025-01-02,002852,14:57:05.000,25,output_4,0.5863541662693024
2025-01-02,002852,15:05:00.000,26,output_4,3.381764706443338
2025-01-02,300046,09:31:00.000,0,output_4,0.2303315881659223
2025-01-02,300046,09:40:00.000,1,output_4,0.0469245479775072
2025-01-02,300046,09:50:00.000,2,output_4,0.10466317627026357
2025-01-02,300046,10:00:00.000,3,output_4,0.14288402001157663
2025-01-02,300046,10:10:00.000,4,output_4,0.17130931961393275
2025-01-02,300046,10:20:00.000,5,output_4,0.26516600265182083
2025-01-02,300046,10:30:00.000,6,output_4,0.27136589778812154
2025-01-02,300046,10:40:00.000,7,output_4,0.31276907006525817
2025-01-02,300046,10:50:00.000,8,output_4,0.2526984797740305
2025-01-02,300046,11:00:00.000,9,output_4,0.3910443863731763
2025-01-02,300046,11:10:00.000,10,output_4,0.39353057195449015
2025-01-02,300046,11:20:00.000,11,output_4,0.29711243195838416
2025-01-02,300046,11:30:05.000,12,output_4,0.5055864979949178
2025-01-02,300046,13:10:00.000,13,output_4,0.19357972886964073
2025-01-02,300046,13:20:00.000,14,output_4,0.16288351889637998
2025-01-02,300046,13:30:00.000,15,output_4,0.1388973824702288
2025-01-02,300046,13:40:00.000,16,output_4,0.23590640978601285
2025-01-02,300046,13:50:00.000,17,output_4,0.3034632910957819
2025-01-02,300046,14:00:00.000,18,output_4,0.2175962236711922
2025-01-02,300046,14:10:00.000,19,output_4,0.2809461359117852
2025-01-02,300046,14:20:00.000,20,output_4,0.1779494047874496
2025-01-02,300046,14:30:00.000,21,output_4,0.25398897841705415
2025-01-02,300046,14:40:00.000,22,output_4,0.1860366232420331
2025-01-02,300046,14:50:00.000,23,output_4,0.15086289303857575
2025-01-02,300046,14:56:00.000,24,output_4,0.15604338397690118
2025-01-02,300046,14:57:05.000,25,output_4,0.07081788446807029
2025-01-02,300046,15:05:00.000,26,output_4,0.2932718124165631
2025-01-02,300100,09:31:00.000,0,output_4,0.26621065378381514
2025-01-02,300100,09:40:00.000,1,output_4,0.09984268000142212
2025-01-02,300100,09:50:00.000,2,output_4,0.1641463414712552
2025-01-02,300100,10:00:00.000,3,output_4,0.14592070058731232
2025-01-02,300100,10:10:00.000,4,output_4,0.1799999999570417
2025-01-02,300100,10:20:00.000,5,output_4,0.13827530552171632
2025-01-02,300100,10:30:00.000,6,output_4,0.21383297647602809
2025-01-02,300100,10:40:00.000,7,output_4,0.12207170503157466
2025-01-02,300100,10:50:00.000,8,output_4,0.12504690434501795
2025-01-02,300100,11:00:00.000,9,output_4,0.07515162907746202
2025-01-02,300100,11:10:00.000,10,output_4,0.16077005636093922
2025-01-02,300100,11:20:00.000,11,output_4,0.22797945200761885
2025-01-02,300100,11:30:05.000,12,output_4,0.36582062228414036
2025-01-02,300100,13:10:00.000,13,output_4,0.29855151814925485
2025-01-02,300100,13:20:00.000,14,output_4,0.27276411657993477
2025-01-02,300100,13:30:00.000,15,output_4,0.22347615497122933
2025-01-02,300100,13:40:00.000,16,output_4,0.24304012968127525
2025-01-02,300100,13:50:00.000,17,output_4,0.42937589666593706
2025-01-02,300100,14:00:00.000,18,output_4,0.18769640056926506
2025-01-02,300100,14:10:00.000,19,output_4,0.3782839116237893
2025-01-02,300100,14:20:00.000,20,output_4,0.1833333333479289
2025-01-02,300100,14:30:00.000,21,output_4,0.27586556172502635
2025-01-02,300100,14:40:00.000,22,output_4,0.2384685759707491
2025-01-02,300100,14:50:00.000,23,output_4,0.1581250000352095
2025-01-02,300100,14:56:00.000,24,output_4,0.15391955500134658
2025-01-02,300100,14:57:05.000,25,output_4,0.2089677418431928
2025-01-02,300100,15:05:00.000,26,output_4,0.37586206865721733
2025-01-02,300214,09:31:00.000,0,output_4,1.6108823529645508
2025-01-02,300214,09:40:00.000,1,output_4,0.5249706457739007
2025-01-02,300214,09:50:00.000,2,output_4,0.603977505170982
2025-01-02,300214,10:00:00.000,3,output_4,0.8216944442854988
2025-01-02,300214,10:10:00.000,4,output_4,0.9314553991356552
2025-01-02,300214,10:20:00.000,5,output_4,1.0594867254780458
2025-01-02,300214,10:30:00.000,6,output_4,1.2761135372011942
2025-01-02,300214,10:40:00.000,7,output_4,1.0974311924855644
2025-01-02,300214,10:50:00.000,8,output_4,1.4715024632186138
2025-01-02,300214,11:00:00.000,9,output_4,1.6726704544641755
2025-01-02,300214,11:10:00.000,10,output_4,0.1756289214706079
2025-01-02,300214,11:20:00.000,11,output_4,0.28296978289052155
2025-01-02,300214,11:30:05.000,12,output_4,0.28405238094783963
2025-01-02,300214,13:10:00.000,13,output_4,0.40952153117870194
2025-01-02,300214,13:20:00.000,14,output_4,0.7748963730940547
2025-01-02,300214,13:30:00.000,15,output_4,0.9721951221062886
2025-01-02,300214,13:40:00.000,16,output_4,0.7061025030706721
2025-01-02,300214,13:50:00.000,17,output_4,1.0276632304863422
2025-01-02,300214,14:00:00.000,18,output_4,0.9401732283314382
2025-01-02,300214,14:10:00.000,19,output_4,1.092518382212695
2025-01-02,300214,14:20:00.000,20,output_4,1.1274383303336446
2025-01-02,300214,14:30:00.000,21,output_4,1.2980567685381295
2025-01-02,300214,14:40:00.000,22,output_4,0.9808374382983679
2025-01-02,300214,14:50:00.000,23,output_4,0.4554559269574638
2025-01-02,300214,14:56:00.000,24,output_4,0.38578313256145697
2025-01-02,300214,14:57:05.000,25,output_4,0.5072656255215406
2025-01-02,300214,15:05:00.000,26,output_4,1.034082840180256
2025-01-02,300779,09:31:00.000,0,output_4,1.074495114022047
2025-01-02,300779,09:40:00.000,1,output_4,0.23237704922146998
2025-01-02,300779,09:50:00.000,2,output_4,0.442107988003443
2025-01-02,300779,10:00:00.000,3,output_4,0.6135010266450885
2025-01-02,300779,10:10:00.000,4,output_4,0.28903911160939216
2025-01-02,300779,10:20:00.000,5,output_4,0.5768719921901435
2025-01-02,300779,10:30:00.000,6,output_4,0.7468827930174564
2025-01-02,300779,10:40:00.000,7,output_4,1.2787956986376035
2025-01-02,300779,10:50:00.000,8,output_4,1.8049226006487207
2025-01-02,300779,11:00:00.000,9,output_4,2.0281249996688633
2025-01-02,300779,11:10:00.000,10,output_4,1.5631134560366104
2025-01-02,300779,11:20:00.000,11,output_4,1.1266603775744168
2025-01-02,300779,11:30:05.000,12,output_4,2.9106829271083923
2025-01-02,300779,13:10:00.000,13,output_4,1.6007526882233158
2025-01-02,300779,13:20:00.000,14,output_4,1.2424116422133733
2025-01-02,300779,13:30:00.000,15,output_4,2.1321708180301977
2025-01-02,300779,13:40:00.000,16,output_4,2.4423360658473654
2025-01-02,300779,13:50:00.000,17,output_4,2.576120690025132
2025-01-02,300779,14:00:00.000,18,output_4,0.9480261013130574
2025-01-02,300779,14:10:00.000,19,output_4,1.6290463212400432
2025-01-02,300779,14:20:00.000,20,output_4,1.9648666667938233
2025-01-02,300779,14:30:00.000,21,output_4,0.9612199035540439
2025-01-02,300779,14:40:00.000,22,output_4,0.9407740916121062
2025-01-02,300779,14:50:00.000,23,output_4,1.502137404361754
2025-01-02,300779,14:56:00.000,24,output_4,0.9489655172160829
2025-01-02,300779,14:57:05.000,25,output_4,0.9956923081324651
2025-01-02,300779,15:05:00.000,26,output_4,2.345890410958904
2025-01-02,300816,09:31:00.000,0,output_4,0.4886296297002722
2025-01-02,300816,09:40:00.000,1,output_4,0.4377922079005799
2025-01-02,300816,09:50:00.000,2,output_4,0.9286949683285359
2025-01-02,300816,10:00:00.000,3,output_4,0.7444968946231818
2025-01-02,300816,10:10:00.000,4,output_4,1.1015992646708208
2025-01-02,300816,10:20:00.000,5,output_4,1.0473508772097135
2025-01-02,300816,10:30:00.000,6,output_4,1.3117699116732167
2025-01-02,300816,10:40:00.000,7,output_4,1.4802977671990027
2025-01-02,300816,10:50:00.000,8,output_4,1.8683333336932104
2025-01-02,300816,11:00:00.000,9,output_4,1.9953040545051162
2025-01-02,300816,11:10:00.000,10,output_4,2.204160305379911
2025-01-02,300816,11:20:00.000,11,output_4,1.5466321243523315
2025-01-02,300816,11:30:05.000,12,output_4,3.5197058831944186
2025-01-02,300816,13:10:00.000,13,output_4,1.897405063804192
2025-01-02,300816,13:20:00.000,14,output_4,1.872093750536442
2025-01-02,300816,13:30:00.000,15,output_4,2.3065891469171804
2025-01-02,300816,13:40:00.000,16,output_4,1.9399676376947692
2025-01-02,300816,13:50:00.000,17,output_4,2.4136178861788617
2025-01-02,300816,14:00:00.000,18,output_4,1.680862068444833
2025-01-02,300816,14:10:00.000,19,output_4,1.3229887640878055
2025-01-02,300816,14:20:00.000,20,output_4,1.479375
2025-01-02,300816,14:30:00.000,21,output_4,1.7388338194644137
2025-01-02,300816,14:40:00.000,22,output_4,1.2757142855922805
2025-01-02,300816,14:50:00.000,23,output_4,0.9043247345184882
2025-01-02,300816,14:56:00.000,24,output_4,1.2564184403588585
2025-01-02,300816,14:57:05.000,25,output_4,0.6051886801449757
2025-01-02,300816,15:05:00.000,26,output_4,4.451025644938151
2025-01-02,301157,09:31:00.000,0,output_4,0.8680394737344039
2025-01-02,301157,09:40:00.000,1,output_4,0.3765129279957044
2025-01-02,301157,09:50:00.000,2,output_4,0.6418904405403342
2025-01-02,301157,10:00:00.000,3,output_4,0.8711191859356192
2025-01-02,301157,10:10:00.000,4,output_4,1.0223931622301412
2025-01-02,301157,10:20:00.000,5,output_4,0.704674555987296
2025-01-02,301157,10:30:00.000,6,output_4,1.4031615927291978
2025-01-02,301157,10:40:00.000,7,output_4,1.3555353078863888
2025-01-02,301157,10:50:00.000,8,output_4,2.285346153149238
2025-01-02,301157,11:00:00.000,9,output_4,2.3900000005960464
2025-01-02,301157,11:10:00.000,10,output_4,0.5268485915492958
2025-01-02,301157,11:20:00.000,11,output_4,0.5161120688093119
2025-01-02,301157,11:30:05.000,12,output_4,1.2986984816652576
2025-01-02,301157,13:10:00.000,13,output_4,0.8243939393808034
2025-01-02,301157,13:20:00.000,14,output_4,1.4906965173892122
2025-01-02,301157,13:30:00.000,15,output_4,1.1997379030912154
2025-01-02,301157,13:40:00.000,16,output_4,1.3100220264317182
2025-01-02,301157,13:50:00.000,17,output_4,2.1505395680022756
2025-01-02,301157,14:00:00.000,18,output_4,1.1384190477643694
2025-01-02,301157,14:10:00.000,19,output_4,2.2361278193337575
2025-01-02,301157,14:20:00.000,20,output_4,1.5885941640767873
2025-01-02,301157,14:30:00.000,21,output_4,2.017627117997509
2025-01-02,301157,14:40:00.000,22,output_4,1.0745585587647584
2025-01-02,301157,14:50:00.000,23,output_4,0.7495994994577687
2025-01-02,301157,14:56:00.000,24,output_4,0.6492057763282142
2025-01-02,301157,14:57:05.000,25,output_4,0.4354421768058725
2025-01-02,301157,15:05:00.000,26,output_4,0.8510837437484065
2025-01-03,000548,09:31:00.000,0,output_4,0.7012327312789739
2025-01-03,000548,09:40:00.000,1,output_4,0.13721473953169516
2025-01-03,000548,09:50:00.000,2,output_4,0.2664524765218916
2025-01-03,000548,10:00:00.000,3,output_4,0.29770034839407966
2025-01-03,000548,10:10:00.000,4,output_4,0.4368927790073475
2025-01-03,000548,10:20:00.000,5,output_4,0.6150523012652058
2025-01-03,000548,10:30:00.000,6,output_4,0.5747864077392134
2025-01-03,000548,10:40:00.000,7,output_4,0.6637416483299239
2025-01-03,000548,10:50:00.000,8,output_4,0.8769526626231402
2025-01-03,000548,11:00:00.000,9,output_4,1.534064171148494
2025-01-03,000548,11:10:00.000,10,output_4,0.9458727568242133
2025-01-03,000548,11:20:00.000,11,output_4,0.7950412087388091
2025-01-03,000548,11:30:05.000,12,output_4,1.1754098358701488
2025-01-03,000548,13:10:00.000,13,output_4,0.7626947638023249
2025-01-03,000548,13:20:00.000,14,output_4,0.7671612902610533
2025-01-03,000548,13:30:00.000,15,output_4,1.2061770624318113
2025-01-03,000548,13:40:00.000,16,output_4,0.6844380067646296
2025-01-03,000548,13:50:00.000,17,output_4,0.9232398754339723
2025-01-03,000548,14:00:00.000,18,output_4,0.8106139155071722
2025-01-03,000548,14:10:00.000,19,output_4,0.5819219512474246
2025-01-03,000548,14:20:00.000,20,output_4,0.6004513541578409
2025-01-03,000548,14:30:00.000,21,output_4,0.589122287855581
2025-01-03,000548,14:40:00.000,22,output_4,0.5010862068883304
2025-01-03,000548,14:50:00.000,23,output_4,0.43710430341424256
2025-01-03,000548,14:56:00.000,24,output_4,0.38684607116732067
2025-01-03,000548,14:57:05.000,25,output_4,0.5195967747319129
2025-01-03,000548,15:05:00.000,26,output_4,2.072839504406776
2025-01-03,000677,09:31:00.000,0,output_4,0.657211155530466
2025-01-03,000677,09:40:00.000,1,output_4,0.1454584682129219
2025-01-03,000677,09:50:00.000,2,output_4,0.21002105261150159
2025-01-03,000677,10:00:00.000,3,output_4,0.31318537859007833
2025-01-03,000677,10:10:00.000,4,output_4,0.24407407409736281
2025-01-03,000677,10:20:00.000,5,output_4,0.5105047048514882
2025-01-03,000677,10:30:00.000,6,output_4,0.4932839507428707
2025-01-03,000677,10:40:00.000,7,output_4,0.4538741471461946
2025-01-03,000677,10:50:00.000,8,output_4,0.8703197674002758
2025-01-03,000677,11:00:00.000,9,output_4,1.1671874998137355
2025-01-03,000677,11:10:00.000,10,output_4,0.9042727275328203
2025-01-03,000677,11:20:00.000,11,output_4,1.1964859435835995
2025-01-03,000677,11:30:05.000,12,output_4,0.4982303838698016
2025-01-03,000677,13:10:00.000,13,output_4,0.4919884963023829
2025-01-03,000677,13:20:00.000,14,output_4,0.46134362938781504
2025-01-03,000677,13:30:00.000,15,output_4,0.7315073530463612
2025-01-03,000677,13:40:00.000,16,output_4,0.426066856465672
2025-01-03,000677,13:50:00.000,17,output_4,0.4943250000476837
2025-01-03,000677,14:00:00.000,18,output_4,0.5995983936221724
2025-01-03,000677,14:10:00.000,19,output_4,0.39056209146586895
2025-01-03,000677,14:20:00.000,20,output_4,0.4130503795655371
2025-01-03,000677,14:30:00.000,21,output_4,0.4493524096457355
2025-01-03,000677,14:40:00.000,22,output_4,0.4274928571496691
2025-01-03,000677,14:50:00.000,23,output_4,0.4729225908598817
2025-01-03,000677,14:56:00.000,24,output_4,0.3151183172237654
2025-01-03,000677,14:57:05.000,25,output_4,0.38703703733138095
2025-01-03,000677,15:05:00.000,26,output_4,1.8884782609732256
2025-01-03,002079,09:31:00.000,0,output_4,0.44290604031325986
2025-01-03,002079,09:40:00.000,1,output_4,0.12904636712876605
2025-01-03,002079,09:50:00.000,2,output_4,0.24957881568371007
2025-01-03,002079,10:00:00.000,3,output_4,0.20468579232692719
2025-01-03,002079,10:10:00.000,4,output_4,0.43357711801660137
2025-01-03,002079,10:20:00.000,5,output_4,0.636068375956299
2025-01-03,002079,10:30:00.000,6,output_4,0.3590113839537459
2025-01-03,002079,10:40:00.000,7,output_4,0.5113076921202179
2025-01-03,002079,10:50:00.000,8,output_4,1.0963904234146764
2025-01-03,002079,11:00:00.000,9,output_4,1.7789910985737243
2025-01-03,002079,11:10:00.000,10,output_4,1.2227551022354437
2025-01-03,002079,11:20:00.000,11,output_4,1.3180353204672437
2025-01-03,002079,11:30:05.000,12,output_4,1.1613698630883502
2025-01-03,002079,13:10:00.000,13,output_4,0.6203433923989256
2025-01-03,002079,13:20:00.000,14,output_4,0.8364525140996751
2025-01-03,002079,13:30:00.000,15,output_4,0.694947735357783
2025-01-03,002079,13:40:00.000,16,output_4,0.7073435656717564
2025-01-03,002079,13:50:00.000,17,output_4,0.5892185954972143
2025-01-03,002079,14:00:00.000,18,output_4,0.4208140349806401
2025-01-03,002079,14:10:00.000,19,output_4,0.4196697119165288
2025-01-03,002079,14:20:00.000,20,output_4,0.2661074123221718
2025-01-03,002079,14:30:00.000,21,output_4,0.3726911123973972
2025-01-03,002079,14:40:00.000,22,output_4,0.35583481884965995
2025-01-03,002079,14:50:00.000,23,output_4,0.356640857624965
2025-01-03,002079,14:56:00.000,24,output_4,0.3741649269808807
2025-01-03,002079,14:57:05.000,25,output_4,0.43382550405975956
2025-01-03,002079,15:05:00.000,26,output_4,0.6634980988593155
2025-01-03,002177,09:31:00.000,0,output_4,0.3732409502855793
2025-01-03,002177,09:40:00.000,1,output_4,0.08250726631553199
2025-01-03,002177,09:50:00.000,2,output_4,0.12211608959555383
2025-01-03,002177,10:00:00.000,3,output_4,0.14134542886992876
2025-01-03,002177,10:10:00.000,4,output_4,0.1676524902230611
2025-01-03,002177,10:20:00.000,5,output_4,0.17545348151236545
2025-01-03,002177,10:30:00.000,6,output_4,0.22998463306067954
2025-01-03,002177,10:40:00.000,7,output_4,0.3796453451793204
2025-01-03,002177,10:50:00.000,8,output_4,0.5388309350974269
2025-01-03,002177,11:00:00.000,9,output_4,0.660187431312317
2025-01-03,002177,11:10:00.000,10,output_4,0.608901322433689
2025-01-03,002177,11:20:00.000,11,output_4,0.7307936507703621
2025-01-03,002177,11:30:05.000,12,output_4,0.5269507909282021
2025-01-03,002177,13:10:00.000,13,output_4,0.4899180999649635
2025-01-03,002177,13:20:00.000,14,output_4,0.3923815789975618
2025-01-03,002177,13:30:00.000,15,output_4,0.39025390629346174
2025-01-03,002177,13:40:00.000,16,output_4,0.3902540716363863
2025-01-03,002177,13:50:00.000,17,output_4,0.5051103565203111
2025-01-03,002177,14:00:00.000,18,output_4,0.3034329113779189
2025-01-03,002177,14:10:00.000,19,output_4,0.3388718820753552
2025-01-03,002177,14:20:00.000,20,output_4,0.32103965698969966
2025-01-03,002177,14:30:00.000,21,output_4,0.3466106604866744
2025-01-03,002177,14:40:00.000,22,output_4,0.28693045563549163
2025-01-03,002177,14:50:00.000,23,output_4,0.30184290020127313
2025-01-03,002177,14:56:00.000,24,output_4,0.1766912487052535
2025-01-03,002177,14:57:05.000,25,output_4,0.21356666644414266
2025-01-03,002177,15:05:00.000,26,output_4,0.5741118420111505
2025-01-03,002311,09:31:00.000,0,output_4,0.45206447197086036
2025-01-03,002311,09:40:00.000,1,output_4,0.19385555156306145
2025-01-03,002311,09:50:00.000,2,output_4,0.2869348659597594
2025-01-03,002311,10:00:00.000,3,output_4,0.3038387424321977
2025-01-03,002311,10:10:00.000,4,output_4,0.3263962982657427
2025-01-03,002311,10:20:00.000,5,output_4,0.3979429330110708
2025-01-03,002311,10:30:00.000,6,output_4,0.44279999997880726
2025-01-03,002311,10:40:00.000,7,output_4,0.3700925927103302
2025-01-03,002311,10:50:00.000,8,output_4,0.41135209328357536
2025-01-03,002311,11:00:00.000,9,output_4,0.43785662030162126
2025-01-03,002311,11:10:00.000,10,output_4,0.6219605808436128
2025-01-03,002311,11:20:00.000,11,output_4,0.452863636341962
2025-01-03,002311,11:30:05.000,12,output_4,0.4388131868271601
2025-01-03,002311,13:10:00.000,13,output_4,0.3056450791045271
2025-01-03,002311,13:20:00.000,14,output_4,0.24781224153769518
2025-01-03,002311,13:30:00.000,15,output_4,0.42510276394985314
2025-01-03,002311,13:40:00.000,16,output_4,0.44638599102259036
2025-01-03,002311,13:50:00.000,17,output_4,0.30567787971943766
2025-01-03,002311,14:00:00.000,18,output_4,0.3658548586189673
2025-01-03,002311,14:10:00.000,19,output_4,0.3306894649541385
2025-01-03,002311,14:20:00.000,20,output_4,0.3234412082447846
2025-01-03,002311,14:30:00.000,21,output_4,0.2991271820448878
2025-01-03,002311,14:40:00.000,22,output_4,0.3056470588040169
2025-01-03,002311,14:50:00.000,23,output_4,0.33756833711897866
2025-01-03,002311,14:56:00.000,24,output_4,0.4881657608177351
2025-01-03,002311,14:57:05.000,25,output_4,0.6762105264161763
2025-01-03,002311,15:05:00.000,26,output_4,2.5235294103622437
2025-01-03,002876,09:31:00.000,0,output_4,1.0561217948412285
2025-01-03,002876,09:40:00.000,1,output_4,0.16534912333199517
2025-01-03,002876,09:50:00.000,2,output_4,0.3315917915327312
2025-01-03,002876,10:00:00.000,3,output_4,0.32323561351540037
2025-01-03,002876,10:10:00.000,4,output_4,0.7043262410107516
2025-01-03,002876,10:20:00.000,5,output_4,0.8203034483153244
2025-01-03,002876,10:30:00.000,6,output_4,0.9859900989941638
2025-01-03,002876,10:40:00.000,7,output_4,1.0008108108430296
2025-01-03,002876,10:50:00.000,8,output_4,1.2102434079013538
2025-01-03,002876,11:00:00.000,9,output_4,0.9810578511766166
2025-01-03,002876,11:10:00.000,10,output_4,1.1422222222404919
2025-01-03,002876,11:20:00.000,11,output_4,1.4835162091433556
2025-01-03,002876,11:30:05.000,12,output_4,1.4976826200557296
2025-01-03,002876,13:10:00.000,13,output_4,0.5713005780254945
2025-01-03,002876,13:20:00.000,14,output_4,0.8521888412972206
2025-01-03,002876,13:30:00.000,15,output_4,1.1061296295236658
2025-01-03,002876,13:40:00.000,16,output_4,0.6964142012172903
2025-01-03,002876,13:50:00.000,17,output_4,0.902936746916139
2025-01-03,002876,14:00:00.000,18,output_4,0.6546674057543939
2025-01-03,002876,14:10:00.000,19,output_4,0.6520902090209021
2025-01-03,002876,14:20:00.000,20,output_4,0.47618253969010854
2025-01-03,002876,14:30:00.000,21,output_4,0.5698667935934892
2025-01-03,002876,14:40:00.000,22,output_4,0.5517913203270262
2025-01-03,002876,14:50:00.000,23,output_4,0.46366175336371657
2025-01-03,002876,14:56:00.000,24,output_4,0.4151098265124194
2025-01-03,002876,14:57:05.000,25,output_4,0.5697115384615384
2025-01-03,002876,15:05:00.000,26,output_4,1.2527338137729562
2025-01-03,300967,09:31:00.000,0,output_4,1.1882342342857841
2025-01-03,300967,09:40:00.000,1,output_4,0.2258633696923012
2025-01-03,300967,09:50:00.000,2,output_4,0.4679261587402152
2025-01-03,300967,10:00:00.000,3,output_4,0.5541519926475971
2025-01-03,300967,10:10:00.000,4,output_4,0.5659829867134022
2025-01-03,300967,10:20:00.000,5,output_4,1.3130616742608832
2025-01-03,300967,10:30:00.000,6,output_4,1.4068794329397503
2025-01-03,300967,10:40:00.000,7,output_4,1.3417264570569778
2025-01-03,300967,10:50:00.000,8,output_4,1.917620578379493
2025-01-03,300967,11:00:00.000,9,output_4,2.4832365146811077
2025-01-03,300967,11:10:00.000,10,output_4,2.188827838653173
2025-01-03,300967,11:20:00.000,11,output_4,2.4587603304996963
2025-01-03,300967,11:30:05.000,12,output_4,1.8248136650701487
2025-01-03,300967,13:10:00.000,13,output_4,1.1935542170781208
2025-01-03,300967,13:20:00.000,14,output_4,2.1096466438509127
2025-01-03,300967,13:30:00.000,15,output_4,1.9873666659990947
2025-01-03,300967,13:40:00.000,16,output_4,1.6009214092399369
2025-01-03,300967,13:50:00.000,17,output_4,2.3044313729978074
2025-01-03,300967,14:00:00.000,18,output_4,1.5296842104510258
2025-01-03,300967,14:10:00.000,19,output_4,1.0932967034015026
2025-01-03,300967,14:20:00.000,20,output_4,1.0014932887666177
2025-01-03,300967,14:30:00.000,21,output_4,0.942818897352444
2025-01-03,300967,14:40:00.000,22,output_4,0.9657374390520191
2025-01-03,300967,14:50:00.000,23,output_4,0.9020902257216604
2025-01-03,300967,14:56:00.000,24,output_4,0.7696145612116289
2025-01-03,300967,14:57:05.000,25,output_4,0.7791139234470416
2025-01-03,300967,15:05:00.000,26,output_4,3.3142553187431174
2025-01-03,301035,09:31:00.000,0,output_4,1.1517307691640788
2025-01-03,301035,09:40:00.000,1,output_4,0.41468822176039816
2025-01-03,301035,09:50:00.000,2,output_4,0.7895250660133865
2025-01-03,301035,10:00:00.000,3,output_4,0.6092989690525016
2025-01-03,301035,10:10:00.000,4,output_4,0.809410959073942
2025-01-03,301035,10:20:00.000,5,output_4,1.9953979233144477
2025-01-03,301035,10:30:00.000,6,output_4,1.6131024928634516
2025-01-03,301035,10:40:00.000,7,output_4,2.007777777585116
2025-01-03,301035,10:50:00.000,8,output_4,2.6072398192202884
2025-01-03,301035,11:00:00.000,9,output_4,4.8796581203102045
2025-01-03,301035,11:10:00.000,10,output_4,5.632285715284802
2025-01-03,301035,11:20:00.000,11,output_4,3.0451832454242007
2025-01-03,301035,11:30:05.000,12,output_4,1.3370952379135859
2025-01-03,301035,13:10:00.000,13,output_4,2.00993288603405
2025-01-03,301035,13:20:00.000,14,output_4,1.7246355683741
2025-01-03,301035,13:30:00.000,15,output_4,1.4606106869743678
2025-01-03,301035,13:40:00.000,16,output_4,2.228648648759113
2025-01-03,301035,13:50:00.000,17,output_4,2.019241379047262
2025-01-03,301035,14:00:00.000,18,output_4,1.1957777779511731
2025-01-03,301035,14:10:00.000,19,output_4,1.2243866945254827
2025-01-03,301035,14:20:00.000,20,output_4,0.9727569330380363
2025-01-03,301035,14:30:00.000,21,output_4,1.0708711432891402
2025-01-03,301035,14:40:00.000,22,output_4,1.3690255224843035
2025-01-03,301035,14:50:00.000,23,output_4,0.5924155069866901
2025-01-03,301035,14:56:00.000,24,output_4,0.4688642298895136
2025-01-03,301035,14:57:05.000,25,output_4,0.7807692319918902
2025-01-03,301035,15:05:00.000,26,output_4,1.860000001059638
2025-01-03,301049,09:31:00.000,0,output_4,1.9878012049629028
2025-01-03,301049,09:40:00.000,1,output_4,0.4840467625813519
2025-01-03,301049,09:50:00.000,2,output_4,0.9852475246580521
2025-01-03,301049,10:00:00.000,3,output_4,1.2345020746294393
2025-01-03,301049,10:10:00.000,4,output_4,0.8834660767102311
2025-01-03,301049,10:20:00.000,5,output_4,1.740843022978583
2025-01-03,301049,10:30:00.000,6,output_4,0.6150721650762656
2025-01-03,301049,10:40:00.000,7,output_4,0.9545860926047066
2025-01-03,301049,10:50:00.000,8,output_4,1.7025568187236786
2025-01-03,301049,11:00:00.000,9,output_4,4.688709678188447
2025-01-03,301049,11:10:00.000,10,output_4,2.3951626017810854
2025-01-03,301049,11:20:00.000,11,output_4,3.604259259906816
2025-01-03,301049,11:30:05.000,12,output_4,2.867107843651491
2025-01-03,301049,13:10:00.000,13,output_4,1.814844720852301
2025-01-03,301049,13:20:00.000,14,output_4,1.9589072844840043
2025-01-03,301049,13:30:00.000,15,output_4,1.54328165374677
2025-01-03,301049,13:40:00.000,16,output_4,1.1977309237522293
2025-01-03,301049,13:50:00.000,17,output_4,2.1862592591179744
2025-01-03,301049,14:00:00.000,18,output_4,3.6285276061918106
2025-01-03,301049,14:10:00.000,19,output_4,1.4435922329865614
2025-01-03,301049,14:20:00.000,20,output_4,3.256557377309747
2025-01-03,301049,14:30:00.000,21,output_4,1.0366842106768959
2025-01-03,301049,14:40:00.000,22,output_4,2.1553068599976357
2025-01-03,301049,14:50:00.000,23,output_4,2.9102999997138976
2025-01-03,301049,14:56:00.000,24,output_4,1.6592129623448406
2025-01-03,301049,14:57:05.000,25,output_4,0.9160000006357829
2025-01-03,301049,15:05:00.000,26,output_4,3.1744444458572953
2025-01-03,301393,09:31:00.000,0,output_4,2.3528214284351896
2025-01-03,301393,09:40:00.000,1,output_4,0.5562747140084544
2025-01-03,301393,09:50:00.000,2,output_4,0.7212303981850029
2025-01-03,301393,10:00:00.000,3,output_4,1.112268431200197
2025-01-03,301393,10:10:00.000,4,output_4,2.1714181821996514
2025-01-03,301393,10:20:00.000,5,output_4,3.2815168546826654
2025-01-03,301393,10:30:00.000,6,output_4,3.768987341772152
2025-01-03,301393,10:40:00.000,7,output_4,4.008175675933425
2025-01-03,301393,10:50:00.000,8,output_4,2.7821256043254463
2025-01-03,301393,11:00:00.000,9,output_4,4.877711863841041
2025-01-03,301393,11:10:00.000,10,output_4,2.569466666115655
2025-01-03,301393,11:20:00.000,11,output_4,2.3678455284940516
2025-01-03,301393,11:30:05.000,12,output_4,2.7018139539762984
2025-01-03,301393,13:10:00.000,13,output_4,2.827298577927865
2025-01-03,301393,13:20:00.000,14,output_4,2.5038260864174884
2025-01-03,301393,13:30:00.000,15,output_4,5.5556310681463446
2025-01-03,301393,13:40:00.000,16,output_4,5.086842106099715
2025-01-03,301393,13:50:00.000,17,output_4,3.7345859882937873
2025-01-03,301393,14:00:00.000,18,output_4,2.8041545895562656
2025-01-03,301393,14:10:00.000,19,output_4,3.0619371723754245
2025-01-03,301393,14:20:00.000,20,output_4,2.181496350434575
2025-01-03,301393,14:30:00.000,21,output_4,2.8877339903356996
2025-01-03,301393,14:40:00.000,22,output_4,2.4725941424589277
2025-01-03,301393,14:50:00.000,23,output_4,2.119175627240143
2025-01-03,301393,14:56:00.000,24,output_4,1.6303181821649724
2025-01-03,301393,14:57:05.000,25,output_4,3.066190469832647
2025-01-03,301393,15:05:00.000,26,output_4,4.021860460902369
2025-01-06,000848,09:31:00.000,0,output_4,0.325686081022995
2025-01-06,000848,09:40:00.000,1,output_4,0.17953969312557147
2025-01-06,000848,09:50:00.000,2,output_4,0.18704431958859333
2025-01-06,000848,10:00:00.000,3,output_4,0.2965789473400097
2025-01-06,000848,10:10:00.000,4,output_4,0.2765373961306895
2025-01-06,000848,10:20:00.000,5,output_4,0.3953003301085419
2025-01-06,000848,10:30:00.000,6,output_4,0.501188455089446
2025-01-06,000848,10:40:00.000,7,output_4,0.3989015404841122
2025-01-06,000848,10:50:00.000,8,output_4,0.7660886569937019
2025-01-06,000848,11:00:00.000,9,output_4,0.6532849162650508
2025-01-06,000848,11:10:00.000,10,output_4,1.0163589742448595
2025-01-06,000848,11:20:00.000,11,output_4,0.6098769231942984
2025-01-06,000848,11:30:05.000,12,output_4,0.6119772257518571
2025-01-06,000848,13:10:00.000,13,output_4,0.36313939397985284
2025-01-06,000848,13:20:00.000,14,output_4,0.5963980100641203
2025-01-06,000848,13:30:00.000,15,output_4,0.5386600719510223
2025-01-06,000848,13:40:00.000,16,output_4,0.5267168142099297
2025-01-06,000848,13:50:00.000,17,output_4,0.7260391196295218
2025-01-06,000848,14:00:00.000,18,output_4,0.8304166667991214
2025-01-06,000848,14:10:00.000,19,output_4,0.5598037383266699
2025-01-06,000848,14:20:00.000,20,output_4,0.6797613637013868
2025-01-06,000848,14:30:00.000,21,output_4,0.6670011147740427
2025-01-06,000848,14:40:00.000,22,output_4,0.3115904365904366
2025-01-06,000848,14:50:00.000,23,output_4,0.48765905374026025
2025-01-06,000848,14:56:00.000,24,output_4,0.25025766025346635
2025-01-06,000848,14:57:05.000,25,output_4,0.5999047619955881
2025-01-06,000848,15:05:00.000,26,output_4,1.4290163927390926
2025-01-06,000949,09:31:00.000,0,output_4,0.4150849590517576
2025-01-06,000949,09:40:00.000,1,output_4,0.12817857990749543
2025-01-06,000949,09:50:00.000,2,output_4,0.22751802656184564
2025-01-06,000949,10:00:00.000,3,output_4,0.41574333794153756
2025-01-06,000949,10:10:00.000,4,output_4,0.37922201135503875
2025-01-06,000949,10:20:00.000,5,output_4,0.3733644859813084
2025-01-06,000949,10:30:00.000,6,output_4,0.6132234807608671
2025-01-06,000949,10:40:00.000,7,output_4,0.7091103202507589
2025-01-06,000949,10:50:00.000,8,output_4,0.419517482577504
2025-01-06,000949,11:00:00.000,9,output_4,0.5013545151538275
2025-01-06,000949,11:10:00.000,10,output_4,0.4950662251339843
2025-01-06,000949,11:20:00.000,11,output_4,0.3151867438591762
2025-01-06,000949,11:30:05.000,12,output_4,0.5109215018692277
2025-01-06,000949,13:10:00.000,13,output_4,0.30120542443379394
2025-01-06,000949,13:20:00.000,14,output_4,0.46105873253098595
2025-01-06,000949,13:30:00.000,15,output_4,0.5545194085115867
2025-01-06,000949,13:40:00.000,16,output_4,0.3155163330574558
2025-01-06,000949,13:50:00.000,17,output_4,0.46902821318109206
2025-01-06,000949,14:00:00.000,18,output_4,0.8637047755908
2025-01-06,000949,14:10:00.000,19,output_4,0.6798183882818319
2025-01-06,000949,14:20:00.000,20,output_4,1.0251282052097157
2025-01-06,000949,14:30:00.000,21,output_4,1.1853769842594388
2025-01-06,000949,14:40:00.000,22,output_4,0.2969856222017484
2025-01-06,000949,14:50:00.000,23,output_4,0.4619491526452345
2025-01-06,000949,14:56:00.000,24,output_4,0.37709033614447135
2025-01-06,000949,14:57:05.000,25,output_4,0.39145454637932053
2025-01-06,000949,15:05:00.000,26,output_4,0.9055729160706202
2025-01-06,002307,09:31:00.000,0,output_4,0.5792800701951855
2025-01-06,002307,09:40:00.000,1,output_4,0.24461922025205002
2025-01-06,002307,09:50:00.000,2,output_4,0.5071925360636755
2025-01-06,002307,10:00:00.000,3,output_4,0.8356942498500016
2025-01-06,002307,10:10:00.000,4,output_4,0.8196849313500809
2025-01-06,002307,10:20:00.000,5,output_4,0.7983599999745686
2025-01-06,002307,10:30:00.000,6,output_4,1.2496652717869652
2025-01-06,002307,10:40:00.000,7,output_4,1.942052117388101
2025-01-06,002307,10:50:00.000,8,output_4,2.1550566043493884
2025-01-06,002307,11:00:00.000,9,output_4,3.5406586824063058
2025-01-06,002307,11:10:00.000,10,output_4,2.538927038340098
2025-01-06,002307,11:20:00.000,11,output_4,2.8500961535252056
2025-01-06,002307,11:30:05.000,12,output_4,1.817009345764683
2025-01-06,002307,13:10:00.000,13,output_4,1.630863509802433
2025-01-06,002307,13:20:00.000,14,output_4,3.0376530605919507
2025-01-06,002307,13:30:00.000,15,output_4,2.298076923076923
2025-01-06,002307,13:40:00.000,16,output_4,2.2362357418800034
2025-01-06,002307,13:50:00.000,17,output_4,2.139028776463845
2025-01-06,002307,14:00:00.000,18,output_4,2.1658241757543095
2025-01-06,002307,14:10:00.000,19,output_4,1.4286602872410459
2025-01-06,002307,14:20:00.000,20,output_4,3.003282828764482
2025-01-06,002307,14:30:00.000,21,output_4,3.7638607583468473
2025-01-06,002307,14:40:00.000,22,output_4,1.0511599295168643
2025-01-06,002307,14:50:00.000,23,output_4,1.3019389976343558
2025-01-06,002307,14:56:00.000,24,output_4,1.1956666668256124
2025-01-06,002307,14:57:05.000,25,output_4,0.8758904117427461
2025-01-06,002307,15:05:00.000,26,output_4,1.5798181815580887
2025-01-06,300284,09:31:00.000,0,output_4,0.4551138716619372
2025-01-06,300284,09:40:00.000,1,output_4,0.10148099359821726
2025-01-06,300284,09:50:00.000,2,output_4,0.28470280552499927
2025-01-06,300284,10:00:00.000,3,output_4,0.47781150162029573
2025-01-06,300284,10:10:00.000,4,output_4,0.5429945554577503
2025-01-06,300284,10:20:00.000,5,output_4,0.46211419760445016
2025-01-06,300284,10:30:00.000,6,output_4,0.5876991151005118
2025-01-06,300284,10:40:00.000,7,output_4,0.6542513662348679
2025-01-06,300284,10:50:00.000,8,output_4,0.83171548105184
2025-01-06,300284,11:00:00.000,9,output_4,0.7205054151739311
2025-01-06,300284,11:10:00.000,10,output_4,0.6070961145291787
2025-01-06,300284,11:20:00.000,11,output_4,1.109814470906868
2025-01-06,300284,11:30:05.000,12,output_4,0.3853766902830243
2025-01-06,300284,13:10:00.000,13,output_4,0.5152758620936295
2025-01-06,300284,13:20:00.000,14,output_4,0.9312111801982667
2025-01-06,300284,13:30:00.000,15,output_4,0.8401697312588402
2025-01-06,300284,13:40:00.000,16,output_4,0.6913872831818685
2025-01-06,300284,13:50:00.000,17,output_4,0.9521974522596711
2025-01-06,300284,14:00:00.000,18,output_4,0.9803130147484618
2025-01-06,300284,14:10:00.000,19,output_4,0.6706606943957082
2025-01-06,300284,14:20:00.000,20,output_4,1.0950549447929465
2025-01-06,300284,14:30:00.000,21,output_4,0.9590080001831055
2025-01-06,300284,14:40:00.000,22,output_4,0.43983088240903967
2025-01-06,300284,14:50:00.000,23,output_4,0.5692102759367619
2025-01-06,300284,14:56:00.000,24,output_4,0.4635953608247423
2025-01-06,300284,14:57:05.000,25,output_4,0.41649350717470246
2025-01-06,300284,15:05:00.000,26,output_4,1.134444444008123
2025-01-06,300329,09:31:00.000,0,output_4,0.5932464029291551
2025-01-06,300329,09:40:00.000,1,output_4,0.341383248718862
2025-01-06,300329,09:50:00.000,2,output_4,0.35035756156983994
2025-01-06,300329,10:00:00.000,3,output_4,0.7095589987285373
2025-01-06,300329,10:10:00.000,4,output_4,0.8853629627934209
2025-01-06,300329,10:20:00.000,5,output_4,1.0963904234146764
2025-01-06,300329,10:30:00.000,6,output_4,1.3046475769664747
2025-01-06,300329,10:40:00.000,7,output_4,0.862236652539406
2025-01-06,300329,10:50:00.000,8,output_4,1.180722891566265
2025-01-06,300329,11:00:00.000,9,output_4,1.9240594059720684
2025-01-06,300329,11:10:00.000,10,output_4,1.9816225167141845
2025-01-06,300329,11:20:00.000,11,output_4,2.514491525747008
2025-01-06,300329,11:30:05.000,12,output_4,1.3004605262948756
2025-01-06,300329,13:10:00.000,13,output_4,0.9975382006633868
2025-01-06,300329,13:20:00.000,14,output_4,1.917704918345467
2025-01-06,300329,13:30:00.000,15,output_4,2.532931034934932
2025-01-06,300329,13:40:00.000,16,output_4,2.1356115101052704
2025-01-06,300329,13:50:00.000,17,output_4,1.8351886789753753
2025-01-06,300329,14:00:00.000,18,output_4,1.8059627328600203
2025-01-06,300329,14:10:00.000,19,output_4,1.369020978887598
2025-01-06,300329,14:20:00.000,20,output_4,2.6633035710879733
2025-01-06,300329,14:30:00.000,21,output_4,2.289195402371929
2025-01-06,300329,14:40:00.000,22,output_4,1.539042553369035
2025-01-06,300329,14:50:00.000,23,output_4,1.3205077263956302
2025-01-06,300329,14:56:00.000,24,output_4,1.5181196581604135
2025-01-06,300329,14:57:05.000,25,output_4,0.6923595492759448
2025-01-06,300329,15:05:00.000,26,output_4,3.2005555541427047
2025-01-06,300584,09:31:00.000,0,output_4,0.9109392264929924
2025-01-06,300584,09:40:00.000,1,output_4,0.1658389673836772
2025-01-06,300584,09:50:00.000,2,output_4,0.27663741343015885
2025-01-06,300584,10:00:00.000,3,output_4,0.44635820904774454
2025-01-06,300584,10:10:00.000,4,output_4,0.7036971830426247
2025-01-06,300584,10:20:00.000,5,output_4,0.8943647237102013
2025-01-06,300584,10:30:00.000,6,output_4,1.5166071428328145
2025-01-06,300584,10:40:00.000,7,output_4,1.049982456157082
2025-01-06,300584,10:50:00.000,8,output_4,2.002551020408163
2025-01-06,300584,11:00:00.000,9,output_4,1.3354017856929983
2025-01-06,300584,11:10:00.000,10,output_4,2.517136752095997
2025-01-06,300584,11:20:00.000,11,output_4,1.9258387096466556
2025-01-06,300584,11:30:05.000,12,output_4,1.9287012993515311
2025-01-06,300584,13:10:00.000,13,output_4,1.8068484848195856
2025-01-06,300584,13:20:00.000,14,output_4,1.5551041662693024
2025-01-06,300584,13:30:00.000,15,output_4,2.6973423420845926
2025-01-06,300584,13:40:00.000,16,output_4,1.4093838862333252
2025-01-06,300584,13:50:00.000,17,output_4,2.5249572656093497
2025-01-06,300584,14:00:00.000,18,output_4,1.5120759493188014
2025-01-06,300584,14:10:00.000,19,output_4,1.8041087615886124
2025-01-06,300584,14:20:00.000,20,output_4,2.3342745098413205
2025-01-06,300584,14:30:00.000,21,output_4,1.6713352271101691
2025-01-06,300584,14:40:00.000,22,output_4,2.006610738351041
2025-01-06,300584,14:50:00.000,23,output_4,1.1806692912822634
2025-01-06,300584,14:56:00.000,24,output_4,0.768412017003661
2025-01-06,300584,14:57:05.000,25,output_4,0.5028124991804361
2025-01-06,300584,15:05:00.000,26,output_4,1.0536585362946116
2025-01-06,300947,09:31:00.000,0,output_4,0.36964686101327565
2025-01-06,300947,09:40:00.000,1,output_4,0.14044745060209182
2025-01-06,300947,09:50:00.000,2,output_4,0.18398771124867616
2025-01-06,300947,10:00:00.000,3,output_4,0.42317572343324217
2025-01-06,300947,10:10:00.000,4,output_4,0.29717974191625873
2025-01-06,300947,10:20:00.000,5,output_4,0.5420471015183822
2025-01-06,300947,10:30:00.000,6,output_4,0.607951318274647
2025-01-06,300947,10:40:00.000,7,output_4,0.5976370888003562
2025-01-06,300947,10:50:00.000,8,output_4,0.6539647579193115
2025-01-06,300947,11:00:00.000,9,output_4,0.9589032257756879
2025-01-06,300947,11:10:00.000,10,output_4,0.34085665329192993
2025-01-06,300947,11:20:00.000,11,output_4,0.5735186961330366
2025-01-06,300947,11:30:05.000,12,output_4,0.7656704980599317
2025-01-06,300947,13:10:00.000,13,output_4,0.7729624838292367
2025-01-06,300947,13:20:00.000,14,output_4,0.7784334203281851
2025-01-06,300947,13:30:00.000,15,output_4,0.8819378699071309
2025-01-06,300947,13:40:00.000,16,output_4,1.088849721459157
2025-01-06,300947,13:50:00.000,17,output_4,0.8744082838825925
2025-01-06,300947,14:00:00.000,18,output_4,0.6680760626291535
2025-01-06,300947,14:10:00.000,19,output_4,0.5708253358467527
2025-01-06,300947,14:20:00.000,20,output_4,0.6665207630589889
2025-01-06,300947,14:30:00.000,21,output_4,1.1084052532296242
2025-01-06,300947,14:40:00.000,22,output_4,0.4736126483193499
2025-01-06,300947,14:50:00.000,23,output_4,0.41506232680376215
2025-01-06,300947,14:56:00.000,24,output_4,0.23474233537737405
2025-01-06,300947,14:57:05.000,25,output_4,0.13801724129709705
2025-01-06,300947,15:05:00.000,26,output_4,0.4087735853105221
2025-01-06,301005,09:31:00.000,0,output_4,1.666784810416306
2025-01-06,301005,09:40:00.000,1,output_4,0.4572325977283342
2025-01-06,301005,09:50:00.000,2,output_4,1.2480416665474574
2025-01-06,301005,10:00:00.000,3,output_4,1.5756533336639404
2025-01-06,301005,10:10:00.000,4,output_4,1.576102150383816
2025-01-06,301005,10:20:00.000,5,output_4,1.6320718230463522
2025-01-06,301005,10:30:00.000,6,output_4,2.8366666657584054
2025-01-06,301005,10:40:00.000,7,output_4,1.1160037526493896
2025-01-06,301005,10:50:00.000,8,output_4,3.5424999997019766
2025-01-06,301005,11:00:00.000,9,output_4,4.107832168365692
2025-01-06,301005,11:10:00.000,10,output_4,3.3540449437130704
2025-01-06,301005,11:20:00.000,11,output_4,2.5655793990188402
2025-01-06,301005,11:30:05.000,12,output_4,2.52482758616579
2025-01-06,301005,13:10:00.000,13,output_4,3.1809042552684215
2025-01-06,301005,13:20:00.000,14,output_4,5.107327586617963
2025-01-06,301005,13:30:00.000,15,output_4,5.229473684963427
2025-01-06,301005,13:40:00.000,16,output_4,3.424046242168184
2025-01-06,301005,13:50:00.000,17,output_4,4.86561983478956
2025-01-06,301005,14:00:00.000,18,output_4,3.042358974310068
2025-01-06,301005,14:10:00.000,19,output_4,3.438000000224394
2025-01-06,301005,14:20:00.000,20,output_4,5.698415841206466
2025-01-06,301005,14:30:00.000,21,output_4,7.308250001072883
2025-01-06,301005,14:40:00.000,22,output_4,4.259562043377953
2025-01-06,301005,14:50:00.000,23,output_4,3.651049382892656
2025-01-06,301005,14:56:00.000,24,output_4,2.874193549156189
2025-01-06,301005,14:57:05.000,25,output_4,3.273684213035985
2025-01-06,301005,15:05:00.000,26,output_4,1.4690677978224673
2025-01-06,301552,09:31:00.000,0,output_4,1.3450511247833814
2025-01-06,301552,09:40:00.000,1,output_4,0.4987129630865874
2025-01-06,301552,09:50:00.000,2,output_4,1.3152850876774704
2025-01-06,301552,10:00:00.000,3,output_4,1.543115183320969
2025-01-06,301552,10:10:00.000,4,output_4,1.3193258430180925
2025-01-06,301552,10:20:00.000,5,output_4,2.4658227842065354
2025-01-06,301552,10:30:00.000,6,output_4,2.135498155087123
2025-01-06,301552,10:40:00.000,7,output_4,1.9097749190315172
2025-01-06,301552,10:50:00.000,8,output_4,2.1538267144227285
2025-01-06,301552,11:00:00.000,9,output_4,2.7545023698942357
2025-01-06,301552,11:10:00.000,10,output_4,2.6754090916026723
2025-01-06,301552,11:20:00.000,11,output_4,2.016452703121546
2025-01-06,301552,11:30:05.000,12,output_4,4.852100839134024
2025-01-06,301552,13:10:00.000,13,output_4,2.2893333332211365
2025-01-06,301552,13:20:00.000,14,output_4,3.257759561955603
2025-01-06,301552,13:30:00.000,15,output_4,2.5157205236010154
2025-01-06,301552,13:40:00.000,16,output_4,1.7634808257617782
2025-01-06,301552,13:50:00.000,17,output_4,2.2534099620877557
2025-01-06,301552,14:00:00.000,18,output_4,3.1343575429649992
2025-01-06,301552,14:10:00.000,19,output_4,2.283065134538088
2025-01-06,301552,14:20:00.000,20,output_4,4.429552238378951
2025-01-06,301552,14:30:00.000,21,output_4,3.544792899013271
2025-01-06,301552,14:40:00.000,22,output_4,1.7736607144276302
2025-01-06,301552,14:50:00.000,23,output_4,2.4106882593409735
2025-01-06,301552,14:56:00.000,24,output_4,1.5370940173793042
2025-01-06,301552,14:57:05.000,25,output_4,1.3071739155313242
2025-01-06,301552,15:05:00.000,26,output_4,1.9272093024364738
2025-01-06,301578,09:31:00.000,0,output_4,1.5653571429706754
2025-01-06,301578,09:40:00.000,1,output_4,0.4697996517091678
2025-01-06,301578,09:50:00.000,2,output_4,1.4770617284892518
2025-01-06,301578,10:00:00.000,3,output_4,1.2137067206279808
2025-01-06,301578,10:10:00.000,4,output_4,1.5338560407143325
2025-01-06,301578,10:20:00.000,5,output_4,1.503241205934304
2025-01-06,301578,10:30:00.000,6,output_4,2.5710434778876925
2025-01-06,301578,10:40:00.000,7,output_4,1.2597840172168246
2025-01-06,301578,10:50:00.000,8,output_4,2.0615172419054755
2025-01-06,301578,11:00:00.000,9,output_4,2.465413223613392
2025-01-06,301578,11:10:00.000,10,output_4,3.5043274854358875
2025-01-06,301578,11:20:00.000,11,output_4,3.514545453678478
2025-01-06,301578,11:30:05.000,12,output_4,2.544120171551029
2025-01-06,301578,13:10:00.000,13,output_4,2.6707207211503037
2025-01-06,301578,13:20:00.000,14,output_4,2.399341563629025
2025-01-06,301578,13:30:00.000,15,output_4,3.6349375009536744
2025-01-06,301578,13:40:00.000,16,output_4,2.701448597640635
2025-01-06,301578,13:50:00.000,17,output_4,2.45177966053203
2025-01-06,301578,14:00:00.000,18,output_4,2.8132524270455814
2025-01-06,301578,14:10:00.000,19,output_4,1.6731638416732098
2025-01-06,301578,14:20:00.000,20,output_4,2.658177777396308
2025-01-06,301578,14:30:00.000,21,output_4,2.4089473683824423
2025-01-06,301578,14:40:00.000,22,output_4,1.1697684207715486
2025-01-06,301578,14:50:00.000,23,output_4,2.9162439020668587
2025-01-06,301578,14:56:00.000,24,output_4,1.2199305552575324
2025-01-06,301578,14:57:05.000,25,output_4,1.989999994635582
2025-01-06,301578,15:05:00.000,26,output_4,3.8499999967488376
2025-01-02,000690,09:31:00.000,0,output_5,560.0
2025-01-02,000690,09:40:00.000,1,output_5,1193.0
2025-01-02,000690,09:50:00.000,2,output_5,841.0
2025-01-02,000690,10:00:00.000,3,output_5,544.0
2025-01-02,000690,10:10:00.000,4,output_5,1103.0
2025-01-02,000690,10:20:00.000,5,output_5,1064.0
2025-01-02,000690,10:30:00.000,6,output_5,588.0
2025-01-02,000690,10:40:00.000,7,output_5,475.0
2025-01-02,000690,10:50:00.000,8,output_5,1018.0
2025-01-02,000690,11:00:00.000,9,output_5,192.0
2025-01-02,000690,11:10:00.000,10,output_5,861.0
2025-01-02,000690,11:20:00.000,11,output_5,614.0
2025-01-02,000690,11:30:05.000,12,output_5,754.0
2025-01-02,000690,13:10:00.000,13,output_5,877.0
2025-01-02,000690,13:20:00.000,14,output_5,949.0
2025-01-02,000690,13:30:00.000,15,output_5,832.0
2025-01-02,000690,13:40:00.000,16,output_5,698.0
2025-01-02,000690,13:50:00.000,17,output_5,736.0
2025-01-02,000690,14:00:00.000,18,output_5,965.0
2025-01-02,000690,14:10:00.000,19,output_5,627.0
2025-01-02,000690,14:20:00.000,20,output_5,758.0
2025-01-02,000690,14:30:00.000,21,output_5,658.0
2025-01-02,000690,14:40:00.000,22,output_5,1113.0
2025-01-02,000690,14:50:00.000,23,output_5,1051.0
2025-01-02,000690,14:56:00.000,24,output_5,576.0
2025-01-02,000690,14:57:05.000,25,output_5,79.0
2025-01-02,000690,15:05:00.000,26,output_5,118.0
2025-01-02,001389,09:31:00.000,0,output_5,592.0
2025-01-02,001389,09:40:00.000,1,output_5,1321.0
2025-01-02,001389,09:50:00.000,2,output_5,768.0
2025-01-02,001389,10:00:00.000,3,output_5,662.0
2025-01-02,001389,10:10:00.000,4,output_5,523.0
2025-01-02,001389,10:20:00.000,5,output_5,620.0
2025-01-02,001389,10:30:00.000,6,output_5,398.0
2025-01-02,001389,10:40:00.000,7,output_5,361.0
2025-01-02,001389,10:50:00.000,8,output_5,452.0
2025-01-02,001389,11:00:00.000,9,output_5,673.0
2025-01-02,001389,11:10:00.000,10,output_5,719.0
2025-01-02,001389,11:20:00.000,11,output_5,720.0
2025-01-02,001389,11:30:05.000,12,output_5,274.0
2025-01-02,001389,13:10:00.000,13,output_5,408.0
2025-01-02,001389,13:20:00.000,14,output_5,234.0
2025-01-02,001389,13:30:00.000,15,output_5,288.0
2025-01-02,001389,13:40:00.000,16,output_5,652.0
2025-01-02,001389,13:50:00.000,17,output_5,689.0
2025-01-02,001389,14:00:00.000,18,output_5,668.0
2025-01-02,001389,14:10:00.000,19,output_5,791.0
2025-01-02,001389,14:20:00.000,20,output_5,776.0
2025-01-02,001389,14:30:00.000,21,output_5,451.0
2025-01-02,001389,14:40:00.000,22,output_5,764.0
2025-01-02,001389,14:50:00.000,23,output_5,779.0
2025-01-02,001389,14:56:00.000,24,output_5,517.0
2025-01-02,001389,14:57:05.000,25,output_5,150.0
2025-01-02,001389,15:05:00.000,26,output_5,94.0
2025-01-02,002782,09:31:00.000,0,output_5,706.0
2025-01-02,002782,09:40:00.000,1,output_5,2139.0
2025-01-02,002782,09:50:00.000,2,output_5,1150.0
2025-01-02,002782,10:00:00.000,3,output_5,1048.0
2025-01-02,002782,10:10:00.000,4,output_5,603.0
2025-01-02,002782,10:20:00.000,5,output_5,728.0
2025-01-02,002782,10:30:00.000,6,output_5,613.0
2025-01-02,002782,10:40:00.000,7,output_5,790.0
2025-01-02,002782,10:50:00.000,8,output_5,915.0
2025-01-02,002782,11:00:00.000,9,output_5,1057.0
2025-01-02,002782,11:10:00.000,10,output_5,458.0
2025-01-02,002782,11:20:00.000,11,output_5,575.0
2025-01-02,002782,11:30:05.000,12,output_5,510.0
2025-01-02,002782,13:10:00.000,13,output_5,408.0
2025-01-02,002782,13:20:00.000,14,output_5,396.0
2025-01-02,002782,13:30:00.000,15,output_5,645.0
2025-01-02,002782,13:40:00.000,16,output_5,591.0
2025-01-02,002782,13:50:00.000,17,output_5,517.0
2025-01-02,002782,14:00:00.000,18,output_5,567.0
2025-01-02,002782,14:10:00.000,19,output_5,592.0
2025-01-02,002782,14:20:00.000,20,output_5,1241.0
2025-01-02,002782,14:30:00.000,21,output_5,1022.0
2025-01-02,002782,14:40:00.000,22,output_5,1282.0
2025-01-02,002782,14:50:00.000,23,output_5,1235.0
2025-01-02,002782,14:56:00.000,24,output_5,554.0
2025-01-02,002782,14:57:05.000,25,output_5,129.0
2025-01-02,002782,15:05:00.000,26,output_5,90.0
2025-01-02,002852,09:31:00.000,0,output_5,294.0
2025-01-02,002852,09:40:00.000,1,output_5,1322.0
2025-01-02,002852,09:50:00.000,2,output_5,1307.0
2025-01-02,002852,10:00:00.000,3,output_5,1039.0
2025-01-02,002852,10:10:00.000,4,output_5,995.0
2025-01-02,002852,10:20:00.000,5,output_5,701.0
2025-01-02,002852,10:30:00.000,6,output_5,754.0
2025-01-02,002852,10:40:00.000,7,output_5,794.0
2025-01-02,002852,10:50:00.000,8,output_5,596.0
2025-01-02,002852,11:00:00.000,9,output_5,442.0
2025-01-02,002852,11:10:00.000,10,output_5,385.0
2025-01-02,002852,11:20:00.000,11,output_5,399.0
2025-01-02,002852,11:30:05.000,12,output_5,297.0
2025-01-02,002852,13:10:00.000,13,output_5,374.0
2025-01-02,002852,13:20:00.000,14,output_5,581.0
2025-01-02,002852,13:30:00.000,15,output_5,578.0
2025-01-02,002852,13:40:00.000,16,output_5,436.0
2025-01-02,002852,13:50:00.000,17,output_5,520.0
2025-01-02,002852,14:00:00.000,18,output_5,535.0
2025-01-02,002852,14:10:00.000,19,output_5,665.0
2025-01-02,002852,14:20:00.000,20,output_5,722.0
2025-01-02,002852,14:30:00.000,21,output_5,709.0
2025-01-02,002852,14:40:00.000,22,output_5,866.0
2025-01-02,002852,14:50:00.000,23,output_5,1081.0
2025-01-02,002852,14:56:00.000,24,output_5,526.0
2025-01-02,002852,14:57:05.000,25,output_5,78.0
2025-01-02,002852,15:05:00.000,26,output_5,33.0
2025-01-02,300046,09:31:00.000,0,output_5,1348.0
2025-01-02,300046,09:40:00.000,1,output_5,7836.0
2025-01-02,300046,09:50:00.000,2,output_5,3645.0
2025-01-02,300046,10:00:00.000,3,output_5,2560.0
2025-01-02,300046,10:10:00.000,4,output_5,2212.0
2025-01-02,300046,10:20:00.000,5,output_5,1415.0
2025-01-02,300046,10:30:00.000,6,output_5,1428.0
2025-01-02,300046,10:40:00.000,7,output_5,1389.0
2025-01-02,300046,10:50:00.000,8,output_5,1678.0
2025-01-02,300046,11:00:00.000,9,output_5,979.0
2025-01-02,300046,11:10:00.000,10,output_5,1072.0
2025-01-02,300046,11:20:00.000,11,output_5,1400.0
2025-01-02,300046,11:30:05.000,12,output_5,1066.0
2025-01-02,300046,13:10:00.000,13,output_5,2263.0
2025-01-02,300046,13:20:00.000,14,output_5,2617.0
2025-01-02,300046,13:30:00.000,15,output_5,3574.0
2025-01-02,300046,13:40:00.000,16,output_5,1645.0
2025-01-02,300046,13:50:00.000,17,output_5,1421.0
2025-01-02,300046,14:00:00.000,18,output_5,1989.0
2025-01-02,300046,14:10:00.000,19,output_5,1457.0
2025-01-02,300046,14:20:00.000,20,output_5,2590.0
2025-01-02,300046,14:30:00.000,21,output_5,1478.0
2025-01-02,300046,14:40:00.000,22,output_5,2606.0
2025-01-02,300046,14:50:00.000,23,output_5,3121.0
2025-01-02,300046,14:56:00.000,24,output_5,1727.0
2025-01-02,300046,14:57:05.000,25,output_5,759.0
2025-01-02,300046,15:05:00.000,26,output_5,422.0
2025-01-02,300100,09:31:00.000,0,output_5,934.0
2025-01-02,300100,09:40:00.000,1,output_5,3619.0
2025-01-02,300100,09:50:00.000,2,output_5,2532.0
2025-01-02,300100,10:00:00.000,3,output_5,2685.0
2025-01-02,300100,10:10:00.000,4,output_5,2377.0
2025-01-02,300100,10:20:00.000,5,output_5,2922.0
2025-01-02,300100,10:30:00.000,6,output_5,2042.0
2025-01-02,300100,10:40:00.000,7,output_5,3623.0
2025-01-02,300100,10:50:00.000,8,output_5,3548.0
2025-01-02,300100,11:00:00.000,9,output_5,5845.0
2025-01-02,300100,11:10:00.000,10,output_5,2443.0
2025-01-02,300100,11:20:00.000,11,output_5,1828.0
2025-01-02,300100,11:30:05.000,12,output_5,1016.0
2025-01-02,300100,13:10:00.000,13,output_5,1209.0
2025-01-02,300100,13:20:00.000,14,output_5,1381.0
2025-01-02,300100,13:30:00.000,15,output_5,1996.0
2025-01-02,300100,13:40:00.000,16,output_5,1724.0
2025-01-02,300100,13:50:00.000,17,output_5,935.0
2025-01-02,300100,14:00:00.000,18,output_5,2550.0
2025-01-02,300100,14:10:00.000,19,output_5,1042.0
2025-01-02,300100,14:20:00.000,20,output_5,2663.0
2025-01-02,300100,14:30:00.000,21,output_5,1543.0
2025-01-02,300100,14:40:00.000,22,output_5,1857.0
2025-01-02,300100,14:50:00.000,23,output_5,2797.0
2025-01-02,300100,14:56:00.000,24,output_5,1715.0
2025-01-02,300100,14:57:05.000,25,output_5,254.0
2025-01-02,300100,15:05:00.000,26,output_5,360.0
2025-01-02,300214,09:31:00.000,0,output_5,155.0
2025-01-02,300214,09:40:00.000,1,output_5,613.0
2025-01-02,300214,09:50:00.000,2,output_5,617.0
2025-01-02,300214,10:00:00.000,3,output_5,508.0
2025-01-02,300214,10:10:00.000,4,output_5,431.0
2025-01-02,300214,10:20:00.000,5,output_5,428.0
2025-01-02,300214,10:30:00.000,6,output_5,303.0
2025-01-02,300214,10:40:00.000,7,output_5,431.0
2025-01-02,300214,10:50:00.000,8,output_5,287.0
2025-01-02,300214,11:00:00.000,9,output_5,252.0
2025-01-02,300214,11:10:00.000,10,output_5,2497.0
2025-01-02,300214,11:20:00.000,11,output_5,1516.0
2025-01-02,300214,11:30:05.000,12,output_5,1304.0
2025-01-02,300214,13:10:00.000,13,output_5,939.0
2025-01-02,300214,13:20:00.000,14,output_5,589.0
2025-01-02,300214,13:30:00.000,15,output_5,431.0
2025-01-02,300214,13:40:00.000,16,output_5,595.0
2025-01-02,300214,13:50:00.000,17,output_5,437.0
2025-01-02,300214,14:00:00.000,18,output_5,505.0
2025-01-02,300214,14:10:00.000,19,output_5,416.0
2025-01-02,300214,14:20:00.000,20,output_5,423.0
2025-01-02,300214,14:30:00.000,21,output_5,353.0
2025-01-02,300214,14:40:00.000,22,output_5,441.0
2025-01-02,300214,14:50:00.000,23,output_5,981.0
2025-01-02,300214,14:56:00.000,24,output_5,793.0
2025-01-02,300214,14:57:05.000,25,output_5,124.0
2025-01-02,300214,15:05:00.000,26,output_5,144.0
2025-01-02,300779,09:31:00.000,0,output_5,186.0
2025-01-02,300779,09:40:00.000,1,output_5,1300.0
2025-01-02,300779,09:50:00.000,2,output_5,735.0
2025-01-02,300779,10:00:00.000,3,output_5,570.0
2025-01-02,300779,10:10:00.000,4,output_5,1340.0
2025-01-02,300779,10:20:00.000,5,output_5,615.0
2025-01-02,300779,10:30:00.000,6,output_5,528.0
2025-01-02,300779,10:40:00.000,7,output_5,242.0
2025-01-02,300779,10:50:00.000,8,output_5,150.0
2025-01-02,300779,11:00:00.000,9,output_5,208.0
2025-01-02,300779,11:10:00.000,10,output_5,203.0
2025-01-02,300779,11:20:00.000,11,output_5,222.0
2025-01-02,300779,11:30:05.000,12,output_5,108.0
2025-01-02,300779,13:10:00.000,13,output_5,207.0
2025-01-02,300779,13:20:00.000,14,output_5,298.0
2025-01-02,300779,13:30:00.000,15,output_5,160.0
2025-01-02,300779,13:40:00.000,16,output_5,149.0
2025-01-02,300779,13:50:00.000,17,output_5,156.0
2025-01-02,300779,14:00:00.000,18,output_5,454.0
2025-01-02,300779,14:10:00.000,19,output_5,199.0
2025-01-02,300779,14:20:00.000,20,output_5,187.0
2025-01-02,300779,14:30:00.000,21,output_5,400.0
2025-01-02,300779,14:40:00.000,22,output_5,467.0
2025-01-02,300779,14:50:00.000,23,output_5,299.0
2025-01-02,300779,14:56:00.000,24,output_5,322.0
2025-01-02,300779,14:57:05.000,25,output_5,31.0
2025-01-02,300779,15:05:00.000,26,output_5,63.0
2025-01-02,300816,09:31:00.000,0,output_5,497.0
2025-01-02,300816,09:40:00.000,1,output_5,748.0
2025-01-02,300816,09:50:00.000,2,output_5,316.0
2025-01-02,300816,10:00:00.000,3,output_5,422.0
2025-01-02,300816,10:10:00.000,4,output_5,241.0
2025-01-02,300816,10:20:00.000,5,output_5,314.0
2025-01-02,300816,10:30:00.000,6,output_5,261.0
2025-01-02,300816,10:40:00.000,7,output_5,221.0
2025-01-02,300816,10:50:00.000,8,output_5,172.0
2025-01-02,300816,11:00:00.000,9,output_5,127.0
2025-01-02,300816,11:10:00.000,10,output_5,137.0
2025-01-02,300816,11:20:00.000,11,output_5,207.0
2025-01-02,300816,11:30:05.000,12,output_5,110.0
2025-01-02,300816,13:10:00.000,13,output_5,139.0
2025-01-02,300816,13:20:00.000,14,output_5,197.0
2025-01-02,300816,13:30:00.000,15,output_5,191.0
2025-01-02,300816,13:40:00.000,16,output_5,155.0
2025-01-02,300816,13:50:00.000,17,output_5,127.0
2025-01-02,300816,14:00:00.000,18,output_5,189.0
2025-01-02,300816,14:10:00.000,19,output_5,180.0
2025-01-02,300816,14:20:00.000,20,output_5,212.0
2025-01-02,300816,14:30:00.000,21,output_5,178.0
2025-01-02,300816,14:40:00.000,22,output_5,241.0
2025-01-02,300816,14:50:00.000,23,output_5,392.0
2025-01-02,300816,14:56:00.000,24,output_5,184.0
2025-01-02,300816,14:57:05.000,25,output_5,84.0
2025-01-02,300816,15:05:00.000,26,output_5,28.0
2025-01-02,301157,09:31:00.000,0,output_5,270.0
2025-01-02,301157,09:40:00.000,1,output_5,955.0
2025-01-02,301157,09:50:00.000,2,output_5,482.0
2025-01-02,301157,10:00:00.000,3,output_5,355.0
2025-01-02,301157,10:10:00.000,4,output_5,316.0
2025-01-02,301157,10:20:00.000,5,output_5,480.0
2025-01-02,301157,10:30:00.000,6,output_5,259.0
2025-01-02,301157,10:40:00.000,7,output_5,243.0
2025-01-02,301157,10:50:00.000,8,output_5,125.0
2025-01-02,301157,11:00:00.000,9,output_5,160.0
2025-01-02,301157,11:10:00.000,10,output_5,812.0
2025-01-02,301157,11:20:00.000,11,output_5,584.0
2025-01-02,301157,11:30:05.000,12,output_5,260.0
2025-01-02,301157,13:10:00.000,13,output_5,430.0
2025-01-02,301157,13:20:00.000,14,output_5,182.0
2025-01-02,301157,13:30:00.000,15,output_5,298.0
2025-01-02,301157,13:40:00.000,16,output_5,256.0
2025-01-02,301157,13:50:00.000,17,output_5,168.0
2025-01-02,301157,14:00:00.000,18,output_5,291.0
2025-01-02,301157,14:10:00.000,19,output_5,156.0
2025-01-02,301157,14:20:00.000,20,output_5,227.0
2025-01-02,301157,14:30:00.000,21,output_5,198.0
2025-01-02,301157,14:40:00.000,22,output_5,353.0
2025-01-02,301157,14:50:00.000,23,output_5,476.0
2025-01-02,301157,14:56:00.000,24,output_5,387.0
2025-01-02,301157,14:57:05.000,25,output_5,125.0
2025-01-02,301157,15:05:00.000,26,output_5,143.0
2025-01-03,000548,09:31:00.000,0,output_5,473.0
2025-01-03,000548,09:40:00.000,1,output_5,2869.0
2025-01-03,000548,09:50:00.000,2,output_5,1542.0
2025-01-03,000548,10:00:00.000,3,output_5,1373.0
2025-01-03,000548,10:10:00.000,4,output_5,927.0
2025-01-03,000548,10:20:00.000,5,output_5,583.0
2025-01-03,000548,10:30:00.000,6,output_5,778.0
2025-01-03,000548,10:40:00.000,7,output_5,634.0
2025-01-03,000548,10:50:00.000,8,output_5,487.0
2025-01-03,000548,11:00:00.000,9,output_5,253.0
2025-01-03,000548,11:10:00.000,10,output_5,385.0
2025-01-03,000548,11:20:00.000,11,output_5,510.0
2025-01-03,000548,11:30:05.000,12,output_5,366.0
2025-01-03,000548,13:10:00.000,13,output_5,521.0
2025-01-03,000548,13:20:00.000,14,output_5,584.0
2025-01-03,000548,13:30:00.000,15,output_5,328.0
2025-01-03,000548,13:40:00.000,16,output_5,574.0
2025-01-03,000548,13:50:00.000,17,output_5,484.0
2025-01-03,000548,14:00:00.000,18,output_5,548.0
2025-01-03,000548,14:10:00.000,19,output_5,755.0
2025-01-03,000548,14:20:00.000,20,output_5,815.0
2025-01-03,000548,14:30:00.000,21,output_5,539.0
2025-01-03,000548,14:40:00.000,22,output_5,930.0
2025-01-03,000548,14:50:00.000,23,output_5,1183.0
2025-01-03,000548,14:56:00.000,24,output_5,643.0
2025-01-03,000548,14:57:05.000,25,output_5,189.0
2025-01-03,000548,15:05:00.000,26,output_5,66.0
2025-01-03,000677,09:31:00.000,0,output_5,305.0
2025-01-03,000677,09:40:00.000,1,output_5,2653.0
2025-01-03,000677,09:50:00.000,2,output_5,1929.0
2025-01-03,000677,10:00:00.000,3,output_5,1305.0
2025-01-03,000677,10:10:00.000,4,output_5,1614.0
2025-01-03,000677,10:20:00.000,5,output_5,787.0
2025-01-03,000677,10:30:00.000,6,output_5,787.0
2025-01-03,000677,10:40:00.000,7,output_5,865.0
2025-01-03,000677,10:50:00.000,8,output_5,521.0
2025-01-03,000677,11:00:00.000,9,output_5,368.0
2025-01-03,000677,11:10:00.000,10,output_5,423.0
2025-01-03,000677,11:20:00.000,11,output_5,322.0
2025-01-03,000677,11:30:05.000,12,output_5,851.0
2025-01-03,000677,13:10:00.000,13,output_5,804.0
2025-01-03,000677,13:20:00.000,14,output_5,1133.0
2025-01-03,000677,13:30:00.000,15,output_5,570.0
2025-01-03,000677,13:40:00.000,16,output_5,1002.0
2025-01-03,000677,13:50:00.000,17,output_5,987.0
2025-01-03,000677,14:00:00.000,18,output_5,833.0
2025-01-03,000677,14:10:00.000,19,output_5,1203.0
2025-01-03,000677,14:20:00.000,20,output_5,986.0
2025-01-03,000677,14:30:00.000,21,output_5,934.0
2025-01-03,000677,14:40:00.000,22,output_5,1058.0
2025-01-03,000677,14:50:00.000,23,output_5,879.0
2025-01-03,000677,14:56:00.000,24,output_5,902.0
2025-01-03,000677,14:57:05.000,25,output_5,195.0
2025-01-03,000677,15:05:00.000,26,output_5,69.0
2025-01-03,002079,09:31:00.000,0,output_5,368.0
2025-01-03,002079,09:40:00.000,1,output_5,2342.0
2025-01-03,002079,09:50:00.000,2,output_5,1498.0
2025-01-03,002079,10:00:00.000,3,output_5,1679.0
2025-01-03,002079,10:10:00.000,4,output_5,820.0
2025-01-03,002079,10:20:00.000,5,output_5,540.0
2025-01-03,002079,10:30:00.000,6,output_5,1056.0
2025-01-03,002079,10:40:00.000,7,output_5,766.0
2025-01-03,002079,10:50:00.000,8,output_5,300.0
2025-01-03,002079,11:00:00.000,9,output_5,204.0
2025-01-03,002079,11:10:00.000,10,output_5,337.0
2025-01-03,002079,11:20:00.000,11,output_5,282.0
2025-01-03,002079,11:30:05.000,12,output_5,430.0
2025-01-03,002079,13:10:00.000,13,output_5,424.0
2025-01-03,002079,13:20:00.000,14,output_5,517.0
2025-01-03,002079,13:30:00.000,15,output_5,662.0
2025-01-03,002079,13:40:00.000,16,output_5,740.0
2025-01-03,002079,13:50:00.000,17,output_5,778.0
2025-01-03,002079,14:00:00.000,18,output_5,1156.0
2025-01-03,002079,14:10:00.000,19,output_5,1006.0
2025-01-03,002079,14:20:00.000,20,output_5,1511.0
2025-01-03,002079,14:30:00.000,21,output_5,977.0
2025-01-03,002079,14:40:00.000,22,output_5,1104.0
2025-01-03,002079,14:50:00.000,23,output_5,1270.0
2025-01-03,002079,14:56:00.000,24,output_5,827.0
2025-01-03,002079,14:57:05.000,25,output_5,171.0
2025-01-03,002079,15:05:00.000,26,output_5,183.0
2025-01-03,002177,09:31:00.000,0,output_5,578.0
2025-01-03,002177,09:40:00.000,1,output_5,4837.0
2025-01-03,002177,09:50:00.000,2,output_5,3854.0
2025-01-03,002177,10:00:00.000,3,output_5,3121.0
2025-01-03,002177,10:10:00.000,4,output_5,2620.0
2025-01-03,002177,10:20:00.000,5,output_5,2371.0
2025-01-03,002177,10:30:00.000,6,output_5,1640.0
2025-01-03,002177,10:40:00.000,7,output_5,1060.0
2025-01-03,002177,10:50:00.000,8,output_5,609.0
2025-01-03,002177,11:00:00.000,9,output_5,676.0
2025-01-03,002177,11:10:00.000,10,output_5,598.0
2025-01-03,002177,11:20:00.000,11,output_5,505.0
2025-01-03,002177,11:30:05.000,12,output_5,832.0
2025-01-03,002177,13:10:00.000,13,output_5,863.0
2025-01-03,002177,13:20:00.000,14,output_5,1182.0
2025-01-03,002177,13:30:00.000,15,output_5,1073.0
2025-01-03,002177,13:40:00.000,16,output_5,1096.0
2025-01-03,002177,13:50:00.000,17,output_5,956.0
2025-01-03,002177,14:00:00.000,18,output_5,1598.0
2025-01-03,002177,14:10:00.000,19,output_5,1195.0
2025-01-03,002177,14:20:00.000,20,output_5,1468.0
2025-01-03,002177,14:30:00.000,21,output_5,1173.0
2025-01-03,002177,14:40:00.000,22,output_5,1658.0
2025-01-03,002177,14:50:00.000,23,output_5,1740.0
2025-01-03,002177,14:56:00.000,24,output_5,1559.0
2025-01-03,002177,14:57:05.000,25,output_5,368.0
2025-01-03,002177,15:05:00.000,26,output_5,203.0
2025-01-03,002311,09:31:00.000,0,output_5,562.0
2025-01-03,002311,09:40:00.000,1,output_5,1585.0
2025-01-03,002311,09:50:00.000,2,output_5,1213.0
2025-01-03,002311,10:00:00.000,3,output_5,1216.0
2025-01-03,002311,10:10:00.000,4,output_5,990.0
2025-01-03,002311,10:20:00.000,5,output_5,819.0
2025-01-03,002311,10:30:00.000,6,output_5,900.0
2025-01-03,002311,10:40:00.000,7,output_5,970.0
2025-01-03,002311,10:50:00.000,8,output_5,806.0
2025-01-03,002311,11:00:00.000,9,output_5,886.0
2025-01-03,002311,11:10:00.000,10,output_5,642.0
2025-01-03,002311,11:20:00.000,11,output_5,882.0
2025-01-03,002311,11:30:05.000,12,output_5,880.0
2025-01-03,002311,13:10:00.000,13,output_5,1168.0
2025-01-03,002311,13:20:00.000,14,output_5,1481.0
2025-01-03,002311,13:30:00.000,15,output_5,940.0
2025-01-03,002311,13:40:00.000,16,output_5,891.0
2025-01-03,002311,13:50:00.000,17,output_5,1362.0
2025-01-03,002311,14:00:00.000,18,output_5,1061.0
2025-01-03,002311,14:10:00.000,19,output_5,1279.0
2025-01-03,002311,14:20:00.000,20,output_5,1261.0
2025-01-03,002311,14:30:00.000,21,output_5,1174.0
2025-01-03,002311,14:40:00.000,22,output_5,1162.0
2025-01-03,002311,14:50:00.000,23,output_5,1038.0
2025-01-03,002311,14:56:00.000,24,output_5,526.0
2025-01-03,002311,14:57:05.000,25,output_5,64.0
2025-01-03,002311,15:05:00.000,26,output_5,64.0
2025-01-03,002876,09:31:00.000,0,output_5,242.0
2025-01-03,002876,09:40:00.000,1,output_5,1786.0
2025-01-03,002876,09:50:00.000,2,output_5,1035.0
2025-01-03,002876,10:00:00.000,3,output_5,979.0
2025-01-03,002876,10:10:00.000,4,output_5,483.0
2025-01-03,002876,10:20:00.000,5,output_5,344.0
2025-01-03,002876,10:30:00.000,6,output_5,370.0
2025-01-03,002876,10:40:00.000,7,output_5,364.0
2025-01-03,002876,10:50:00.000,8,output_5,284.0
2025-01-03,002876,11:00:00.000,9,output_5,426.0
2025-01-03,002876,11:10:00.000,10,output_5,312.0
2025-01-03,002876,11:20:00.000,11,output_5,234.0
2025-01-03,002876,11:30:05.000,12,output_5,245.0
2025-01-03,002876,13:10:00.000,13,output_5,562.0
2025-01-03,002876,13:20:00.000,14,output_5,336.0
2025-01-03,002876,13:30:00.000,15,output_5,312.0
2025-01-03,002876,13:40:00.000,16,output_5,488.0
2025-01-03,002876,13:50:00.000,17,output_5,466.0
2025-01-03,002876,14:00:00.000,18,output_5,663.0
2025-01-03,002876,14:10:00.000,19,output_5,641.0
2025-01-03,002876,14:20:00.000,20,output_5,935.0
2025-01-03,002876,14:30:00.000,21,output_5,677.0
2025-01-03,002876,14:40:00.000,22,output_5,746.0
2025-01-03,002876,14:50:00.000,23,output_5,942.0
2025-01-03,002876,14:56:00.000,24,output_5,627.0
2025-01-03,002876,14:57:05.000,25,output_5,66.0
2025-01-03,002876,15:05:00.000,26,output_5,105.0
2025-01-03,300967,09:31:00.000,0,output_5,225.0
2025-01-03,300967,09:40:00.000,1,output_5,1411.0
2025-01-03,300967,09:50:00.000,2,output_5,802.0
2025-01-03,300967,10:00:00.000,3,output_5,545.0
2025-01-03,300967,10:10:00.000,4,output_5,522.0
2025-01-03,300967,10:20:00.000,5,output_5,278.0
2025-01-03,300967,10:30:00.000,6,output_5,225.0
2025-01-03,300967,10:40:00.000,7,output_5,264.0
2025-01-03,300967,10:50:00.000,8,output_5,217.0
2025-01-03,300967,11:00:00.000,9,output_5,164.0
2025-01-03,300967,11:10:00.000,10,output_5,176.0
2025-01-03,300967,11:20:00.000,11,output_5,142.0
2025-01-03,300967,11:30:05.000,12,output_5,223.0
2025-01-03,300967,13:10:00.000,13,output_5,320.0
2025-01-03,300967,13:20:00.000,14,output_5,180.0
2025-01-03,300967,13:30:00.000,15,output_5,201.0
2025-01-03,300967,13:40:00.000,16,output_5,257.0
2025-01-03,300967,13:50:00.000,17,output_5,193.0
2025-01-03,300967,14:00:00.000,18,output_5,241.0
2025-01-03,300967,14:10:00.000,19,output_5,382.0
2025-01-03,300967,14:20:00.000,20,output_5,290.0
2025-01-03,300967,14:30:00.000,21,output_5,310.0
2025-01-03,300967,14:40:00.000,22,output_5,350.0
2025-01-03,300967,14:50:00.000,23,output_5,495.0
2025-01-03,300967,14:56:00.000,24,output_5,303.0
2025-01-03,300967,14:57:05.000,25,output_5,54.0
2025-01-03,300967,15:05:00.000,26,output_5,37.0
2025-01-03,301035,09:31:00.000,0,output_5,236.0
2025-01-03,301035,09:40:00.000,1,output_5,521.0
2025-01-03,301035,09:50:00.000,2,output_5,284.0
2025-01-03,301035,10:00:00.000,3,output_5,526.0
2025-01-03,301035,10:10:00.000,4,output_5,253.0
2025-01-03,301035,10:20:00.000,5,output_5,91.0
2025-01-03,301035,10:30:00.000,6,output_5,169.0
2025-01-03,301035,10:40:00.000,7,output_5,127.0
2025-01-03,301035,10:50:00.000,8,output_5,89.0
2025-01-03,301035,11:00:00.000,9,output_5,67.0
2025-01-03,301035,11:10:00.000,10,output_5,46.0
2025-01-03,301035,11:20:00.000,11,output_5,86.0
2025-01-03,301035,11:30:05.000,12,output_5,179.0
2025-01-03,301035,13:10:00.000,13,output_5,70.0
2025-01-03,301035,13:20:00.000,14,output_5,124.0
2025-01-03,301035,13:30:00.000,15,output_5,166.0
2025-01-03,301035,13:40:00.000,16,output_5,82.0
2025-01-03,301035,13:50:00.000,17,output_5,130.0
2025-01-03,301035,14:00:00.000,18,output_5,277.0
2025-01-03,301035,14:10:00.000,19,output_5,250.0
2025-01-03,301035,14:20:00.000,20,output_5,290.0
2025-01-03,301035,14:30:00.000,21,output_5,242.0
2025-01-03,301035,14:40:00.000,22,output_5,199.0
2025-01-03,301035,14:50:00.000,23,output_5,510.0
2025-01-03,301035,14:56:00.000,24,output_5,373.0
2025-01-03,301035,14:57:05.000,25,output_5,39.0
2025-01-03,301035,15:05:00.000,26,output_5,76.0
2025-01-03,301049,09:31:00.000,0,output_5,110.0
2025-01-03,301049,09:40:00.000,1,output_5,588.0
2025-01-03,301049,09:50:00.000,2,output_5,235.0
2025-01-03,301049,10:00:00.000,3,output_5,245.0
2025-01-03,301049,10:10:00.000,4,output_5,326.0
2025-01-03,301049,10:20:00.000,5,output_5,174.0
2025-01-03,301049,10:30:00.000,6,output_5,516.0
2025-01-03,301049,10:40:00.000,7,output_5,262.0
2025-01-03,301049,10:50:00.000,8,output_5,183.0
2025-01-03,301049,11:00:00.000,9,output_5,65.0
2025-01-03,301049,11:10:00.000,10,output_5,89.0
2025-01-03,301049,11:20:00.000,11,output_5,76.0
2025-01-03,301049,11:30:05.000,12,output_5,97.0
2025-01-03,301049,13:10:00.000,13,output_5,140.0
2025-01-03,301049,13:20:00.000,14,output_5,87.0
2025-01-03,301049,13:30:00.000,15,output_5,150.0
2025-01-03,301049,13:40:00.000,16,output_5,128.0
2025-01-03,301049,13:50:00.000,17,output_5,77.0
2025-01-03,301049,14:00:00.000,18,output_5,83.0
2025-01-03,301049,14:10:00.000,19,output_5,175.0
2025-01-03,301049,14:20:00.000,20,output_5,95.0
2025-01-03,301049,14:30:00.000,21,output_5,196.0
2025-01-03,301049,14:40:00.000,22,output_5,85.0
2025-01-03,301049,14:50:00.000,23,output_5,135.0
2025-01-03,301049,14:56:00.000,24,output_5,171.0
2025-01-03,301049,14:57:05.000,25,output_5,26.0
2025-01-03,301049,15:05:00.000,26,output_5,43.0
2025-01-03,301393,09:31:00.000,0,output_5,55.0
2025-01-03,301393,09:40:00.000,1,output_5,383.0
2025-01-03,301393,09:50:00.000,2,output_5,397.0
2025-01-03,301393,10:00:00.000,3,output_5,265.0
2025-01-03,301393,10:10:00.000,4,output_5,163.0
2025-01-03,301393,10:20:00.000,5,output_5,96.0
2025-01-03,301393,10:30:00.000,6,output_5,85.0
2025-01-03,301393,10:40:00.000,7,output_5,75.0
2025-01-03,301393,10:50:00.000,8,output_5,91.0
2025-01-03,301393,11:00:00.000,9,output_5,58.0
2025-01-03,301393,11:10:00.000,10,output_5,116.0
2025-01-03,301393,11:20:00.000,11,output_5,99.0
2025-01-03,301393,11:30:05.000,12,output_5,112.0
2025-01-03,301393,13:10:00.000,13,output_5,101.0
2025-01-03,301393,13:20:00.000,14,output_5,117.0
2025-01-03,301393,13:30:00.000,15,output_5,49.0
2025-01-03,301393,13:40:00.000,16,output_5,39.0
2025-01-03,301393,13:50:00.000,17,output_5,76.0
2025-01-03,301393,14:00:00.000,18,output_5,147.0
2025-01-03,301393,14:10:00.000,19,output_5,104.0
2025-01-03,301393,14:20:00.000,20,output_5,142.0
2025-01-03,301393,14:30:00.000,21,output_5,76.0
2025-01-03,301393,14:40:00.000,22,output_5,83.0
2025-01-03,301393,14:50:00.000,23,output_5,131.0
2025-01-03,301393,14:56:00.000,24,output_5,142.0
2025-01-03,301393,14:57:05.000,25,output_5,11.0
2025-01-03,301393,15:05:00.000,26,output_5,37.0
2025-01-06,000848,09:31:00.000,0,output_5,987.0
2025-01-06,000848,09:40:00.000,1,output_5,2077.0
2025-01-06,000848,09:50:00.000,2,output_5,2188.0
2025-01-06,000848,10:00:00.000,3,output_5,1262.0
2025-01-06,000848,10:10:00.000,4,output_5,1348.0
2025-01-06,000848,10:20:00.000,5,output_5,941.0
2025-01-06,000848,10:30:00.000,6,output_5,791.0
2025-01-06,000848,10:40:00.000,7,output_5,1039.0
2025-01-06,000848,10:50:00.000,8,output_5,485.0
2025-01-06,000848,11:00:00.000,9,output_5,641.0
2025-01-06,000848,11:10:00.000,10,output_5,397.0
2025-01-06,000848,11:20:00.000,11,output_5,732.0
2025-01-06,000848,11:30:05.000,12,output_5,554.0
2025-01-06,000848,13:10:00.000,13,output_5,1078.0
2025-01-06,000848,13:20:00.000,14,output_5,625.0
2025-01-06,000848,13:30:00.000,15,output_5,777.0
2025-01-06,000848,13:40:00.000,16,output_5,879.0
2025-01-06,000848,13:50:00.000,17,output_5,683.0
2025-01-06,000848,14:00:00.000,18,output_5,542.0
2025-01-06,000848,14:10:00.000,19,output_5,811.0
2025-01-06,000848,14:20:00.000,20,output_5,639.0
2025-01-06,000848,14:30:00.000,21,output_5,770.0
2025-01-06,000848,14:40:00.000,22,output_5,1455.0
2025-01-06,000848,14:50:00.000,23,output_5,847.0
2025-01-06,000848,14:56:00.000,24,output_5,1180.0
2025-01-06,000848,14:57:05.000,25,output_5,84.0
2025-01-06,000848,15:05:00.000,26,output_5,121.0
2025-01-06,000949,09:31:00.000,0,output_5,524.0
2025-01-06,000949,09:40:00.000,1,output_5,2924.0
2025-01-06,000949,09:50:00.000,2,output_5,1832.0
2025-01-06,000949,10:00:00.000,3,output_5,951.0
2025-01-06,000949,10:10:00.000,4,output_5,1174.0
2025-01-06,000949,10:20:00.000,5,output_5,974.0
2025-01-06,000949,10:30:00.000,6,output_5,595.0
2025-01-06,000949,10:40:00.000,7,output_5,598.0
2025-01-06,000949,10:50:00.000,8,output_5,1043.0
2025-01-06,000949,11:00:00.000,9,output_5,777.0
2025-01-06,000949,11:10:00.000,10,output_5,782.0
2025-01-06,000949,11:20:00.000,11,output_5,1753.0
2025-01-06,000949,11:30:05.000,12,output_5,856.0
2025-01-06,000949,13:10:00.000,13,output_5,1261.0
2025-01-06,000949,13:20:00.000,14,output_5,548.0
2025-01-06,000949,13:30:00.000,15,output_5,510.0
2025-01-06,000949,13:40:00.000,16,output_5,1269.0
2025-01-06,000949,13:50:00.000,17,output_5,679.0
2025-01-06,000949,14:00:00.000,18,output_5,463.0
2025-01-06,000949,14:10:00.000,19,output_5,544.0
2025-01-06,000949,14:20:00.000,20,output_5,322.0
2025-01-06,000949,14:30:00.000,21,output_5,232.0
2025-01-06,000949,14:40:00.000,22,output_5,861.0
2025-01-06,000949,14:50:00.000,23,output_5,938.0
2025-01-06,000949,14:56:00.000,24,output_5,656.0
2025-01-06,000949,14:57:05.000,25,output_5,121.0
2025-01-06,000949,15:05:00.000,26,output_5,133.0
2025-01-06,002307,09:31:00.000,0,output_5,420.0
2025-01-06,002307,09:40:00.000,1,output_5,1353.0
2025-01-06,002307,09:50:00.000,2,output_5,567.0
2025-01-06,002307,10:00:00.000,3,output_5,381.0
2025-01-06,002307,10:10:00.000,4,output_5,338.0
2025-01-06,002307,10:20:00.000,5,output_5,443.0
2025-01-06,002307,10:30:00.000,6,output_5,280.0
2025-01-06,002307,10:40:00.000,7,output_5,158.0
2025-01-06,002307,10:50:00.000,8,output_5,158.0
2025-01-06,002307,11:00:00.000,9,output_5,83.0
2025-01-06,002307,11:10:00.000,10,output_5,89.0
2025-01-06,002307,11:20:00.000,11,output_5,134.0
2025-01-06,002307,11:30:05.000,12,output_5,188.0
2025-01-06,002307,13:10:00.000,13,output_5,113.0
2025-01-06,002307,13:20:00.000,14,output_5,154.0
2025-01-06,002307,13:30:00.000,15,output_5,204.0
2025-01-06,002307,13:40:00.000,16,output_5,169.0
2025-01-06,002307,13:50:00.000,17,output_5,110.0
2025-01-06,002307,14:00:00.000,18,output_5,112.0
2025-01-06,002307,14:10:00.000,19,output_5,206.0
2025-01-06,002307,14:20:00.000,20,output_5,100.0
2025-01-06,002307,14:30:00.000,21,output_5,71.0
2025-01-06,002307,14:40:00.000,22,output_5,426.0
2025-01-06,002307,14:50:00.000,23,output_5,259.0
2025-01-06,002307,14:56:00.000,24,output_5,188.0
2025-01-06,002307,14:57:05.000,25,output_5,62.0
2025-01-06,002307,15:05:00.000,26,output_5,90.0
2025-01-06,300284,09:31:00.000,0,output_5,633.0
2025-01-06,300284,09:40:00.000,1,output_5,3301.0
2025-01-06,300284,09:50:00.000,2,output_5,1217.0
2025-01-06,300284,10:00:00.000,3,output_5,787.0
2025-01-06,300284,10:10:00.000,4,output_5,771.0
2025-01-06,300284,10:20:00.000,5,output_5,855.0
2025-01-06,300284,10:30:00.000,6,output_5,666.0
2025-01-06,300284,10:40:00.000,7,output_5,593.0
2025-01-06,300284,10:50:00.000,8,output_5,479.0
2025-01-06,300284,11:00:00.000,9,output_5,572.0
2025-01-06,300284,11:10:00.000,10,output_5,760.0
2025-01-06,300284,11:20:00.000,11,output_5,297.0
2025-01-06,300284,11:30:05.000,12,output_5,943.0
2025-01-06,300284,13:10:00.000,13,output_5,659.0
2025-01-06,300284,13:20:00.000,14,output_5,413.0
2025-01-06,300284,13:30:00.000,15,output_5,543.0
2025-01-06,300284,13:40:00.000,16,output_5,697.0
2025-01-06,300284,13:50:00.000,17,output_5,390.0
2025-01-06,300284,14:00:00.000,18,output_5,398.0
2025-01-06,300284,14:10:00.000,19,output_5,634.0
2025-01-06,300284,14:20:00.000,20,output_5,307.0
2025-01-06,300284,14:30:00.000,21,output_5,382.0
2025-01-06,300284,14:40:00.000,22,output_5,1140.0
2025-01-06,300284,14:50:00.000,23,output_5,760.0
2025-01-06,300284,14:56:00.000,24,output_5,544.0
2025-01-06,300284,14:57:05.000,25,output_5,138.0
2025-01-06,300284,15:05:00.000,26,output_5,111.0
2025-01-06,300329,09:31:00.000,0,output_5,485.0
2025-01-06,300329,09:40:00.000,1,output_5,1039.0
2025-01-06,300329,09:50:00.000,2,output_5,1009.0
2025-01-06,300329,10:00:00.000,3,output_5,571.0
2025-01-06,300329,10:10:00.000,4,output_5,474.0
2025-01-06,300329,10:20:00.000,5,output_5,405.0
2025-01-06,300329,10:30:00.000,6,output_5,312.0
2025-01-06,300329,10:40:00.000,7,output_5,418.0
2025-01-06,300329,10:50:00.000,8,output_5,321.0
2025-01-06,300329,11:00:00.000,9,output_5,209.0
2025-01-06,300329,11:10:00.000,10,output_5,223.0
2025-01-06,300329,11:20:00.000,11,output_5,128.0
2025-01-06,300329,11:30:05.000,12,output_5,283.0
2025-01-06,300329,13:10:00.000,13,output_5,346.0
2025-01-06,300329,13:20:00.000,14,output_5,213.0
2025-01-06,300329,13:30:00.000,15,output_5,162.0
2025-01-06,300329,13:40:00.000,16,output_5,229.0
2025-01-06,300329,13:50:00.000,17,output_5,233.0
2025-01-06,300329,14:00:00.000,18,output_5,206.0
2025-01-06,300329,14:10:00.000,19,output_5,249.0
2025-01-06,300329,14:20:00.000,20,output_5,131.0
2025-01-06,300329,14:30:00.000,21,output_5,175.0
2025-01-06,300329,14:40:00.000,22,output_5,226.0
2025-01-06,300329,14:50:00.000,23,output_5,347.0
2025-01-06,300329,14:56:00.000,24,output_5,176.0
2025-01-06,300329,14:57:05.000,25,output_5,88.0
2025-01-06,300329,15:05:00.000,26,output_5,45.0
2025-01-06,300584,09:31:00.000,0,output_5,313.0
2025-01-06,300584,09:40:00.000,1,output_5,2030.0
2025-01-06,300584,09:50:00.000,2,output_5,1372.0
2025-01-06,300584,10:00:00.000,3,output_5,759.0
2025-01-06,300584,10:10:00.000,4,output_5,490.0
2025-01-06,300584,10:20:00.000,5,output_5,426.0
2025-01-06,300584,10:30:00.000,6,output_5,255.0
2025-01-06,300584,10:40:00.000,7,output_5,311.0
2025-01-06,300584,10:50:00.000,8,output_5,186.0
2025-01-06,300584,11:00:00.000,9,output_5,264.0
2025-01-06,300584,11:10:00.000,10,output_5,159.0
2025-01-06,300584,11:20:00.000,11,output_5,244.0
2025-01-06,300584,11:30:05.000,12,output_5,162.0
2025-01-06,300584,13:10:00.000,13,output_5,210.0
2025-01-06,300584,13:20:00.000,14,output_5,246.0
2025-01-06,300584,13:30:00.000,15,output_5,159.0
2025-01-06,300584,13:40:00.000,16,output_5,247.0
2025-01-06,300584,13:50:00.000,17,output_5,178.0
2025-01-06,300584,14:00:00.000,18,output_5,211.0
2025-01-06,300584,14:10:00.000,19,output_5,193.0
2025-01-06,300584,14:20:00.000,20,output_5,136.0
2025-01-06,300584,14:30:00.000,21,output_5,207.0
2025-01-06,300584,14:40:00.000,22,output_5,191.0
2025-01-06,300584,14:50:00.000,23,output_5,395.0
2025-01-06,300584,14:56:00.000,24,output_5,362.0
2025-01-06,300584,14:57:05.000,25,output_5,134.0
2025-01-06,300584,15:05:00.000,26,output_5,122.0
2025-01-06,300947,09:31:00.000,0,output_5,926.0
2025-01-06,300947,09:40:00.000,1,output_5,2813.0
2025-01-06,300947,09:50:00.000,2,output_5,2104.0
2025-01-06,300947,10:00:00.000,3,output_5,882.0
2025-01-06,300947,10:10:00.000,4,output_5,1275.0
2025-01-06,300947,10:20:00.000,5,output_5,753.0
2025-01-06,300947,10:30:00.000,6,output_5,728.0
2025-01-06,300947,10:40:00.000,7,output_5,635.0
2025-01-06,300947,10:50:00.000,8,output_5,660.0
2025-01-06,300947,11:00:00.000,9,output_5,347.0
2025-01-06,300947,11:10:00.000,10,output_5,1230.0
2025-01-06,300947,11:20:00.000,11,output_5,691.0
2025-01-06,300947,11:30:05.000,12,output_5,476.0
2025-01-06,300947,13:10:00.000,13,output_5,426.0
2025-01-06,300947,13:20:00.000,14,output_5,493.0
2025-01-06,300947,13:30:00.000,15,output_5,436.0
2025-01-06,300947,13:40:00.000,16,output_5,345.0
2025-01-06,300947,13:50:00.000,17,output_5,450.0
2025-01-06,300947,14:00:00.000,18,output_5,525.0
2025-01-06,300947,14:10:00.000,19,output_5,684.0
2025-01-06,300947,14:20:00.000,20,output_5,557.0
2025-01-06,300947,14:30:00.000,21,output_5,358.0
2025-01-06,300947,14:40:00.000,22,output_5,975.0
2025-01-06,300947,14:50:00.000,23,output_5,996.0
2025-01-06,300947,14:56:00.000,24,output_5,1180.0
2025-01-06,300947,14:57:05.000,25,output_5,391.0
2025-01-06,300947,15:05:00.000,26,output_5,328.0
2025-01-06,301005,09:31:00.000,0,output_5,144.0
2025-01-06,301005,09:40:00.000,1,output_5,610.0
2025-01-06,301005,09:50:00.000,2,output_5,231.0
2025-01-06,301005,10:00:00.000,3,output_5,175.0
2025-01-06,301005,10:10:00.000,4,output_5,160.0
2025-01-06,301005,10:20:00.000,5,output_5,193.0
2025-01-06,301005,10:30:00.000,6,output_5,104.0
2025-01-06,301005,10:40:00.000,7,output_5,191.0
2025-01-06,301005,10:50:00.000,8,output_5,92.0
2025-01-06,301005,11:00:00.000,9,output_5,95.0
2025-01-06,301005,11:10:00.000,10,output_5,93.0
2025-01-06,301005,11:20:00.000,11,output_5,150.0
2025-01-06,301005,11:30:05.000,12,output_5,102.0
2025-01-06,301005,13:10:00.000,13,output_5,92.0
2025-01-06,301005,13:20:00.000,14,output_5,64.0
2025-01-06,301005,13:30:00.000,15,output_5,66.0
2025-01-06,301005,13:40:00.000,16,output_5,107.0
2025-01-06,301005,13:50:00.000,17,output_5,87.0
2025-01-06,301005,14:00:00.000,18,output_5,133.0
2025-01-06,301005,14:10:00.000,19,output_5,97.0
2025-01-06,301005,14:20:00.000,20,output_5,68.0
2025-01-06,301005,14:30:00.000,21,output_5,58.0
2025-01-06,301005,14:40:00.000,22,output_5,107.0
2025-01-06,301005,14:50:00.000,23,output_5,96.0
2025-01-06,301005,14:56:00.000,24,output_5,84.0
2025-01-06,301005,14:57:05.000,25,output_5,16.0
2025-01-06,301005,15:05:00.000,26,output_5,96.0
2025-01-06,301552,09:31:00.000,0,output_5,141.0
2025-01-06,301552,09:40:00.000,1,output_5,486.0
2025-01-06,301552,09:50:00.000,2,output_5,189.0
2025-01-06,301552,10:00:00.000,3,output_5,140.0
2025-01-06,301552,10:10:00.000,4,output_5,209.0
2025-01-06,301552,10:20:00.000,5,output_5,118.0
2025-01-06,301552,10:30:00.000,6,output_5,103.0
2025-01-06,301552,10:40:00.000,7,output_5,179.0
2025-01-06,301552,10:50:00.000,8,output_5,130.0
2025-01-06,301552,11:00:00.000,9,output_5,111.0
2025-01-06,301552,11:10:00.000,10,output_5,106.0
2025-01-06,301552,11:20:00.000,11,output_5,172.0
2025-01-06,301552,11:30:05.000,12,output_5,60.0
2025-01-06,301552,13:10:00.000,13,output_5,129.0
2025-01-06,301552,13:20:00.000,14,output_5,110.0
2025-01-06,301552,13:30:00.000,15,output_5,148.0
2025-01-06,301552,13:40:00.000,16,output_5,243.0
2025-01-06,301552,13:50:00.000,17,output_5,133.0
2025-01-06,301552,14:00:00.000,18,output_5,57.0
2025-01-06,301552,14:10:00.000,19,output_5,92.0
2025-01-06,301552,14:20:00.000,20,output_5,67.0
2025-01-06,301552,14:30:00.000,21,output_5,63.0
2025-01-06,301552,14:40:00.000,22,output_5,213.0
2025-01-06,301552,14:50:00.000,23,output_5,121.0
2025-01-06,301552,14:56:00.000,24,output_5,127.0
2025-01-06,301552,14:57:05.000,25,output_5,35.0
2025-01-06,301552,15:05:00.000,26,output_5,73.0
2025-01-06,301578,09:31:00.000,0,output_5,142.0
2025-01-06,301578,09:40:00.000,1,output_5,480.0
2025-01-06,301578,09:50:00.000,2,output_5,172.0
2025-01-06,301578,10:00:00.000,3,output_5,231.0
2025-01-06,301578,10:10:00.000,4,output_5,159.0
2025-01-06,301578,10:20:00.000,5,output_5,198.0
2025-01-06,301578,10:30:00.000,6,output_5,112.0
2025-01-06,301578,10:40:00.000,7,output_5,249.0
2025-01-06,301578,10:50:00.000,8,output_5,138.0
2025-01-06,301578,11:00:00.000,9,output_5,123.0
2025-01-06,301578,11:10:00.000,10,output_5,80.0
2025-01-06,301578,11:20:00.000,11,output_5,72.0
2025-01-06,301578,11:30:05.000,12,output_5,90.0
2025-01-06,301578,13:10:00.000,13,output_5,76.0
2025-01-06,301578,13:20:00.000,14,output_5,77.0
2025-01-06,301578,13:30:00.000,15,output_5,78.0
2025-01-06,301578,13:40:00.000,16,output_5,126.0
2025-01-06,301578,13:50:00.000,17,output_5,95.0
2025-01-06,301578,14:00:00.000,18,output_5,71.0
2025-01-06,301578,14:10:00.000,19,output_5,77.0
2025-01-06,301578,14:20:00.000,20,output_5,80.0
2025-01-06,301578,14:30:00.000,21,output_5,103.0
2025-01-06,301578,14:40:00.000,22,output_5,189.0
2025-01-06,301578,14:50:00.000,23,output_5,76.0
2025-01-06,301578,14:56:00.000,24,output_5,101.0
2025-01-06,301578,14:57:05.000,25,output_5,22.0
2025-01-06,301578,15:05:00.000,26,output_5,30.0
2025-01-02,000690,09:31:00.000,0,output_6,3771237.0
2025-01-02,000690,09:40:00.000,1,output_6,11856211.76
2025-01-02,000690,09:50:00.000,2,output_6,6042697.0
2025-01-02,000690,10:00:00.000,3,output_6,8650964.0
2025-01-02,000690,10:10:00.000,4,output_6,11289712.0
2025-01-02,000690,10:20:00.000,5,output_6,10181954.0
2025-01-02,000690,10:30:00.000,6,output_6,5021863.0
2025-01-02,000690,10:40:00.000,7,output_6,3545537.0
2025-01-02,000690,10:50:00.000,8,output_6,6004911.0
2025-01-02,000690,11:00:00.000,9,output_6,1072774.0
2025-01-02,000690,11:10:00.000,10,output_6,3934105.0
2025-01-02,000690,11:20:00.000,11,output_6,4886443.0
2025-01-02,000690,11:30:05.000,12,output_6,7309404.0
2025-01-02,000690,13:10:00.000,13,output_6,6451433.0
2025-01-02,000690,13:20:00.000,14,output_6,8069312.0
2025-01-02,000690,13:30:00.000,15,output_6,7191297.0
2025-01-02,000690,13:40:00.000,16,output_6,5412109.0
2025-01-02,000690,13:50:00.000,17,output_6,6560312.0
2025-01-02,000690,14:00:00.000,18,output_6,7620017.0
2025-01-02,000690,14:10:00.000,19,output_6,4988561.0
2025-01-02,000690,14:20:00.000,20,output_6,7902501.0
2025-01-02,000690,14:30:00.000,21,output_6,5886279.0
2025-01-02,000690,14:40:00.000,22,output_6,8065734.0
2025-01-02,000690,14:50:00.000,23,output_6,7607531.0
2025-01-02,000690,14:56:00.000,24,output_6,4750855.0
2025-01-02,000690,14:57:05.000,25,output_6,493967.0
2025-01-02,000690,15:05:00.000,26,output_6,712194.0
2025-01-02,001389,09:31:00.000,0,output_6,6970903.0
2025-01-02,001389,09:40:00.000,1,output_6,18863272.9
2025-01-02,001389,09:50:00.000,2,output_6,8991431.0
2025-01-02,001389,10:00:00.000,3,output_6,7384640.0
2025-01-02,001389,10:10:00.000,4,output_6,7474349.0
2025-01-02,001389,10:20:00.000,5,output_6,7176205.0
2025-01-02,001389,10:30:00.000,6,output_6,4898005.119999999
2025-01-02,001389,10:40:00.000,7,output_6,4269870.0
2025-01-02,001389,10:50:00.000,8,output_6,7756566.0
2025-01-02,001389,11:00:00.000,9,output_6,11649357.0
2025-01-02,001389,11:10:00.000,10,output_6,11010279.0
2025-01-02,001389,11:20:00.000,11,output_6,9461064.0
2025-01-02,001389,11:30:05.000,12,output_6,5144457.0
2025-01-02,001389,13:10:00.000,13,output_6,7424144.0
2025-01-02,001389,13:20:00.000,14,output_6,2613173.0
2025-01-02,001389,13:30:00.000,15,output_6,4426763.0
2025-01-02,001389,13:40:00.000,16,output_6,10436131.5
2025-01-02,001389,13:50:00.000,17,output_6,13392654.0
2025-01-02,001389,14:00:00.000,18,output_6,10394309.0
2025-01-02,001389,14:10:00.000,19,output_6,8408902.52
2025-01-02,001389,14:20:00.000,20,output_6,9401585.0
2025-01-02,001389,14:30:00.000,21,output_6,4748066.0
2025-01-02,001389,14:40:00.000,22,output_6,13020391.5
2025-01-02,001389,14:50:00.000,23,output_6,10273701.0
2025-01-02,001389,14:56:00.000,24,output_6,5587648.0
2025-01-02,001389,14:57:05.000,25,output_6,2114488.0
2025-01-02,001389,15:05:00.000,26,output_6,1743480.0
2025-01-02,002782,09:31:00.000,0,output_6,7245218.36
2025-01-02,002782,09:40:00.000,1,output_6,22956454.0
2025-01-02,002782,09:50:00.000,2,output_6,10863346.0
2025-01-02,002782,10:00:00.000,3,output_6,8760054.440000001
2025-01-02,002782,10:10:00.000,4,output_6,3489570.0
2025-01-02,002782,10:20:00.000,5,output_6,6675014.0
2025-01-02,002782,10:30:00.000,6,output_6,3487129.0
2025-01-02,002782,10:40:00.000,7,output_6,5504710.0
2025-01-02,002782,10:50:00.000,8,output_6,5104952.0
2025-01-02,002782,11:00:00.000,9,output_6,9347083.0
2025-01-02,002782,11:10:00.000,10,output_6,2876774.0
2025-01-02,002782,11:20:00.000,11,output_6,2832046.0
2025-01-02,002782,11:30:05.000,12,output_6,3360648.0
2025-01-02,002782,13:10:00.000,13,output_6,3605190.0
2025-01-02,002782,13:20:00.000,14,output_6,3051061.0
2025-01-02,002782,13:30:00.000,15,output_6,5223649.0
2025-01-02,002782,13:40:00.000,16,output_6,4361726.0
2025-01-02,002782,13:50:00.000,17,output_6,4048581.0
2025-01-02,002782,14:00:00.000,18,output_6,3849663.0
2025-01-02,002782,14:10:00.000,19,output_6,4865107.0
2025-01-02,002782,14:20:00.000,20,output_6,10241183.0
2025-01-02,002782,14:30:00.000,21,output_6,6755376.0
2025-01-02,002782,14:40:00.000,22,output_6,8482494.0
2025-01-02,002782,14:50:00.000,23,output_6,8510850.0
2025-01-02,002782,14:56:00.000,24,output_6,3578353.0
2025-01-02,002782,14:57:05.000,25,output_6,1399341.0
2025-01-02,002782,15:05:00.000,26,output_6,1167651.0
2025-01-02,002852,09:31:00.000,0,output_6,1946761.0
2025-01-02,002852,09:40:00.000,1,output_6,8054359.99
2025-01-02,002852,09:50:00.000,2,output_6,7342401.4
2025-01-02,002852,10:00:00.000,3,output_6,5363117.0
2025-01-02,002852,10:10:00.000,4,output_6,3024213.0
2025-01-02,002852,10:20:00.000,5,output_6,2822356.0
2025-01-02,002852,10:30:00.000,6,output_6,3801904.0
2025-01-02,002852,10:40:00.000,7,output_6,3134815.0
2025-01-02,002852,10:50:00.000,8,output_6,1956199.0
2025-01-02,002852,11:00:00.000,9,output_6,1409139.0
2025-01-02,002852,11:10:00.000,10,output_6,1450535.0
2025-01-02,002852,11:20:00.000,11,output_6,1075143.0
2025-01-02,002852,11:30:05.000,12,output_6,947572.0
2025-01-02,002852,13:10:00.000,13,output_6,1222847.3199999998
2025-01-02,002852,13:20:00.000,14,output_6,1964792.0
2025-01-02,002852,13:30:00.000,15,output_6,3912148.66
2025-01-02,002852,13:40:00.000,16,output_6,1314226.35
2025-01-02,002852,13:50:00.000,17,output_6,1827393.0
2025-01-02,002852,14:00:00.000,18,output_6,1816483.0
2025-01-02,002852,14:10:00.000,19,output_6,1782681.0
2025-01-02,002852,14:20:00.000,20,output_6,2583701.0
2025-01-02,002852,14:30:00.000,21,output_6,2197910.0
2025-01-02,002852,14:40:00.000,22,output_6,2856492.0
2025-01-02,002852,14:50:00.000,23,output_6,4141709.85
2025-01-02,002852,14:56:00.000,24,output_6,1774573.0
2025-01-02,002852,14:57:05.000,25,output_6,331467.0
2025-01-02,002852,15:05:00.000,26,output_6,542357.0
2025-01-02,300046,09:31:00.000,0,output_6,23548254.0
2025-01-02,300046,09:40:00.000,1,output_6,122871945.55000001
2025-01-02,300046,09:50:00.000,2,output_6,42710022.0
2025-01-02,300046,10:00:00.000,3,output_6,39807103.0
2025-01-02,300046,10:10:00.000,4,output_6,27518157.6
2025-01-02,300046,10:20:00.000,5,output_6,18788420.0
2025-01-02,300046,10:30:00.000,6,output_6,21389993.0
2025-01-02,300046,10:40:00.000,7,output_6,22465461.0
2025-01-02,300046,10:50:00.000,8,output_6,24746107.0
2025-01-02,300046,11:00:00.000,9,output_6,15735788.0
2025-01-02,300046,11:10:00.000,10,output_6,15049423.0
2025-01-02,300046,11:20:00.000,11,output_6,18924041.0
2025-01-02,300046,11:30:05.000,12,output_6,15294172.799999999
2025-01-02,300046,13:10:00.000,13,output_6,31213786.03
2025-01-02,300046,13:20:00.000,14,output_6,34814190.1
2025-01-02,300046,13:30:00.000,15,output_6,56959541.5
2025-01-02,300046,13:40:00.000,16,output_6,18948306.0
2025-01-02,300046,13:50:00.000,17,output_6,19117431.0
2025-01-02,300046,14:00:00.000,18,output_6,25504901.0
2025-01-02,300046,14:10:00.000,19,output_6,18831260.0
2025-01-02,300046,14:20:00.000,20,output_6,35414906.0
2025-01-02,300046,14:30:00.000,21,output_6,23286439.0
2025-01-02,300046,14:40:00.000,22,output_6,38865095.050000004
2025-01-02,300046,14:50:00.000,23,output_6,45116520.75
2025-01-02,300046,14:56:00.000,24,output_6,29349020.0
2025-01-02,300046,14:57:05.000,25,output_6,8891875.0
2025-01-02,300046,15:05:00.000,26,output_6,13695750.0
2025-01-02,300100,09:31:00.000,0,output_6,13757581.0
2025-01-02,300100,09:40:00.000,1,output_6,53230580.0
2025-01-02,300100,09:50:00.000,2,output_6,40795922.0
2025-01-02,300100,10:00:00.000,3,output_6,46078565.0
2025-01-02,300100,10:10:00.000,4,output_6,37832800.0
2025-01-02,300100,10:20:00.000,5,output_6,40674761.0
2025-01-02,300100,10:30:00.000,6,output_6,34264067.0
2025-01-02,300100,10:40:00.000,7,output_6,67185977.0
2025-01-02,300100,10:50:00.000,8,output_6,53978936.0
2025-01-02,300100,11:00:00.000,9,output_6,117383578.0
2025-01-02,300100,11:10:00.000,10,output_6,36652850.0
2025-01-02,300100,11:20:00.000,11,output_6,29193936.95
2025-01-02,300100,11:30:05.000,12,output_6,17298524.0
2025-01-02,300100,13:10:00.000,13,output_6,17957185.0
2025-01-02,300100,13:20:00.000,14,output_6,17779215.0
2025-01-02,300100,13:30:00.000,15,output_6,25078940.39
2025-01-02,300100,13:40:00.000,16,output_6,24738286.0
2025-01-02,300100,13:50:00.000,17,output_6,13680747.0
2025-01-02,300100,14:00:00.000,18,output_6,33791194.0
2025-01-02,300100,14:10:00.000,19,output_6,14170647.0
2025-01-02,300100,14:20:00.000,20,output_6,42081188.0
2025-01-02,300100,14:30:00.000,21,output_6,28278695.0
2025-01-02,300100,14:40:00.000,22,output_6,24588967.0
2025-01-02,300100,14:50:00.000,23,output_6,36480113.0
2025-01-02,300100,14:56:00.000,24,output_6,27498017.0
2025-01-02,300100,14:57:05.000,25,output_6,6224367.0
2025-01-02,300100,15:05:00.000,26,output_6,8834694.0
2025-01-02,300214,09:31:00.000,0,output_6,1110694.0
2025-01-02,300214,09:40:00.000,1,output_6,3204648.0
2025-01-02,300214,09:50:00.000,2,output_6,2113128.0
2025-01-02,300214,10:00:00.000,3,output_6,1601010.0
2025-01-02,300214,10:10:00.000,4,output_6,2010168.0
2025-01-02,300214,10:20:00.000,5,output_6,1332758.0
2025-01-02,300214,10:30:00.000,6,output_6,2037519.0
2025-01-02,300214,10:40:00.000,7,output_6,3049175.0
2025-01-02,300214,10:50:00.000,8,output_6,1599943.0
2025-01-02,300214,11:00:00.000,9,output_6,926031.0
2025-01-02,300214,11:10:00.000,10,output_6,18595228.0
2025-01-02,300214,11:20:00.000,11,output_6,16075052.0
2025-01-02,300214,11:30:05.000,12,output_6,10658441.0
2025-01-02,300214,13:10:00.000,13,output_6,4706669.0
2025-01-02,300214,13:20:00.000,14,output_6,3091528.0
2025-01-02,300214,13:30:00.000,15,output_6,1728017.0
2025-01-02,300214,13:40:00.000,16,output_6,1817129.0
2025-01-02,300214,13:50:00.000,17,output_6,2017152.0
2025-01-02,300214,14:00:00.000,18,output_6,2990733.0
2025-01-02,300214,14:10:00.000,19,output_6,1481943.0
2025-01-02,300214,14:20:00.000,20,output_6,3125912.0
2025-01-02,300214,14:30:00.000,21,output_6,1427706.0
2025-01-02,300214,14:40:00.000,22,output_6,1878633.0
2025-01-02,300214,14:50:00.000,23,output_6,3693786.0
2025-01-02,300214,14:56:00.000,24,output_6,3722315.0
2025-01-02,300214,14:57:05.000,25,output_6,1571126.0
2025-01-02,300214,15:05:00.000,26,output_6,3638648.0
2025-01-02,300779,09:31:00.000,0,output_6,6233361.16
2025-01-02,300779,09:40:00.000,1,output_6,53350587.0
2025-01-02,300779,09:50:00.000,2,output_6,24071708.0
2025-01-02,300779,10:00:00.000,3,output_6,22093018.0
2025-01-02,300779,10:10:00.000,4,output_6,56327894.0
2025-01-02,300779,10:20:00.000,5,output_6,32643840.04
2025-01-02,300779,10:30:00.000,6,output_6,23386811.0
2025-01-02,300779,10:40:00.000,7,output_6,8922054.5
2025-01-02,300779,10:50:00.000,8,output_6,4866787.0
2025-01-02,300779,11:00:00.000,9,output_6,11455092.0
2025-01-02,300779,11:10:00.000,10,output_6,5911260.6
2025-01-02,300779,11:20:00.000,11,output_6,6993706.6
2025-01-02,300779,11:30:05.000,12,output_6,3604711.0
2025-01-02,300779,13:10:00.000,13,output_6,10539503.0
2025-01-02,300779,13:20:00.000,14,output_6,10789326.0
2025-01-02,300779,13:30:00.000,15,output_6,3960504.6
2025-01-02,300779,13:40:00.000,16,output_6,3824676.0
2025-01-02,300779,13:50:00.000,17,output_6,3217765.2
2025-01-02,300779,14:00:00.000,18,output_6,14245831.500000002
2025-01-02,300779,14:10:00.000,19,output_6,5640614.0
2025-01-02,300779,14:20:00.000,20,output_6,5993626.0
2025-01-02,300779,14:30:00.000,21,output_6,17632821.0
2025-01-02,300779,14:40:00.000,22,output_6,16433112.0
2025-01-02,300779,14:50:00.000,23,output_6,14036716.0
2025-01-02,300779,14:56:00.000,24,output_6,12271857.0
2025-01-02,300779,14:57:05.000,25,output_6,1032626.6
2025-01-02,300779,15:05:00.000,26,output_6,7682796.0
2025-01-02,300816,09:31:00.000,0,output_6,5836745.0
2025-01-02,300816,09:40:00.000,1,output_6,9406606.0
2025-01-02,300816,09:50:00.000,2,output_6,4415831.0
2025-01-02,300816,10:00:00.000,3,output_6,4899682.0
2025-01-02,300816,10:10:00.000,4,output_6,2106863.0
2025-01-02,300816,10:20:00.000,5,output_6,2890098.0
2025-01-02,300816,10:30:00.000,6,output_6,1688213.0
2025-01-02,300816,10:40:00.000,7,output_6,1279071.0
2025-01-02,300816,10:50:00.000,8,output_6,1162192.0
2025-01-02,300816,11:00:00.000,9,output_6,1134669.0
2025-01-02,300816,11:10:00.000,10,output_6,988158.0
2025-01-02,300816,11:20:00.000,11,output_6,1445460.0
2025-01-02,300816,11:30:05.000,12,output_6,803336.0
2025-01-02,300816,13:10:00.000,13,output_6,1192065.0
2025-01-02,300816,13:20:00.000,14,output_6,2734266.0
2025-01-02,300816,13:30:00.000,15,output_6,3039262.0
2025-01-02,300816,13:40:00.000,16,output_6,1064718.0
2025-01-02,300816,13:50:00.000,17,output_6,981305.0
2025-01-02,300816,14:00:00.000,18,output_6,1858948.0
2025-01-02,300816,14:10:00.000,19,output_6,2092352.0
2025-01-02,300816,14:20:00.000,20,output_6,2426121.0
2025-01-02,300816,14:30:00.000,21,output_6,1409840.0
2025-01-02,300816,14:40:00.000,22,output_6,1767045.0
2025-01-02,300816,14:50:00.000,23,output_6,3202625.0
2025-01-02,300816,14:56:00.000,24,output_6,2069341.0
2025-01-02,300816,14:57:05.000,25,output_6,1070935.0
2025-01-02,300816,15:05:00.000,26,output_6,701274.0
2025-01-02,301157,09:31:00.000,0,output_6,4091120.0
2025-01-02,301157,09:40:00.000,1,output_6,17164670.0
2025-01-02,301157,09:50:00.000,2,output_6,8791685.0
2025-01-02,301157,10:00:00.000,3,output_6,5491952.0
2025-01-02,301157,10:10:00.000,4,output_6,4012312.0
2025-01-02,301157,10:20:00.000,5,output_6,11536573.620000001
2025-01-02,301157,10:30:00.000,6,output_6,4747615.68
2025-01-02,301157,10:40:00.000,7,output_6,4288569.26
2025-01-02,301157,10:50:00.000,8,output_6,2431595.72
2025-01-02,301157,11:00:00.000,9,output_6,4206074.0
2025-01-02,301157,11:10:00.000,10,output_6,18628833.0
2025-01-02,301157,11:20:00.000,11,output_6,12053196.76
2025-01-02,301157,11:30:05.000,12,output_6,4379301.0
2025-01-02,301157,13:10:00.000,13,output_6,7028477.0
2025-01-02,301157,13:20:00.000,14,output_6,2842226.0
2025-01-02,301157,13:30:00.000,15,output_6,6579778.0
2025-01-02,301157,13:40:00.000,16,output_6,3074472.0
2025-01-02,301157,13:50:00.000,17,output_6,2585152.0
2025-01-02,301157,14:00:00.000,18,output_6,5658553.0
2025-01-02,301157,14:10:00.000,19,output_6,3034205.0
2025-01-02,301157,14:20:00.000,20,output_6,3091792.02
2025-01-02,301157,14:30:00.000,21,output_6,3240005.0
2025-01-02,301157,14:40:00.000,22,output_6,4696553.29
2025-01-02,301157,14:50:00.000,23,output_6,10273902.0
2025-01-02,301157,14:56:00.000,24,output_6,7057600.0
2025-01-02,301157,14:57:05.000,25,output_6,2196371.0
2025-01-02,301157,15:05:00.000,26,output_6,2929500.0
2025-01-03,000548,09:31:00.000,0,output_6,2015889.0
2025-01-03,000548,09:40:00.000,1,output_6,10766076.0
2025-01-03,000548,09:50:00.000,2,output_6,4653143.0
2025-01-03,000548,10:00:00.000,3,output_6,4103502.0
2025-01-03,000548,10:10:00.000,4,output_6,3346728.0
2025-01-03,000548,10:20:00.000,5,output_6,1432957.0
2025-01-03,000548,10:30:00.000,6,output_6,2334144.0
2025-01-03,000548,10:40:00.000,7,output_6,2051493.0
2025-01-03,000548,10:50:00.000,8,output_6,1115257.0
2025-01-03,000548,11:00:00.000,9,output_6,824566.0
2025-01-03,000548,11:10:00.000,10,output_6,942093.0
2025-01-03,000548,11:20:00.000,11,output_6,1333982.0
2025-01-03,000548,11:30:05.000,12,output_6,986312.0
2025-01-03,000548,13:10:00.000,13,output_6,2357639.0
2025-01-03,000548,13:20:00.000,14,output_6,1098478.0
2025-01-03,000548,13:30:00.000,15,output_6,1366839.0
2025-01-03,000548,13:40:00.000,16,output_6,1971754.0
2025-01-03,000548,13:50:00.000,17,output_6,1735595.0
2025-01-03,000548,14:00:00.000,18,output_6,2628443.0
2025-01-03,000548,14:10:00.000,19,output_6,3175459.0
2025-01-03,000548,14:20:00.000,20,output_6,2892954.0
2025-01-03,000548,14:30:00.000,21,output_6,1316059.0
2025-01-03,000548,14:40:00.000,22,output_6,2573064.0
2025-01-03,000548,14:50:00.000,23,output_6,6505802.0
2025-01-03,000548,14:56:00.000,24,output_6,2706997.9
2025-01-03,000548,14:57:05.000,25,output_6,284570.0
2025-01-03,000548,15:05:00.000,26,output_6,622872.0
2025-01-03,000677,09:31:00.000,0,output_6,1151452.0
2025-01-03,000677,09:40:00.000,1,output_6,12297277.0
2025-01-03,000677,09:50:00.000,2,output_6,6140114.25
2025-01-03,000677,10:00:00.000,3,output_6,6747917.0
2025-01-03,000677,10:10:00.000,4,output_6,8261926.0
2025-01-03,000677,10:20:00.000,5,output_6,3270942.0
2025-01-03,000677,10:30:00.000,6,output_6,3170996.0
2025-01-03,000677,10:40:00.000,7,output_6,2678510.0
2025-01-03,000677,10:50:00.000,8,output_6,1738328.0
2025-01-03,000677,11:00:00.000,9,output_6,1050523.0
2025-01-03,000677,11:10:00.000,10,output_6,1025170.0
2025-01-03,000677,11:20:00.000,11,output_6,1118565.0
2025-01-03,000677,11:30:05.000,12,output_6,3101300.0
2025-01-03,000677,13:10:00.000,13,output_6,2983922.0
2025-01-03,000677,13:20:00.000,14,output_6,3268137.0
2025-01-03,000677,13:30:00.000,15,output_6,1556411.0
2025-01-03,000677,13:40:00.000,16,output_6,2331818.0
2025-01-03,000677,13:50:00.000,17,output_6,2409427.0
2025-01-03,000677,14:00:00.000,18,output_6,3966368.0
2025-01-03,000677,14:10:00.000,19,output_6,3965305.0
2025-01-03,000677,14:20:00.000,20,output_6,4307304.0
2025-01-03,000677,14:30:00.000,21,output_6,3305226.0
2025-01-03,000677,14:40:00.000,22,output_6,3964740.0
2025-01-03,000677,14:50:00.000,23,output_6,2477062.0
2025-01-03,000677,14:56:00.000,24,output_6,3667380.0
2025-01-03,000677,14:57:05.000,25,output_6,319727.0
2025-01-03,000677,15:05:00.000,26,output_6,897512.0
2025-01-03,002079,09:31:00.000,0,output_6,3514798.0
2025-01-03,002079,09:40:00.000,1,output_6,17577662.0
2025-01-03,002079,09:50:00.000,2,output_6,9640416.0
2025-01-03,002079,10:00:00.000,3,output_6,10518621.0
2025-01-03,002079,10:10:00.000,4,output_6,5349754.0
2025-01-03,002079,10:20:00.000,5,output_6,3505575.0
2025-01-03,002079,10:30:00.000,6,output_6,6878735.0
2025-01-03,002079,10:40:00.000,7,output_6,6646387.0
2025-01-03,002079,10:50:00.000,8,output_6,1606326.0
2025-01-03,002079,11:00:00.000,9,output_6,1208491.0
2025-01-03,002079,11:10:00.000,10,output_6,1976291.0
2025-01-03,002079,11:20:00.000,11,output_6,2382643.0
2025-01-03,002079,11:30:05.000,12,output_6,3561011.0
2025-01-03,002079,13:10:00.000,13,output_6,2819325.0
2025-01-03,002079,13:20:00.000,14,output_6,3297591.0
2025-01-03,002079,13:30:00.000,15,output_6,5194925.0
2025-01-03,002079,13:40:00.000,16,output_6,5392983.0
2025-01-03,002079,13:50:00.000,17,output_6,6211702.0
2025-01-03,002079,14:00:00.000,18,output_6,9505401.0
2025-01-03,002079,14:10:00.000,19,output_6,6572479.0
2025-01-03,002079,14:20:00.000,20,output_6,9862138.0
2025-01-03,002079,14:30:00.000,21,output_6,6146163.0
2025-01-03,002079,14:40:00.000,22,output_6,6832426.0
2025-01-03,002079,14:50:00.000,23,output_6,7411515.0
2025-01-03,002079,14:56:00.000,24,output_6,5726192.99
2025-01-03,002079,14:57:05.000,25,output_6,1562705.0
2025-01-03,002079,15:05:00.000,26,output_6,1893355.4100000001
2025-01-03,002177,09:31:00.000,0,output_6,5720099.0
2025-01-03,002177,09:40:00.000,1,output_6,25488540.0
2025-01-03,002177,09:50:00.000,2,output_6,23094333.0
2025-01-03,002177,10:00:00.000,3,output_6,18037202.0
2025-01-03,002177,10:10:00.000,4,output_6,14757407.0
2025-01-03,002177,10:20:00.000,5,output_6,16984427.0
2025-01-03,002177,10:30:00.000,6,output_6,10472741.0
2025-01-03,002177,10:40:00.000,7,output_6,6130711.0
2025-01-03,002177,10:50:00.000,8,output_6,3423256.0
2025-01-03,002177,11:00:00.000,9,output_6,5682169.0
2025-01-03,002177,11:10:00.000,10,output_6,2957151.0
2025-01-03,002177,11:20:00.000,11,output_6,2645925.0
2025-01-03,002177,11:30:05.000,12,output_6,3886823.0
2025-01-03,002177,13:10:00.000,13,output_6,5113610.0
2025-01-03,002177,13:20:00.000,14,output_6,5687970.0
2025-01-03,002177,13:30:00.000,15,output_6,5444440.0
2025-01-03,002177,13:40:00.000,16,output_6,5847677.0
2025-01-03,002177,13:50:00.000,17,output_6,4555575.0
2025-01-03,002177,14:00:00.000,18,output_6,10468149.0
2025-01-03,002177,14:10:00.000,19,output_6,5788884.0
2025-01-03,002177,14:20:00.000,20,output_6,9905845.0
2025-01-03,002177,14:30:00.000,21,output_6,7215691.0
2025-01-03,002177,14:40:00.000,22,output_6,8797840.0
2025-01-03,002177,14:50:00.000,23,output_6,9525849.0
2025-01-03,002177,14:56:00.000,24,output_6,8774836.0
2025-01-03,002177,14:57:05.000,25,output_6,2515247.0
2025-01-03,002177,15:05:00.000,26,output_6,3406620.0
2025-01-03,002311,09:31:00.000,0,output_6,5739542.0
2025-01-03,002311,09:40:00.000,1,output_6,15244003.0
2025-01-03,002311,09:50:00.000,2,output_6,11907791.379999999
2025-01-03,002311,10:00:00.000,3,output_6,12503261.0
2025-01-03,002311,10:10:00.000,4,output_6,10819962.0
2025-01-03,002311,10:20:00.000,5,output_6,7632671.0
2025-01-03,002311,10:30:00.000,6,output_6,8579817.77
2025-01-03,002311,10:40:00.000,7,output_6,8898085.27
2025-01-03,002311,10:50:00.000,8,output_6,7275785.950000001
2025-01-03,002311,11:00:00.000,9,output_6,9037069.0
2025-01-03,002311,11:10:00.000,10,output_6,6165039.0
2025-01-03,002311,11:20:00.000,11,output_6,8145256.0
2025-01-03,002311,11:30:05.000,12,output_6,7387038.0
2025-01-03,002311,13:10:00.000,13,output_6,9833584.0
2025-01-03,002311,13:20:00.000,14,output_6,12290356.0
2025-01-03,002311,13:30:00.000,15,output_6,8051235.0
2025-01-03,002311,13:40:00.000,16,output_6,7761396.0
2025-01-03,002311,13:50:00.000,17,output_6,16461362.0
2025-01-03,002311,14:00:00.000,18,output_6,10228298.0
2025-01-03,002311,14:10:00.000,19,output_6,16435493.0
2025-01-03,002311,14:20:00.000,20,output_6,18151235.1
2025-01-03,002311,14:30:00.000,21,output_6,15206596.0
2025-01-03,002311,14:40:00.000,22,output_6,11951212.0
2025-01-03,002311,14:50:00.000,23,output_6,11689074.0
2025-01-03,002311,14:56:00.000,24,output_6,5326919.85
2025-01-03,002311,14:57:05.000,25,output_6,541003.0
2025-01-03,002311,15:05:00.000,26,output_6,1252594.0
2025-01-03,002876,09:31:00.000,0,output_6,2894126.0
2025-01-03,002876,09:40:00.000,1,output_6,15202990.0
2025-01-03,002876,09:50:00.000,2,output_6,7550688.0
2025-01-03,002876,10:00:00.000,3,output_6,10651694.0
2025-01-03,002876,10:10:00.000,4,output_6,4483752.0
2025-01-03,002876,10:20:00.000,5,output_6,2963373.0
2025-01-03,002876,10:30:00.000,6,output_6,3086556.0
2025-01-03,002876,10:40:00.000,7,output_6,3014906.0
2025-01-03,002876,10:50:00.000,8,output_6,2214854.0
2025-01-03,002876,11:00:00.000,9,output_6,3726695.0
2025-01-03,002876,11:10:00.000,10,output_6,2234586.0
2025-01-03,002876,11:20:00.000,11,output_6,1987688.0
2025-01-03,002876,11:30:05.000,12,output_6,2214658.0
2025-01-03,002876,13:10:00.000,13,output_6,6515149.859999999
2025-01-03,002876,13:20:00.000,14,output_6,4021300.0
2025-01-03,002876,13:30:00.000,15,output_6,4174764.0300000003
2025-01-03,002876,13:40:00.000,16,output_6,4724425.22
2025-01-03,002876,13:50:00.000,17,output_6,7507607.0
2025-01-03,002876,14:00:00.000,18,output_6,8349133.600000001
2025-01-03,002876,14:10:00.000,19,output_6,6451180.0
2025-01-03,002876,14:20:00.000,20,output_6,7918757.0
2025-01-03,002876,14:30:00.000,21,output_6,7111346.0
2025-01-03,002876,14:40:00.000,22,output_6,6189158.0
2025-01-03,002876,14:50:00.000,23,output_6,9531534.0
2025-01-03,002876,14:56:00.000,24,output_6,6005539.0
2025-01-03,002876,14:57:05.000,25,output_6,582031.0
2025-01-03,002876,15:05:00.000,26,output_6,1872225.0
2025-01-03,300967,09:31:00.000,0,output_6,1605164.0
2025-01-03,300967,09:40:00.000,1,output_6,9085851.0
2025-01-03,300967,09:50:00.000,2,output_6,3168903.0
2025-01-03,300967,10:00:00.000,3,output_6,3078023.0
2025-01-03,300967,10:10:00.000,4,output_6,2476298.0
2025-01-03,300967,10:20:00.000,5,output_6,1369144.0
2025-01-03,300967,10:30:00.000,6,output_6,919619.0
2025-01-03,300967,10:40:00.000,7,output_6,821790.0
2025-01-03,300967,10:50:00.000,8,output_6,835317.0
2025-01-03,300967,11:00:00.000,9,output_6,704043.0
2025-01-03,300967,11:10:00.000,10,output_6,626482.0
2025-01-03,300967,11:20:00.000,11,output_6,589046.0
2025-01-03,300967,11:30:05.000,12,output_6,1575523.0
2025-01-03,300967,13:10:00.000,13,output_6,1228173.0
2025-01-03,300967,13:20:00.000,14,output_6,652509.0
2025-01-03,300967,13:30:00.000,15,output_6,879731.0
2025-01-03,300967,13:40:00.000,16,output_6,1340373.0
2025-01-03,300967,13:50:00.000,17,output_6,1110201.0
2025-01-03,300967,14:00:00.000,18,output_6,2515566.0
2025-01-03,300967,14:10:00.000,19,output_6,2576432.0
2025-01-03,300967,14:20:00.000,20,output_6,2599563.0
2025-01-03,300967,14:30:00.000,21,output_6,2081705.0
2025-01-03,300967,14:40:00.000,22,output_6,1818581.0
2025-01-03,300967,14:50:00.000,23,output_6,2563505.0
2025-01-03,300967,14:56:00.000,24,output_6,1434483.0
2025-01-03,300967,14:57:05.000,25,output_6,404542.62
2025-01-03,300967,15:05:00.000,26,output_6,194346.0
2025-01-03,301035,09:31:00.000,0,output_6,2310495.0
2025-01-03,301035,09:40:00.000,1,output_6,4443409.0
2025-01-03,301035,09:50:00.000,2,output_6,1969076.0
2025-01-03,301035,10:00:00.000,3,output_6,3818374.0
2025-01-03,301035,10:10:00.000,4,output_6,1714283.0
2025-01-03,301035,10:20:00.000,5,output_6,844072.0
2025-01-03,301035,10:30:00.000,6,output_6,2370101.0
2025-01-03,301035,10:40:00.000,7,output_6,778685.0
2025-01-03,301035,10:50:00.000,8,output_6,600652.0
2025-01-03,301035,11:00:00.000,9,output_6,556268.0
2025-01-03,301035,11:10:00.000,10,output_6,420800.0
2025-01-03,301035,11:20:00.000,11,output_6,812826.0
2025-01-03,301035,11:30:05.000,12,output_6,1437503.0
2025-01-03,301035,13:10:00.000,13,output_6,453020.0
2025-01-03,301035,13:20:00.000,14,output_6,843814.0
2025-01-03,301035,13:30:00.000,15,output_6,1212018.0
2025-01-03,301035,13:40:00.000,16,output_6,664175.0
2025-01-03,301035,13:50:00.000,17,output_6,907474.0
2025-01-03,301035,14:00:00.000,18,output_6,2367414.0
2025-01-03,301035,14:10:00.000,19,output_6,1829068.0
2025-01-03,301035,14:20:00.000,20,output_6,1618652.0
2025-01-03,301035,14:30:00.000,21,output_6,1614940.0
2025-01-03,301035,14:40:00.000,22,output_6,1382980.0
2025-01-03,301035,14:50:00.000,23,output_6,4451940.0
2025-01-03,301035,14:56:00.000,24,output_6,3075761.0
2025-01-03,301035,14:57:05.000,25,output_6,192142.0
2025-01-03,301035,15:05:00.000,26,output_6,521550.0
2025-01-03,301049,09:31:00.000,0,output_6,907431.0
2025-01-03,301049,09:40:00.000,1,output_6,3730997.0
2025-01-03,301049,09:50:00.000,2,output_6,1509965.0
2025-01-03,301049,10:00:00.000,3,output_6,1633774.0
2025-01-03,301049,10:10:00.000,4,output_6,1912449.0
2025-01-03,301049,10:20:00.000,5,output_6,1516959.0
2025-01-03,301049,10:30:00.000,6,output_6,8048037.0
2025-01-03,301049,10:40:00.000,7,output_6,1725271.0
2025-01-03,301049,10:50:00.000,8,output_6,1236416.0
2025-01-03,301049,11:00:00.000,9,output_6,527469.0
2025-01-03,301049,11:10:00.000,10,output_6,672844.0
2025-01-03,301049,11:20:00.000,11,output_6,399374.0
2025-01-03,301049,11:30:05.000,12,output_6,551955.0
2025-01-03,301049,13:10:00.000,13,output_6,681357.0
2025-01-03,301049,13:20:00.000,14,output_6,367579.0
2025-01-03,301049,13:30:00.000,15,output_6,921139.0
2025-01-03,301049,13:40:00.000,16,output_6,722445.0
2025-01-03,301049,13:50:00.000,17,output_6,656037.0
2025-01-03,301049,14:00:00.000,18,output_6,520746.0
2025-01-03,301049,14:10:00.000,19,output_6,1471455.0
2025-01-03,301049,14:20:00.000,20,output_6,1242871.7
2025-01-03,301049,14:30:00.000,21,output_6,1395545.62
2025-01-03,301049,14:40:00.000,22,output_6,774465.0
2025-01-03,301049,14:50:00.000,23,output_6,1028116.0
2025-01-03,301049,14:56:00.000,24,output_6,1756885.3
2025-01-03,301049,14:57:05.000,25,output_6,340444.0
2025-01-03,301049,15:05:00.000,26,output_6,441784.0
2025-01-03,301393,09:31:00.000,0,output_6,562881.0
2025-01-03,301393,09:40:00.000,1,output_6,2835659.0
2025-01-03,301393,09:50:00.000,2,output_6,4908919.0
2025-01-03,301393,10:00:00.000,3,output_6,3739529.0
2025-01-03,301393,10:10:00.000,4,output_6,1463548.0
2025-01-03,301393,10:20:00.000,5,output_6,1787699.0
2025-01-03,301393,10:30:00.000,6,output_6,1075805.8
2025-01-03,301393,10:40:00.000,7,output_6,674910.8
2025-01-03,301393,10:50:00.000,8,output_6,1086048.0
2025-01-03,301393,11:00:00.000,9,output_6,597380.0
2025-01-03,301393,11:10:00.000,10,output_6,1110996.0
2025-01-03,301393,11:20:00.000,11,output_6,696965.0
2025-01-03,301393,11:30:05.000,12,output_6,876287.0
2025-01-03,301393,13:10:00.000,13,output_6,1034911.0
2025-01-03,301393,13:20:00.000,14,output_6,934055.0
2025-01-03,301393,13:30:00.000,15,output_6,582699.0
2025-01-03,301393,13:40:00.000,16,output_6,508376.0
2025-01-03,301393,13:50:00.000,17,output_6,728948.0
2025-01-03,301393,14:00:00.000,18,output_6,1774262.0
2025-01-03,301393,14:10:00.000,19,output_6,1163267.0
2025-01-03,301393,14:20:00.000,20,output_6,1423535.0
2025-01-03,301393,14:30:00.000,21,output_6,926273.0
2025-01-03,301393,14:40:00.000,22,output_6,575207.0
2025-01-03,301393,14:50:00.000,23,output_6,1285440.0
2025-01-03,301393,14:56:00.000,24,output_6,1463023.0
2025-01-03,301393,14:57:05.000,25,output_6,115144.00000000001
2025-01-03,301393,15:05:00.000,26,output_6,706560.0
2025-01-06,000848,09:31:00.000,0,output_6,5025541.0
2025-01-06,000848,09:40:00.000,1,output_6,7823745.0
2025-01-06,000848,09:50:00.000,2,output_6,9498583.450000001
2025-01-06,000848,10:00:00.000,3,output_6,6164096.05
2025-01-06,000848,10:10:00.000,4,output_6,7527829.9
2025-01-06,000848,10:20:00.000,5,output_6,5347325.0
2025-01-06,000848,10:30:00.000,6,output_6,4273269.0
2025-01-06,000848,10:40:00.000,7,output_6,5324145.0
2025-01-06,000848,10:50:00.000,8,output_6,1688219.0
2025-01-06,000848,11:00:00.000,9,output_6,1889330.4
2025-01-06,000848,11:10:00.000,10,output_6,1983713.0
2025-01-06,000848,11:20:00.000,11,output_6,4860593.96
2025-01-06,000848,11:30:05.000,12,output_6,2848857.5
2025-01-06,000848,13:10:00.000,13,output_6,5008447.529999999
2025-01-06,000848,13:20:00.000,14,output_6,2765743.0
2025-01-06,000848,13:30:00.000,15,output_6,4420317.0
2025-01-06,000848,13:40:00.000,16,output_6,2498047.1700000004
2025-01-06,000848,13:50:00.000,17,output_6,3628725.0000000005
2025-01-06,000848,14:00:00.000,18,output_6,1477033.06
2025-01-06,000848,14:10:00.000,19,output_6,4027404.0
2025-01-06,000848,14:20:00.000,20,output_6,2400352.0
2025-01-06,000848,14:30:00.000,21,output_6,6204215.0
2025-01-06,000848,14:40:00.000,22,output_6,7318262.0
2025-01-06,000848,14:50:00.000,23,output_6,3895325.4
2025-01-06,000848,14:56:00.000,24,output_6,10919781.0
2025-01-06,000848,14:57:05.000,25,output_6,269443.0
2025-01-06,000848,15:05:00.000,26,output_6,667674.0
2025-01-06,000949,09:31:00.000,0,output_6,6770068.0
2025-01-06,000949,09:40:00.000,1,output_6,28188973.0
2025-01-06,000949,09:50:00.000,2,output_6,14299397.0
2025-01-06,000949,10:00:00.000,3,output_6,5668756.0
2025-01-06,000949,10:10:00.000,4,output_6,9313693.0
2025-01-06,000949,10:20:00.000,5,output_6,7320826.0
2025-01-06,000949,10:30:00.000,6,output_6,4964618.0
2025-01-06,000949,10:40:00.000,7,output_6,5226849.0
2025-01-06,000949,10:50:00.000,8,output_6,7657737.0
2025-01-06,000949,11:00:00.000,9,output_6,9862887.0
2025-01-06,000949,11:10:00.000,10,output_6,6585282.0
2025-01-06,000949,11:20:00.000,11,output_6,16746261.0
2025-01-06,000949,11:30:05.000,12,output_6,6308725.0
2025-01-06,000949,13:10:00.000,13,output_6,12245543.0
2025-01-06,000949,13:20:00.000,14,output_6,2558400.0
2025-01-06,000949,13:30:00.000,15,output_6,3391840.0
2025-01-06,000949,13:40:00.000,16,output_6,6905363.0
2025-01-06,000949,13:50:00.000,17,output_6,4375485.0
2025-01-06,000949,14:00:00.000,18,output_6,3537187.5
2025-01-06,000949,14:10:00.000,19,output_6,4220619.0
2025-01-06,000949,14:20:00.000,20,output_6,1995833.0
2025-01-06,000949,14:30:00.000,21,output_6,1793724.0
2025-01-06,000949,14:40:00.000,22,output_6,5228973.12
2025-01-06,000949,14:50:00.000,23,output_6,6106628.9
2025-01-06,000949,14:56:00.000,24,output_6,6336275.76
2025-01-06,000949,14:57:05.000,25,output_6,1326872.0
2025-01-06,000949,15:05:00.000,26,output_6,3877068.0
2025-01-06,002307,09:31:00.000,0,output_6,3189945.0
2025-01-06,002307,09:40:00.000,1,output_6,8553956.969999999
2025-01-06,002307,09:50:00.000,2,output_6,4897598.0
2025-01-06,002307,10:00:00.000,3,output_6,3967556.0
2025-01-06,002307,10:10:00.000,4,output_6,3285181.0
2025-01-06,002307,10:20:00.000,5,output_6,4134483.2
2025-01-06,002307,10:30:00.000,6,output_6,2608056.6
2025-01-06,002307,10:40:00.000,7,output_6,2107317.0
2025-01-06,002307,10:50:00.000,8,output_6,1555022.0
2025-01-06,002307,11:00:00.000,9,output_6,705836.0
2025-01-06,002307,11:10:00.000,10,output_6,809614.0
2025-01-06,002307,11:20:00.000,11,output_6,1154122.0
2025-01-06,002307,11:30:05.000,12,output_6,1294244.0
2025-01-06,002307,13:10:00.000,13,output_6,1389615.0
2025-01-06,002307,13:20:00.000,14,output_6,1169048.0
2025-01-06,002307,13:30:00.000,15,output_6,1192503.0
2025-01-06,002307,13:40:00.000,16,output_6,1916457.0
2025-01-06,002307,13:50:00.000,17,output_6,959367.0
2025-01-06,002307,14:00:00.000,18,output_6,885115.8
2025-01-06,002307,14:10:00.000,19,output_6,1916834.0
2025-01-06,002307,14:20:00.000,20,output_6,1304862.0
2025-01-06,002307,14:30:00.000,21,output_6,1728509.0
2025-01-06,002307,14:40:00.000,22,output_6,4065550.8000000003
2025-01-06,002307,14:50:00.000,23,output_6,2162146.0
2025-01-06,002307,14:56:00.000,24,output_6,1746960.0
2025-01-06,002307,14:57:05.000,25,output_6,387778.0
2025-01-06,002307,15:05:00.000,26,output_6,1065636.0
2025-01-06,300284,09:31:00.000,0,output_6,5811966.24
2025-01-06,300284,09:40:00.000,1,output_6,35346145.68
2025-01-06,300284,09:50:00.000,2,output_6,16093523.0
2025-01-06,300284,10:00:00.000,3,output_6,9543836.68
2025-01-06,300284,10:10:00.000,4,output_6,8656972.0
2025-01-06,300284,10:20:00.000,5,output_6,9904821.0
2025-01-06,300284,10:30:00.000,6,output_6,9043252.0
2025-01-06,300284,10:40:00.000,7,output_6,6406544.0
2025-01-06,300284,10:50:00.000,8,output_6,5925478.0
2025-01-06,300284,11:00:00.000,9,output_6,7001078.0
2025-01-06,300284,11:10:00.000,10,output_6,8766808.12
2025-01-06,300284,11:20:00.000,11,output_6,2967283.0
2025-01-06,300284,11:30:05.000,12,output_6,12822733.0
2025-01-06,300284,13:10:00.000,13,output_6,6685683.0
2025-01-06,300284,13:20:00.000,14,output_6,4575123.0
2025-01-06,300284,13:30:00.000,15,output_6,5336065.0
2025-01-06,300284,13:40:00.000,16,output_6,9057578.0
2025-01-06,300284,13:50:00.000,17,output_6,3634584.0
2025-01-06,300284,14:00:00.000,18,output_6,6249370.0
2025-01-06,300284,14:10:00.000,19,output_6,6606513.08
2025-01-06,300284,14:20:00.000,20,output_6,3365516.0
2025-01-06,300284,14:30:00.000,21,output_6,3129503.4
2025-01-06,300284,14:40:00.000,22,output_6,10672283.0
2025-01-06,300284,14:50:00.000,23,output_6,7121200.4
2025-01-06,300284,14:56:00.000,24,output_6,4574096.0
2025-01-06,300284,14:57:05.000,25,output_6,1399387.0
2025-01-06,300284,15:05:00.000,26,output_6,2076470.0
2025-01-06,300329,09:31:00.000,0,output_6,4049260.0
2025-01-06,300329,09:40:00.000,1,output_6,7305575.46
2025-01-06,300329,09:50:00.000,2,output_6,5657677.0
2025-01-06,300329,10:00:00.000,3,output_6,2525579.0
2025-01-06,300329,10:10:00.000,4,output_6,2462741.0
2025-01-06,300329,10:20:00.000,5,output_6,1824756.0
2025-01-06,300329,10:30:00.000,6,output_6,1038392.0
2025-01-06,300329,10:40:00.000,7,output_6,1964580.0
2025-01-06,300329,10:50:00.000,8,output_6,1637811.0
2025-01-06,300329,11:00:00.000,9,output_6,836651.0
2025-01-06,300329,11:10:00.000,10,output_6,765959.0
2025-01-06,300329,11:20:00.000,11,output_6,266836.0
2025-01-06,300329,11:30:05.000,12,output_6,738279.0
2025-01-06,300329,13:10:00.000,13,output_6,1284685.0
2025-01-06,300329,13:20:00.000,14,output_6,531067.0
2025-01-06,300329,13:30:00.000,15,output_6,339990.0
2025-01-06,300329,13:40:00.000,16,output_6,585828.0
2025-01-06,300329,13:50:00.000,17,output_6,809864.0
2025-01-06,300329,14:00:00.000,18,output_6,847259.0
2025-01-06,300329,14:10:00.000,19,output_6,1287095.0
2025-01-06,300329,14:20:00.000,20,output_6,1051852.0
2025-01-06,300329,14:30:00.000,21,output_6,723303.0
2025-01-06,300329,14:40:00.000,22,output_6,496756.0
2025-01-06,300329,14:50:00.000,23,output_6,766060.0
2025-01-06,300329,14:56:00.000,24,output_6,561908.0
2025-01-06,300329,14:57:05.000,25,output_6,408461.0
2025-01-06,300329,15:05:00.000,26,output_6,414897.0
2025-01-06,300584,09:31:00.000,0,output_6,3680510.0
2025-01-06,300584,09:40:00.000,1,output_6,29328493.700000003
2025-01-06,300584,09:50:00.000,2,output_6,23685521.0
2025-01-06,300584,10:00:00.000,3,output_6,9049769.0
2025-01-06,300584,10:10:00.000,4,output_6,5959405.0
2025-01-06,300584,10:20:00.000,5,output_6,5007985.0
2025-01-06,300584,10:30:00.000,6,output_6,2845121.0
2025-01-06,300584,10:40:00.000,7,output_6,3511854.0
2025-01-06,300584,10:50:00.000,8,output_6,2198222.0
2025-01-06,300584,11:00:00.000,9,output_6,4415125.0
2025-01-06,300584,11:10:00.000,10,output_6,1377285.0
2025-01-06,300584,11:20:00.000,11,output_6,3958671.0
2025-01-06,300584,11:30:05.000,12,output_6,1804438.0
2025-01-06,300584,13:10:00.000,13,output_6,2584956.0
2025-01-06,300584,13:20:00.000,14,output_6,2731918.0
2025-01-06,300584,13:30:00.000,15,output_6,2711561.0
2025-01-06,300584,13:40:00.000,16,output_6,2346145.0
2025-01-06,300584,13:50:00.000,17,output_6,2767319.0
2025-01-06,300584,14:00:00.000,18,output_6,2190826.0
2025-01-06,300584,14:10:00.000,19,output_6,1903940.0
2025-01-06,300584,14:20:00.000,20,output_6,1381373.0
2025-01-06,300584,14:30:00.000,21,output_6,1731910.0
2025-01-06,300584,14:40:00.000,22,output_6,2072798.0
2025-01-06,300584,14:50:00.000,23,output_6,6571090.0
2025-01-06,300584,14:56:00.000,24,output_6,7643334.0
2025-01-06,300584,14:57:05.000,25,output_6,1972480.0
2025-01-06,300584,15:05:00.000,26,output_6,2695368.0
2025-01-06,300947,09:31:00.000,0,output_6,15903247.5
2025-01-06,300947,09:40:00.000,1,output_6,32998827.75
2025-01-06,300947,09:50:00.000,2,output_6,19358674.0
2025-01-06,300947,10:00:00.000,3,output_6,12092081.0
2025-01-06,300947,10:10:00.000,4,output_6,13256148.8
2025-01-06,300947,10:20:00.000,5,output_6,9051789.0
2025-01-06,300947,10:30:00.000,6,output_6,6090005.0
2025-01-06,300947,10:40:00.000,7,output_6,4812082.0
2025-01-06,300947,10:50:00.000,8,output_6,5189936.5
2025-01-06,300947,11:00:00.000,9,output_6,2030207.0
2025-01-06,300947,11:10:00.000,10,output_6,12477213.5
2025-01-06,300947,11:20:00.000,11,output_6,4907429.0
2025-01-06,300947,11:30:05.000,12,output_6,3748462.0
2025-01-06,300947,13:10:00.000,13,output_6,3924380.0
2025-01-06,300947,13:20:00.000,14,output_6,4832651.0
2025-01-06,300947,13:30:00.000,15,output_6,4411829.55
2025-01-06,300947,13:40:00.000,16,output_6,3917441.0
2025-01-06,300947,13:50:00.000,17,output_6,3953642.0
2025-01-06,300947,14:00:00.000,18,output_6,5339161.0
2025-01-06,300947,14:10:00.000,19,output_6,6099893.0
2025-01-06,300947,14:20:00.000,20,output_6,4099518.6
2025-01-06,300947,14:30:00.000,21,output_6,2737577.0
2025-01-06,300947,14:40:00.000,22,output_6,9708984.0
2025-01-06,300947,14:50:00.000,23,output_6,12558180.75
2025-01-06,300947,14:56:00.000,24,output_6,17649364.1
2025-01-06,300947,14:57:05.000,25,output_6,6424373.0
2025-01-06,300947,15:05:00.000,26,output_6,8065792.0
2025-01-06,301005,09:31:00.000,0,output_6,2644412.0
2025-01-06,301005,09:40:00.000,1,output_6,9770886.4
2025-01-06,301005,09:50:00.000,2,output_6,4141350.8
2025-01-06,301005,10:00:00.000,3,output_6,1891371.92
2025-01-06,301005,10:10:00.000,4,output_6,2041573.0
2025-01-06,301005,10:20:00.000,5,output_6,2359713.0
2025-01-06,301005,10:30:00.000,6,output_6,1461928.0
2025-01-06,301005,10:40:00.000,7,output_6,2440036.0
2025-01-06,301005,10:50:00.000,8,output_6,1536654.0
2025-01-06,301005,11:00:00.000,9,output_6,1710304.0
2025-01-06,301005,11:10:00.000,10,output_6,1292572.0
2025-01-06,301005,11:20:00.000,11,output_6,2479134.0
2025-01-06,301005,11:30:05.000,12,output_6,1110502.0
2025-01-06,301005,13:10:00.000,13,output_6,2185157.0
2025-01-06,301005,13:20:00.000,14,output_6,1314218.0
2025-01-06,301005,13:30:00.000,15,output_6,1564753.0
2025-01-06,301005,13:40:00.000,16,output_6,2536278.0
2025-01-06,301005,13:50:00.000,17,output_6,1268037.0
2025-01-06,301005,14:00:00.000,18,output_6,2728999.0
2025-01-06,301005,14:10:00.000,19,output_6,1847394.0
2025-01-06,301005,14:20:00.000,20,output_6,2308489.0
2025-01-06,301005,14:30:00.000,21,output_6,1669761.0
2025-01-06,301005,14:40:00.000,22,output_6,1877590.0
2025-01-06,301005,14:50:00.000,23,output_6,1050434.0
2025-01-06,301005,14:56:00.000,24,output_6,1976218.0
2025-01-06,301005,14:57:05.000,25,output_6,624272.0
2025-01-06,301005,15:05:00.000,26,output_6,1475215.0
2025-01-06,301552,09:31:00.000,0,output_6,2522394.0
2025-01-06,301552,09:40:00.000,1,output_6,8203007.0
2025-01-06,301552,09:50:00.000,2,output_6,2408000.0
2025-01-06,301552,10:00:00.000,3,output_6,3106352.0
2025-01-06,301552,10:10:00.000,4,output_6,3475325.6
2025-01-06,301552,10:20:00.000,5,output_6,2241237.0
2025-01-06,301552,10:30:00.000,6,output_6,3011296.0
2025-01-06,301552,10:40:00.000,7,output_6,3234778.0
2025-01-06,301552,10:50:00.000,8,output_6,2074914.0
2025-01-06,301552,11:00:00.000,9,output_6,2394020.0
2025-01-06,301552,11:10:00.000,10,output_6,1498184.0
2025-01-06,301552,11:20:00.000,11,output_6,2373915.0
2025-01-06,301552,11:30:05.000,12,output_6,944906.0
2025-01-06,301552,13:10:00.000,13,output_6,1692782.0
2025-01-06,301552,13:20:00.000,14,output_6,1233382.1
2025-01-06,301552,13:30:00.000,15,output_6,2027551.0
2025-01-06,301552,13:40:00.000,16,output_6,4988362.2
2025-01-06,301552,13:50:00.000,17,output_6,1866415.45
2025-01-06,301552,14:00:00.000,18,output_6,369486.0
2025-01-06,301552,14:10:00.000,19,output_6,1601675.0
2025-01-06,301552,14:20:00.000,20,output_6,795005.0
2025-01-06,301552,14:30:00.000,21,output_6,715668.0
2025-01-06,301552,14:40:00.000,22,output_6,3687522.0
2025-01-06,301552,14:50:00.000,23,output_6,1807121.0
2025-01-06,301552,14:56:00.000,24,output_6,1616371.0
2025-01-06,301552,14:57:05.000,25,output_6,605551.0
2025-01-06,301552,15:05:00.000,26,output_6,790328.0
2025-01-06,301578,09:31:00.000,0,output_6,1356547.0
2025-01-06,301578,09:40:00.000,1,output_6,5491232.0
2025-01-06,301578,09:50:00.000,2,output_6,2582114.0
2025-01-06,301578,10:00:00.000,3,output_6,2339988.0
2025-01-06,301578,10:10:00.000,4,output_6,2853683.0
2025-01-06,301578,10:20:00.000,5,output_6,2983889.0
2025-01-06,301578,10:30:00.000,6,output_6,909564.0
2025-01-06,301578,10:40:00.000,7,output_6,4219359.0
2025-01-06,301578,10:50:00.000,8,output_6,1646145.0
2025-01-06,301578,11:00:00.000,9,output_6,1899737.0
2025-01-06,301578,11:10:00.000,10,output_6,1056902.0
2025-01-06,301578,11:20:00.000,11,output_6,705912.0
2025-01-06,301578,11:30:05.000,12,output_6,996446.0
2025-01-06,301578,13:10:00.000,13,output_6,853470.0
2025-01-06,301578,13:20:00.000,14,output_6,763186.0
2025-01-06,301578,13:30:00.000,15,output_6,730179.0
2025-01-06,301578,13:40:00.000,16,output_6,1252185.4000000001
2025-01-06,301578,13:50:00.000,17,output_6,1038115.8
2025-01-06,301578,14:00:00.000,18,output_6,765429.0
2025-01-06,301578,14:10:00.000,19,output_6,698183.0
2025-01-06,301578,14:20:00.000,20,output_6,516343.0
2025-01-06,301578,14:30:00.000,21,output_6,964028.0
2025-01-06,301578,14:40:00.000,22,output_6,1619417.0
2025-01-06,301578,14:50:00.000,23,output_6,740643.0
2025-01-06,301578,14:56:00.000,24,output_6,979101.0
2025-01-06,301578,14:57:05.000,25,output_6,500541.0
2025-01-06,301578,15:05:00.000,26,output_6,384506.0
2025-01-02,000690,09:31:00.000,0,output_7,0.005189483950734312
2025-01-02,000690,09:40:00.000,1,output_7,0.010242300986121023
2025-01-02,000690,09:50:00.000,2,output_7,0.005785332774108469
2025-01-02,000690,10:00:00.000,3,output_7,0.005237171004877522
2025-01-02,000690,10:10:00.000,4,output_7,0.007004652952548879
2025-01-02,000690,10:20:00.000,5,output_7,0.008185960662811097
2025-01-02,000690,10:30:00.000,6,output_7,0.004795623702754461
2025-01-02,000690,10:40:00.000,7,output_7,0.0060325565758423735
2025-01-02,000690,10:50:00.000,8,output_7,0.004304994168636492
2025-01-02,000690,11:00:00.000,9,output_7,0.004924163096298493
2025-01-02,000690,11:10:00.000,10,output_7,0.0027537472658176977
2025-01-02,000690,11:20:00.000,11,output_7,0.004304784909456817
2025-01-02,000690,11:30:05.000,12,output_7,0.005547843334721001
2025-01-02,000690,13:10:00.000,13,output_7,0.005124083178973187
2025-01-02,000690,13:20:00.000,14,output_7,0.005725285733390765
2025-01-02,000690,13:30:00.000,15,output_7,0.0044408101906624
2025-01-02,000690,13:40:00.000,16,output_7,0.004189742938621537
2025-01-02,000690,13:50:00.000,17,output_7,0.0054161177570950115
2025-01-02,000690,14:00:00.000,18,output_7,0.005822904753343649
2025-01-02,000690,14:10:00.000,19,output_7,0.00918132019519358
2025-01-02,000690,14:20:00.000,20,output_7,0.006147282207509209
2025-01-02,000690,14:30:00.000,21,output_7,0.008898172889190196
2025-01-02,000690,14:40:00.000,22,output_7,0.010134982960255324
2025-01-02,000690,14:50:00.000,23,output_7,0.00485738804893809
2025-01-02,000690,14:56:00.000,24,output_7,0.0056951278015805185
2025-01-02,000690,14:57:05.000,25,output_7,0.005470406649664777
2025-01-02,000690,15:05:00.000,26,output_7,0.0
2025-01-02,001389,09:31:00.000,0,output_7,0.3577889228218208
2025-01-02,001389,09:40:00.000,1,output_7,0.4163175231609291
2025-01-02,001389,09:50:00.000,2,output_7,0.13839005859176984
2025-01-02,001389,10:00:00.000,3,output_7,0.10723404545176972
2025-01-02,001389,10:10:00.000,4,output_7,0.09766130778809054
2025-01-02,001389,10:20:00.000,5,output_7,0.08300635191527865
2025-01-02,001389,10:30:00.000,6,output_7,0.06140754987377212
2025-01-02,001389,10:40:00.000,7,output_7,0.07108190863143159
2025-01-02,001389,10:50:00.000,8,output_7,0.3908455189319172
2025-01-02,001389,11:00:00.000,9,output_7,0.158272191734903
2025-01-02,001389,11:10:00.000,10,output_7,0.18636180097719166
2025-01-02,001389,11:20:00.000,11,output_7,0.11964054944907503
2025-01-02,001389,11:30:05.000,12,output_7,0.07527588892173431
2025-01-02,001389,13:10:00.000,13,output_7,0.13152036202435896
2025-01-02,001389,13:20:00.000,14,output_7,0.05170962938254771
2025-01-02,001389,13:30:00.000,15,output_7,0.057329212435973935
2025-01-02,001389,13:40:00.000,16,output_7,0.102472225278063
2025-01-02,001389,13:50:00.000,17,output_7,0.0937314151649017
2025-01-02,001389,14:00:00.000,18,output_7,0.13218869080300416
2025-01-02,001389,14:10:00.000,19,output_7,0.14284287227287248
2025-01-02,001389,14:20:00.000,20,output_7,0.06054843023886594
2025-01-02,001389,14:30:00.000,21,output_7,0.07178340584026326
2025-01-02,001389,14:40:00.000,22,output_7,0.14240053733301294
2025-01-02,001389,14:50:00.000,23,output_7,0.07813368946103108
2025-01-02,001389,14:56:00.000,24,output_7,0.13080531444876473
2025-01-02,001389,14:57:05.000,25,output_7,0.06454899462373363
2025-01-02,001389,15:05:00.000,26,output_7,0.0
2025-01-02,002782,09:31:00.000,0,output_7,0.08596625205320202
2025-01-02,002782,09:40:00.000,1,output_7,0.13426728466062537
2025-01-02,002782,09:50:00.000,2,output_7,0.02519147396672606
2025-01-02,002782,10:00:00.000,3,output_7,0.03957151342739678
2025-01-02,002782,10:10:00.000,4,output_7,0.02202911223758049
2025-01-02,002782,10:20:00.000,5,output_7,0.020692906363717525
2025-01-02,002782,10:30:00.000,6,output_7,0.025667692920522445
2025-01-02,002782,10:40:00.000,7,output_7,0.0327408054384905
2025-01-02,002782,10:50:00.000,8,output_7,0.03577760232951212
2025-01-02,002782,11:00:00.000,9,output_7,0.042911821383364426
2025-01-02,002782,11:10:00.000,10,output_7,0.010739167037357182
2025-01-02,002782,11:20:00.000,11,output_7,0.009224595801543367
2025-01-02,002782,11:30:05.000,12,output_7,0.013668703967873378
2025-01-02,002782,13:10:00.000,13,output_7,0.01911164814104163
2025-01-02,002782,13:20:00.000,14,output_7,0.026242210746352784
2025-01-02,002782,13:30:00.000,15,output_7,0.016496599696037232
2025-01-02,002782,13:40:00.000,16,output_7,0.03245840184799461
2025-01-02,002782,13:50:00.000,17,output_7,0.012824850161744
2025-01-02,002782,14:00:00.000,18,output_7,0.021502145274093568
2025-01-02,002782,14:10:00.000,19,output_7,0.044917211055414165
2025-01-02,002782,14:20:00.000,20,output_7,0.032092025568136485
2025-01-02,002782,14:30:00.000,21,output_7,0.032993981924399576
2025-01-02,002782,14:40:00.000,22,output_7,0.04234279958498216
2025-01-02,002782,14:50:00.000,23,output_7,0.012596795482407172
2025-01-02,002782,14:56:00.000,24,output_7,0.032217675280496794
2025-01-02,002782,14:57:05.000,25,output_7,0.020769184183016782
2025-01-02,002782,15:05:00.000,26,output_7,0.0
2025-01-02,002852,09:31:00.000,0,output_7,0.03565434593059515
2025-01-02,002852,09:40:00.000,1,output_7,0.029316819876498073
2025-01-02,002852,09:50:00.000,2,output_7,0.019667372144673394
2025-01-02,002852,10:00:00.000,3,output_7,0.014616552990092128
2025-01-02,002852,10:10:00.000,4,output_7,0.01548535320611485
2025-01-02,002852,10:20:00.000,5,output_7,0.013555748023001501
2025-01-02,002852,10:30:00.000,6,output_7,0.017494835479677284
2025-01-02,002852,10:40:00.000,7,output_7,0.014758413056736667
2025-01-02,002852,10:50:00.000,8,output_7,0.007887454924162847
2025-01-02,002852,11:00:00.000,9,output_7,0.009609104155487897
2025-01-02,002852,11:10:00.000,10,output_7,0.013575635882359908
2025-01-02,002852,11:20:00.000,11,output_7,0.007215683951328098
2025-01-02,002852,11:30:05.000,12,output_7,0.012412676144754194
2025-01-02,002852,13:10:00.000,13,output_7,0.008376088034948213
2025-01-02,002852,13:20:00.000,14,output_7,0.014567294383032132
2025-01-02,002852,13:30:00.000,15,output_7,0.01437229975911243
2025-01-02,002852,13:40:00.000,16,output_7,0.011387432831392845
2025-01-02,002852,13:50:00.000,17,output_7,0.010537644165937195
2025-01-02,002852,14:00:00.000,18,output_7,0.015356156549778453
2025-01-02,002852,14:10:00.000,19,output_7,0.01852669743860987
2025-01-02,002852,14:20:00.000,20,output_7,0.012668086038199366
2025-01-02,002852,14:30:00.000,21,output_7,0.024152797715329494
2025-01-02,002852,14:40:00.000,22,output_7,0.02915183573109185
2025-01-02,002852,14:50:00.000,23,output_7,0.013172018556037356
2025-01-02,002852,14:56:00.000,24,output_7,0.01712118250758385
2025-01-02,002852,14:57:05.000,25,output_7,0.006788758803143128
2025-01-02,002852,15:05:00.000,26,output_7,0.0
2025-01-02,300046,09:31:00.000,0,output_7,0.25315747354576384
2025-01-02,300046,09:40:00.000,1,output_7,0.2414265236254862
2025-01-02,300046,09:50:00.000,2,output_7,0.1397824315976728
2025-01-02,300046,10:00:00.000,3,output_7,0.06935470838943841
2025-01-02,300046,10:10:00.000,4,output_7,0.09205454294047367
2025-01-02,300046,10:20:00.000,5,output_7,0.03849414333864031
2025-01-02,300046,10:30:00.000,6,output_7,0.044111273542334885
2025-01-02,300046,10:40:00.000,7,output_7,0.054411715787330554
2025-01-02,300046,10:50:00.000,8,output_7,0.06957592365540287
2025-01-02,300046,11:00:00.000,9,output_7,0.09535861210409192
2025-01-02,300046,11:10:00.000,10,output_7,0.07177123315887408
2025-01-02,300046,11:20:00.000,11,output_7,0.04263586053658396
2025-01-02,300046,11:30:05.000,12,output_7,0.028854486078859747
2025-01-02,300046,13:10:00.000,13,output_7,0.07074294575232948
2025-01-02,300046,13:20:00.000,14,output_7,0.09146203976404588
2025-01-02,300046,13:30:00.000,15,output_7,0.04890931769022611
2025-01-02,300046,13:40:00.000,16,output_7,0.09161595878392116
2025-01-02,300046,13:50:00.000,17,output_7,0.0348625715608788
2025-01-02,300046,14:00:00.000,18,output_7,0.09323747519912041
2025-01-02,300046,14:10:00.000,19,output_7,0.13159596584841268
2025-01-02,300046,14:20:00.000,20,output_7,0.08271028580974356
2025-01-02,300046,14:30:00.000,21,output_7,0.14727871737867623
2025-01-02,300046,14:40:00.000,22,output_7,0.15122701768788238
2025-01-02,300046,14:50:00.000,23,output_7,0.08754059352992101
2025-01-02,300046,14:56:00.000,24,output_7,0.07579746304736486
2025-01-02,300046,14:57:05.000,25,output_7,0.02151361013078999
2025-01-02,300046,15:05:00.000,26,output_7,0.0
2025-01-02,300100,09:31:00.000,0,output_7,0.20807588302771635
2025-01-02,300100,09:40:00.000,1,output_7,0.22047867672237165
2025-01-02,300100,09:50:00.000,2,output_7,0.1421221906574637
2025-01-02,300100,10:00:00.000,3,output_7,0.10316387690279716
2025-01-02,300100,10:10:00.000,4,output_7,0.11057868903590408
2025-01-02,300100,10:20:00.000,5,output_7,0.0684909604579572
2025-01-02,300100,10:30:00.000,6,output_7,0.1370218795563313
2025-01-02,300100,10:40:00.000,7,output_7,0.16452089842928277
2025-01-02,300100,10:50:00.000,8,output_7,0.10937252489762739
2025-01-02,300100,11:00:00.000,9,output_7,0.12417277789153494
2025-01-02,300100,11:10:00.000,10,output_7,0.1123352582489366
2025-01-02,300100,11:20:00.000,11,output_7,0.08286435009583178
2025-01-02,300100,11:30:05.000,12,output_7,0.09970356552032729
2025-01-02,300100,13:10:00.000,13,output_7,0.04271581281111581
2025-01-02,300100,13:20:00.000,14,output_7,0.05817434598647511
2025-01-02,300100,13:30:00.000,15,output_7,0.03564478362884322
2025-01-02,300100,13:40:00.000,16,output_7,0.08323442808945607
2025-01-02,300100,13:50:00.000,17,output_7,0.03418190613474247
2025-01-02,300100,14:00:00.000,18,output_7,0.09926007418595817
2025-01-02,300100,14:10:00.000,19,output_7,0.0971071107130981
2025-01-02,300100,14:20:00.000,20,output_7,0.0723050861346581
2025-01-02,300100,14:30:00.000,21,output_7,0.08309697469540504
2025-01-02,300100,14:40:00.000,22,output_7,0.09603830213486153
2025-01-02,300100,14:50:00.000,23,output_7,0.07792972776074612
2025-01-02,300100,14:56:00.000,24,output_7,0.045248483412669814
2025-01-02,300100,14:57:05.000,25,output_7,0.007832948209380812
2025-01-02,300100,15:05:00.000,26,output_7,0.0
2025-01-02,300214,09:31:00.000,0,output_7,0.014202143491931385
2025-01-02,300214,09:40:00.000,1,output_7,0.03190288697929895
2025-01-02,300214,09:50:00.000,2,output_7,0.02666747461537415
2025-01-02,300214,10:00:00.000,3,output_7,0.01518919904201422
2025-01-02,300214,10:10:00.000,4,output_7,0.008778342646974403
2025-01-02,300214,10:20:00.000,5,output_7,0.00952779943709076
2025-01-02,300214,10:30:00.000,6,output_7,0.017757229908987576
2025-01-02,300214,10:40:00.000,7,output_7,0.008729834120821421
2025-01-02,300214,10:50:00.000,8,output_7,0.010750792640953863
2025-01-02,300214,11:00:00.000,9,output_7,0.005805725111043992
2025-01-02,300214,11:10:00.000,10,output_7,0.10702510410060831
2025-01-02,300214,11:20:00.000,11,output_7,0.10123603580768223
2025-01-02,300214,11:30:05.000,12,output_7,0.05588490132042722
2025-01-02,300214,13:10:00.000,13,output_7,0.031437750979118856
2025-01-02,300214,13:20:00.000,14,output_7,0.011126142387700384
2025-01-02,300214,13:30:00.000,15,output_7,0.011359581446914966
2025-01-02,300214,13:40:00.000,16,output_7,0.013802028705170596
2025-01-02,300214,13:50:00.000,17,output_7,0.015074117615853769
2025-01-02,300214,14:00:00.000,18,output_7,0.018083289064535126
2025-01-02,300214,14:10:00.000,19,output_7,0.013077241655062917
2025-01-02,300214,14:20:00.000,20,output_7,0.010258553463993635
2025-01-02,300214,14:30:00.000,21,output_7,0.01424736399798542
2025-01-02,300214,14:40:00.000,22,output_7,0.016148372807851412
2025-01-02,300214,14:50:00.000,23,output_7,0.01202630830174752
2025-01-02,300214,14:56:00.000,24,output_7,0.02538831243094145
2025-01-02,300214,14:57:05.000,25,output_7,0.009005054383979952
2025-01-02,300214,15:05:00.000,26,output_7,0.0
2025-01-02,300779,09:31:00.000,0,output_7,0.3393272872118587
2025-01-02,300779,09:40:00.000,1,output_7,0.3389266044512226
2025-01-02,300779,09:50:00.000,2,output_7,0.4151654654638913
2025-01-02,300779,10:00:00.000,3,output_7,0.5816876273321608
2025-01-02,300779,10:10:00.000,4,output_7,0.5066450651834987
2025-01-02,300779,10:20:00.000,5,output_7,0.36380566240204143
2025-01-02,300779,10:30:00.000,6,output_7,0.41051963407550335
2025-01-02,300779,10:40:00.000,7,output_7,0.1216544120053112
2025-01-02,300779,10:50:00.000,8,output_7,0.17112368461507438
2025-01-02,300779,11:00:00.000,9,output_7,0.3045378303819961
2025-01-02,300779,11:10:00.000,10,output_7,0.17058800735523016
2025-01-02,300779,11:20:00.000,11,output_7,0.2120359676074985
2025-01-02,300779,11:30:05.000,12,output_7,0.059981536330676134
2025-01-02,300779,13:10:00.000,13,output_7,0.16659863533428992
2025-01-02,300779,13:20:00.000,14,output_7,0.22651957257695357
2025-01-02,300779,13:30:00.000,15,output_7,0.06581551785056541
2025-01-02,300779,13:40:00.000,16,output_7,0.052868986120886356
2025-01-02,300779,13:50:00.000,17,output_7,0.08259861389495246
2025-01-02,300779,14:00:00.000,18,output_7,0.41495889736586244
2025-01-02,300779,14:10:00.000,19,output_7,0.24591880174751243
2025-01-02,300779,14:20:00.000,20,output_7,0.04066677318478682
2025-01-02,300779,14:30:00.000,21,output_7,0.32306973629746305
2025-01-02,300779,14:40:00.000,22,output_7,0.2170159070362843
2025-01-02,300779,14:50:00.000,23,output_7,0.09427034614160207
2025-01-02,300779,14:56:00.000,24,output_7,0.45128897755083264
2025-01-02,300779,14:57:05.000,25,output_7,0.14081865101298907
2025-01-02,300779,15:05:00.000,26,output_7,0.0
2025-01-02,300816,09:31:00.000,0,output_7,0.3944357113754542
2025-01-02,300816,09:40:00.000,1,output_7,0.0959565175022035
2025-01-02,300816,09:50:00.000,2,output_7,0.09044361346828021
2025-01-02,300816,10:00:00.000,3,output_7,0.1840537233995317
2025-01-02,300816,10:10:00.000,4,output_7,0.06763555110418823
2025-01-02,300816,10:20:00.000,5,output_7,0.06018029794475459
2025-01-02,300816,10:30:00.000,6,output_7,0.03897905004575818
2025-01-02,300816,10:40:00.000,7,output_7,0.02228466591272388
2025-01-02,300816,10:50:00.000,8,output_7,0.024063232694025147
2025-01-02,300816,11:00:00.000,9,output_7,0.04694637371245497
2025-01-02,300816,11:10:00.000,10,output_7,0.016133300450510896
2025-01-02,300816,11:20:00.000,11,output_7,0.05858544686765209
2025-01-02,300816,11:30:05.000,12,output_7,0.023688977177155922
2025-01-02,300816,13:10:00.000,13,output_7,0.05591673509500063
2025-01-02,300816,13:20:00.000,14,output_7,0.059815966598784666
2025-01-02,300816,13:30:00.000,15,output_7,0.026539145816659854
2025-01-02,300816,13:40:00.000,16,output_7,0.03964304490873167
2025-01-02,300816,13:50:00.000,17,output_7,0.0311861896950624
2025-01-02,300816,14:00:00.000,18,output_7,0.04761685236411806
2025-01-02,300816,14:10:00.000,19,output_7,0.08755374336036792
2025-01-02,300816,14:20:00.000,20,output_7,0.03285197086366427
2025-01-02,300816,14:30:00.000,21,output_7,0.059733107922334584
2025-01-02,300816,14:40:00.000,22,output_7,0.05914694409562499
2025-01-02,300816,14:50:00.000,23,output_7,0.056309112162527014
2025-01-02,300816,14:56:00.000,24,output_7,0.04419067091118768
2025-01-02,300816,14:57:05.000,25,output_7,0.03320255469921746
2025-01-02,300816,15:05:00.000,26,output_7,0.0
2025-01-02,301157,09:31:00.000,0,output_7,0.5282842696745412
2025-01-02,301157,09:40:00.000,1,output_7,0.38810945638511873
2025-01-02,301157,09:50:00.000,2,output_7,0.20610838341027313
2025-01-02,301157,10:00:00.000,3,output_7,0.19185902691797105
2025-01-02,301157,10:10:00.000,4,output_7,0.15604172999201313
2025-01-02,301157,10:20:00.000,5,output_7,0.4163856555872657
2025-01-02,301157,10:30:00.000,6,output_7,0.06991732227100063
2025-01-02,301157,10:40:00.000,7,output_7,0.24081512118830806
2025-01-02,301157,10:50:00.000,8,output_7,0.0957053947311531
2025-01-02,301157,11:00:00.000,9,output_7,0.09672447983836346
2025-01-02,301157,11:10:00.000,10,output_7,0.5515476350168105
2025-01-02,301157,11:20:00.000,11,output_7,0.23697800563447108
2025-01-02,301157,11:30:05.000,12,output_7,0.0706347288822207
2025-01-02,301157,13:10:00.000,13,output_7,0.28828560869910247
2025-01-02,301157,13:20:00.000,14,output_7,0.14165664453890206
2025-01-02,301157,13:30:00.000,15,output_7,0.14883330803469164
2025-01-02,301157,13:40:00.000,16,output_7,0.21967543739370646
2025-01-02,301157,13:50:00.000,17,output_7,0.1245441645791202
2025-01-02,301157,14:00:00.000,18,output_7,0.1203128697749658
2025-01-02,301157,14:10:00.000,19,output_7,0.11219768681387814
2025-01-02,301157,14:20:00.000,20,output_7,0.07147253502045325
2025-01-02,301157,14:30:00.000,21,output_7,0.07233864497616876
2025-01-02,301157,14:40:00.000,22,output_7,0.13499216648230247
2025-01-02,301157,14:50:00.000,23,output_7,0.10061311162503081
2025-01-02,301157,14:56:00.000,24,output_7,0.27604884388921314
2025-01-02,301157,14:57:05.000,25,output_7,0.03373004786584599
2025-01-02,301157,15:05:00.000,26,output_7,0.0
2025-01-03,000548,09:31:00.000,0,output_7,0.018516170458805353
2025-01-03,000548,09:40:00.000,1,output_7,0.050406002442470635
2025-01-03,000548,09:50:00.000,2,output_7,0.01372718596001955
2025-01-03,000548,10:00:00.000,3,output_7,0.022076501792551013
2025-01-03,000548,10:10:00.000,4,output_7,0.0201945391945946
2025-01-03,000548,10:20:00.000,5,output_7,0.011237809620852739
2025-01-03,000548,10:30:00.000,6,output_7,0.013511414446591275
2025-01-03,000548,10:40:00.000,7,output_7,0.013146635825153134
2025-01-03,000548,10:50:00.000,8,output_7,0.008047116640473397
2025-01-03,000548,11:00:00.000,9,output_7,0.005185861081249366
2025-01-03,000548,11:10:00.000,10,output_7,0.009180946178215089
2025-01-03,000548,11:20:00.000,11,output_7,0.00993030142532428
2025-01-03,000548,11:30:05.000,12,output_7,0.009691398136707795
2025-01-03,000548,13:10:00.000,13,output_7,0.0055464695948662275
2025-01-03,000548,13:20:00.000,14,output_7,0.006147324456204722
2025-01-03,000548,13:30:00.000,15,output_7,0.006790383536307895
2025-01-03,000548,13:40:00.000,16,output_7,0.012916607697108196
2025-01-03,000548,13:50:00.000,17,output_7,0.007991277348641029
2025-01-03,000548,14:00:00.000,18,output_7,0.007819637630725223
2025-01-03,000548,14:10:00.000,19,output_7,0.004411429795741709
2025-01-03,000548,14:20:00.000,20,output_7,0.0055138567974687995
2025-01-03,000548,14:30:00.000,21,output_7,0.0054435451744793235
2025-01-03,000548,14:40:00.000,22,output_7,0.00720272392347319
2025-01-03,000548,14:50:00.000,23,output_7,0.01256843534046541
2025-01-03,000548,14:56:00.000,24,output_7,0.0053186336622280585
2025-01-03,000548,14:57:05.000,25,output_7,0.0033794513175846815
2025-01-03,000548,15:05:00.000,26,output_7,0.0
2025-01-03,000677,09:31:00.000,0,output_7,0.017608103182070962
2025-01-03,000677,09:40:00.000,1,output_7,0.033155788556040934
2025-01-03,000677,09:50:00.000,2,output_7,0.02464225013703919
2025-01-03,000677,10:00:00.000,3,output_7,0.01216401402479075
2025-01-03,000677,10:10:00.000,4,output_7,0.018394047227170234
2025-01-03,000677,10:20:00.000,5,output_7,0.008103335795029426
2025-01-03,000677,10:30:00.000,6,output_7,0.014049457291825154
2025-01-03,000677,10:40:00.000,7,output_7,0.01040267203788232
2025-01-03,000677,10:50:00.000,8,output_7,0.005120142290950715
2025-01-03,000677,11:00:00.000,9,output_7,0.004794605501442566
2025-01-03,000677,11:10:00.000,10,output_7,0.008352453611936232
2025-01-03,000677,11:20:00.000,11,output_7,0.006386374715663375
2025-01-03,000677,11:30:05.000,12,output_7,0.009845842954665075
2025-01-03,000677,13:10:00.000,13,output_7,0.00415381405890688
2025-01-03,000677,13:20:00.000,14,output_7,0.00669203897752538
2025-01-03,000677,13:30:00.000,15,output_7,0.005515399742816796
2025-01-03,000677,13:40:00.000,16,output_7,0.008736644691222768
2025-01-03,000677,13:50:00.000,17,output_7,0.008924008628801095
2025-01-03,000677,14:00:00.000,18,output_7,0.008761000235530302
2025-01-03,000677,14:10:00.000,19,output_7,0.005769129002609956
2025-01-03,000677,14:20:00.000,20,output_7,0.009755909385543963
2025-01-03,000677,14:30:00.000,21,output_7,0.007094633337211736
2025-01-03,000677,14:40:00.000,22,output_7,0.008870829180315634
2025-01-03,000677,14:50:00.000,23,output_7,0.0061845435745241295
2025-01-03,000677,14:56:00.000,24,output_7,0.007081414063232297
2025-01-03,000677,14:57:05.000,25,output_7,0.002973137288184189
2025-01-03,000677,15:05:00.000,26,output_7,0.0
2025-01-03,002079,09:31:00.000,0,output_7,0.022950381854075518
2025-01-03,002079,09:40:00.000,1,output_7,0.04680022758473036
2025-01-03,002079,09:50:00.000,2,output_7,0.04238173037080525
2025-01-03,002079,10:00:00.000,3,output_7,0.03834729788459152
2025-01-03,002079,10:10:00.000,4,output_7,0.022661237203217027
2025-01-03,002079,10:20:00.000,5,output_7,0.011043460305966252
2025-01-03,002079,10:30:00.000,6,output_7,0.03813886012814714
2025-01-03,002079,10:40:00.000,7,output_7,0.013818713480891132
2025-01-03,002079,10:50:00.000,8,output_7,0.007946027523249004
2025-01-03,002079,11:00:00.000,9,output_7,0.007231961375290718
2025-01-03,002079,11:10:00.000,10,output_7,0.015272476932254416
2025-01-03,002079,11:20:00.000,11,output_7,0.010459279714304305
2025-01-03,002079,11:30:05.000,12,output_7,0.017882436531220316
2025-01-03,002079,13:10:00.000,13,output_7,0.013769604630722167
2025-01-03,002079,13:20:00.000,14,output_7,0.009707652949206199
2025-01-03,002079,13:30:00.000,15,output_7,0.009073383271299024
2025-01-03,002079,13:40:00.000,16,output_7,0.022722062054569413
2025-01-03,002079,13:50:00.000,17,output_7,0.01744215417162522
2025-01-03,002079,14:00:00.000,18,output_7,0.013917411158274336
2025-01-03,002079,14:10:00.000,19,output_7,0.008452482920610162
2025-01-03,002079,14:20:00.000,20,output_7,0.021501357398249744
2025-01-03,002079,14:30:00.000,21,output_7,0.01680093268724439
2025-01-03,002079,14:40:00.000,22,output_7,0.021940078002236966
2025-01-03,002079,14:50:00.000,23,output_7,0.020254642771158682
2025-01-03,002079,14:56:00.000,24,output_7,0.005482667206970604
2025-01-03,002079,14:57:05.000,25,output_7,0.005845152408069415
2025-01-03,002079,15:05:00.000,26,output_7,0.0
2025-01-03,002177,09:31:00.000,0,output_7,0.027205148736570286
2025-01-03,002177,09:40:00.000,1,output_7,0.03813375447306196
2025-01-03,002177,09:50:00.000,2,output_7,0.027979640961603578
2025-01-03,002177,10:00:00.000,3,output_7,0.01269196779659696
2025-01-03,002177,10:10:00.000,4,output_7,0.01081992489062257
2025-01-03,002177,10:20:00.000,5,output_7,0.03945261234983792
2025-01-03,002177,10:30:00.000,6,output_7,0.01410407158203082
2025-01-03,002177,10:40:00.000,7,output_7,0.01095557333493261
2025-01-03,002177,10:50:00.000,8,output_7,0.005426061171081731
2025-01-03,002177,11:00:00.000,9,output_7,0.006599663291073793
2025-01-03,002177,11:10:00.000,10,output_7,0.0058155343686189815
2025-01-03,002177,11:20:00.000,11,output_7,0.005867131159016763
2025-01-03,002177,11:30:05.000,12,output_7,0.006312219228556914
2025-01-03,002177,13:10:00.000,13,output_7,0.0068554014566147405
2025-01-03,002177,13:20:00.000,14,output_7,0.005656591853343319
2025-01-03,002177,13:30:00.000,15,output_7,0.011374192019296153
2025-01-03,002177,13:40:00.000,16,output_7,0.01053637659777675
2025-01-03,002177,13:50:00.000,17,output_7,0.005612937849729751
2025-01-03,002177,14:00:00.000,18,output_7,0.008562163434938897
2025-01-03,002177,14:10:00.000,19,output_7,0.006500907408255049
2025-01-03,002177,14:20:00.000,20,output_7,0.010395931313264453
2025-01-03,002177,14:30:00.000,21,output_7,0.008637036613433294
2025-01-03,002177,14:40:00.000,22,output_7,0.011476851779816034
2025-01-03,002177,14:50:00.000,23,output_7,0.009148949543299378
2025-01-03,002177,14:56:00.000,24,output_7,0.00781545492410781
2025-01-03,002177,14:57:05.000,25,output_7,0.00438821792769866
2025-01-03,002177,15:05:00.000,26,output_7,0.0
2025-01-03,002311,09:31:00.000,0,output_7,0.13741659177388646
2025-01-03,002311,09:40:00.000,1,output_7,0.09666217739248
2025-01-03,002311,09:50:00.000,2,output_7,0.08693062414285499
2025-01-03,002311,10:00:00.000,3,output_7,0.0692939495022545
2025-01-03,002311,10:10:00.000,4,output_7,0.07538465871119891
2025-01-03,002311,10:20:00.000,5,output_7,0.06835504545145978
2025-01-03,002311,10:30:00.000,6,output_7,0.047479941318288296
2025-01-03,002311,10:40:00.000,7,output_7,0.08737045883120971
2025-01-03,002311,10:50:00.000,8,output_7,0.0751801139618747
2025-01-03,002311,11:00:00.000,9,output_7,0.04708705719569225
2025-01-03,002311,11:10:00.000,10,output_7,0.02762748239431638
2025-01-03,002311,11:20:00.000,11,output_7,0.07646108906430302
2025-01-03,002311,11:30:05.000,12,output_7,0.061354634906681346
2025-01-03,002311,13:10:00.000,13,output_7,0.07674307398248513
2025-01-03,002311,13:20:00.000,14,output_7,0.06363685378478566
2025-01-03,002311,13:30:00.000,15,output_7,0.04833037705327504
2025-01-03,002311,13:40:00.000,16,output_7,0.04739295978022695
2025-01-03,002311,13:50:00.000,17,output_7,0.0513777001901979
2025-01-03,002311,14:00:00.000,18,output_7,0.06530141705808969
2025-01-03,002311,14:10:00.000,19,output_7,0.0730059311456722
2025-01-03,002311,14:20:00.000,20,output_7,0.07732547124625895
2025-01-03,002311,14:30:00.000,21,output_7,0.0514412701569065
2025-01-03,002311,14:40:00.000,22,output_7,0.07192706890638903
2025-01-03,002311,14:50:00.000,23,output_7,0.06653796897768396
2025-01-03,002311,14:56:00.000,24,output_7,0.029166935411707274
2025-01-03,002311,14:57:05.000,25,output_7,0.017063722774368933
2025-01-03,002311,15:05:00.000,26,output_7,0.0
2025-01-03,002876,09:31:00.000,0,output_7,0.07220546728026057
2025-01-03,002876,09:40:00.000,1,output_7,0.23733483302695915
2025-01-03,002876,09:50:00.000,2,output_7,0.1053001666631236
2025-01-03,002876,10:00:00.000,3,output_7,0.08475067498501328
2025-01-03,002876,10:10:00.000,4,output_7,0.07933998114069435
2025-01-03,002876,10:20:00.000,5,output_7,0.04468431392608955
2025-01-03,002876,10:30:00.000,6,output_7,0.05516442996937117
2025-01-03,002876,10:40:00.000,7,output_7,0.03472711930268983
2025-01-03,002876,10:50:00.000,8,output_7,0.04621270813394007
2025-01-03,002876,11:00:00.000,9,output_7,0.049303998682756256
2025-01-03,002876,11:10:00.000,10,output_7,0.02584693683567873
2025-01-03,002876,11:20:00.000,11,output_7,0.04027565867866289
2025-01-03,002876,11:30:05.000,12,output_7,0.09195213818956041
2025-01-03,002876,13:10:00.000,13,output_7,0.06417992872628389
2025-01-03,002876,13:20:00.000,14,output_7,0.03285080746065699
2025-01-03,002876,13:30:00.000,15,output_7,0.039055760920046055
2025-01-03,002876,13:40:00.000,16,output_7,0.06816889762217651
2025-01-03,002876,13:50:00.000,17,output_7,0.04184105920125575
2025-01-03,002876,14:00:00.000,18,output_7,0.03695512189409473
2025-01-03,002876,14:10:00.000,19,output_7,0.025671861283882717
2025-01-03,002876,14:20:00.000,20,output_7,0.07133124605503949
2025-01-03,002876,14:30:00.000,21,output_7,0.04503066545559953
2025-01-03,002876,14:40:00.000,22,output_7,0.05511482223104112
2025-01-03,002876,14:50:00.000,23,output_7,0.02511709313270307
2025-01-03,002876,14:56:00.000,24,output_7,0.030836569332263704
2025-01-03,002876,14:57:05.000,25,output_7,0.026789779911232246
2025-01-03,002876,15:05:00.000,26,output_7,0.0
2025-01-03,300967,09:31:00.000,0,output_7,0.052657624299104124
2025-01-03,300967,09:40:00.000,1,output_7,0.12483922518422949
2025-01-03,300967,09:50:00.000,2,output_7,0.05222097539078557
2025-01-03,300967,10:00:00.000,3,output_7,0.05600613474415128
2025-01-03,300967,10:10:00.000,4,output_7,0.043699751286224976
2025-01-03,300967,10:20:00.000,5,output_7,0.016368639800127826
2025-01-03,300967,10:30:00.000,6,output_7,0.035331480185005794
2025-01-03,300967,10:40:00.000,7,output_7,0.02530420404303044
2025-01-03,300967,10:50:00.000,8,output_7,0.011496454182980377
2025-01-03,300967,11:00:00.000,9,output_7,0.01492211311522072
2025-01-03,300967,11:10:00.000,10,output_7,0.02926635406946902
2025-01-03,300967,11:20:00.000,11,output_7,0.01815261773729288
2025-01-03,300967,11:30:05.000,12,output_7,0.04642710527167382
2025-01-03,300967,13:10:00.000,13,output_7,0.01301539358680516
2025-01-03,300967,13:20:00.000,14,output_7,0.011227570923919702
2025-01-03,300967,13:30:00.000,15,output_7,0.015261077862080356
2025-01-03,300967,13:40:00.000,16,output_7,0.0188651619038293
2025-01-03,300967,13:50:00.000,17,output_7,0.01813372653363248
2025-01-03,300967,14:00:00.000,18,output_7,0.020335617630117184
2025-01-03,300967,14:10:00.000,19,output_7,0.01858445826541729
2025-01-03,300967,14:20:00.000,20,output_7,0.029559164116592655
2025-01-03,300967,14:30:00.000,21,output_7,0.02127563577739934
2025-01-03,300967,14:40:00.000,22,output_7,0.021097904441860986
2025-01-03,300967,14:50:00.000,23,output_7,0.018147962590620317
2025-01-03,300967,14:56:00.000,24,output_7,0.011854563491927437
2025-01-03,300967,14:57:05.000,25,output_7,0.00437577985462378
2025-01-03,300967,15:05:00.000,26,output_7,0.0
2025-01-03,301035,09:31:00.000,0,output_7,0.24426317884800128
2025-01-03,301035,09:40:00.000,1,output_7,0.29886427079018396
2025-01-03,301035,09:50:00.000,2,output_7,0.15028960165527744
2025-01-03,301035,10:00:00.000,3,output_7,0.1655253286896253
2025-01-03,301035,10:10:00.000,4,output_7,0.17436731912846445
2025-01-03,301035,10:20:00.000,5,output_7,0.18850416900911773
2025-01-03,301035,10:30:00.000,6,output_7,0.156852382086263
2025-01-03,301035,10:40:00.000,7,output_7,0.125666626386551
2025-01-03,301035,10:50:00.000,8,output_7,0.09437607598368561
2025-01-03,301035,11:00:00.000,9,output_7,0.03477588646621344
2025-01-03,301035,11:10:00.000,10,output_7,0.0418029654774072
2025-01-03,301035,11:20:00.000,11,output_7,0.044381137463080804
2025-01-03,301035,11:30:05.000,12,output_7,0.07247210766947801
2025-01-03,301035,13:10:00.000,13,output_7,0.10698396776235605
2025-01-03,301035,13:20:00.000,14,output_7,0.08878939269370631
2025-01-03,301035,13:30:00.000,15,output_7,0.0889306887236291
2025-01-03,301035,13:40:00.000,16,output_7,0.10038626093806681
2025-01-03,301035,13:50:00.000,17,output_7,0.060359882738830195
2025-01-03,301035,14:00:00.000,18,output_7,0.11196228978877593
2025-01-03,301035,14:10:00.000,19,output_7,0.10306440455338357
2025-01-03,301035,14:20:00.000,20,output_7,0.0920592868842406
2025-01-03,301035,14:30:00.000,21,output_7,0.08837393081530737
2025-01-03,301035,14:40:00.000,22,output_7,0.11838875651923049
2025-01-03,301035,14:50:00.000,23,output_7,0.15495705599359505
2025-01-03,301035,14:56:00.000,24,output_7,0.08248054236331284
2025-01-03,301035,14:57:05.000,25,output_7,0.05642641775607162
2025-01-03,301035,15:05:00.000,26,output_7,0.0
2025-01-03,301049,09:31:00.000,0,output_7,0.04405963053108095
2025-01-03,301049,09:40:00.000,1,output_7,0.18788653135744635
2025-01-03,301049,09:50:00.000,2,output_7,0.11173355025258119
2025-01-03,301049,10:00:00.000,3,output_7,0.07657211454129755
2025-01-03,301049,10:10:00.000,4,output_7,0.1012768366429237
2025-01-03,301049,10:20:00.000,5,output_7,0.06058703917774224
2025-01-03,301049,10:30:00.000,6,output_7,0.37895418182139123
2025-01-03,301049,10:40:00.000,7,output_7,0.12278449293069985
2025-01-03,301049,10:50:00.000,8,output_7,0.025596938619268705
2025-01-03,301049,11:00:00.000,9,output_7,0.015235333426459415
2025-01-03,301049,11:10:00.000,10,output_7,0.06864123395582895
2025-01-03,301049,11:20:00.000,11,output_7,0.05094475852383943
2025-01-03,301049,11:30:05.000,12,output_7,0.03962506843034794
2025-01-03,301049,13:10:00.000,13,output_7,0.08733966369918807
2025-01-03,301049,13:20:00.000,14,output_7,0.039201124314922293
2025-01-03,301049,13:30:00.000,15,output_7,0.05020142871662442
2025-01-03,301049,13:40:00.000,16,output_7,0.05181902753018143
2025-01-03,301049,13:50:00.000,17,output_7,0.03054080783586585
2025-01-03,301049,14:00:00.000,18,output_7,0.02244397471874208
2025-01-03,301049,14:10:00.000,19,output_7,0.061973562878816585
2025-01-03,301049,14:20:00.000,20,output_7,0.05352898974911688
2025-01-03,301049,14:30:00.000,21,output_7,0.09069116546532777
2025-01-03,301049,14:40:00.000,22,output_7,0.050437303344126785
2025-01-03,301049,14:50:00.000,23,output_7,0.03169314595108053
2025-01-03,301049,14:56:00.000,24,output_7,0.07981419771914952
2025-01-03,301049,14:57:05.000,25,output_7,0.017961497282111532
2025-01-03,301049,15:05:00.000,26,output_7,0.0
2025-01-03,301393,09:31:00.000,0,output_7,0.052131018574774944
2025-01-03,301393,09:40:00.000,1,output_7,0.13959169257295742
2025-01-03,301393,09:50:00.000,2,output_7,0.13959025769282193
2025-01-03,301393,10:00:00.000,3,output_7,0.05157807007585187
2025-01-03,301393,10:10:00.000,4,output_7,0.11279225799498802
2025-01-03,301393,10:20:00.000,5,output_7,0.07002059534115715
2025-01-03,301393,10:30:00.000,6,output_7,0.1010410793681764
2025-01-03,301393,10:40:00.000,7,output_7,0.052264745322287635
2025-01-03,301393,10:50:00.000,8,output_7,0.0557019804200013
2025-01-03,301393,11:00:00.000,9,output_7,0.032671438099875515
2025-01-03,301393,11:10:00.000,10,output_7,0.04177068475555331
2025-01-03,301393,11:20:00.000,11,output_7,0.06602551932568779
2025-01-03,301393,11:30:05.000,12,output_7,0.08005447791173562
2025-01-03,301393,13:10:00.000,13,output_7,0.06365656616439651
2025-01-03,301393,13:20:00.000,14,output_7,0.05369516956761212
2025-01-03,301393,13:30:00.000,15,output_7,0.047917516999258995
2025-01-03,301393,13:40:00.000,16,output_7,0.07683868515118215
2025-01-03,301393,13:50:00.000,17,output_7,0.05866228053779615
2025-01-03,301393,14:00:00.000,18,output_7,0.06944888688304712
2025-01-03,301393,14:10:00.000,19,output_7,0.05550963893719981
2025-01-03,301393,14:20:00.000,20,output_7,0.07805743232380027
2025-01-03,301393,14:30:00.000,21,output_7,0.0780395761046685
2025-01-03,301393,14:40:00.000,22,output_7,0.0792897504807307
2025-01-03,301393,14:50:00.000,23,output_7,0.06981529191603172
2025-01-03,301393,14:56:00.000,24,output_7,0.023142404197515457
2025-01-03,301393,14:57:05.000,25,output_7,0.01128152149635451
2025-01-03,301393,15:05:00.000,26,output_7,0.0
2025-01-06,000848,09:31:00.000,0,output_7,0.05215901508499113
2025-01-06,000848,09:40:00.000,1,output_7,0.036466970519189124
2025-01-06,000848,09:50:00.000,2,output_7,0.03099984590749524
2025-01-06,000848,10:00:00.000,3,output_7,0.01119176743367479
2025-01-06,000848,10:10:00.000,4,output_7,0.024769724747890475
2025-01-06,000848,10:20:00.000,5,output_7,0.009253919133646855
2025-01-06,000848,10:30:00.000,6,output_7,0.02361159463702271
2025-01-06,000848,10:40:00.000,7,output_7,0.009984716856384204
2025-01-06,000848,10:50:00.000,8,output_7,0.012010652452887233
2025-01-06,000848,11:00:00.000,9,output_7,0.0054984574492640565
2025-01-06,000848,11:10:00.000,10,output_7,0.008516683818505087
2025-01-06,000848,11:20:00.000,11,output_7,0.007637075589810869
2025-01-06,000848,11:30:05.000,12,output_7,0.01416630360951677
2025-01-06,000848,13:10:00.000,13,output_7,0.024446692065251307
2025-01-06,000848,13:20:00.000,14,output_7,0.01166196975049905
2025-01-06,000848,13:30:00.000,15,output_7,0.00709637718649618
2025-01-06,000848,13:40:00.000,16,output_7,0.009051443291783692
2025-01-06,000848,13:50:00.000,17,output_7,0.006647722719912198
2025-01-06,000848,14:00:00.000,18,output_7,0.007380425062066353
2025-01-06,000848,14:10:00.000,19,output_7,0.014154691795053298
2025-01-06,000848,14:20:00.000,20,output_7,0.006101960547071318
2025-01-06,000848,14:30:00.000,21,output_7,0.01345647136837392
2025-01-06,000848,14:40:00.000,22,output_7,0.020566567229655643
2025-01-06,000848,14:50:00.000,23,output_7,0.009586882006603492
2025-01-06,000848,14:56:00.000,24,output_7,0.01785132087123599
2025-01-06,000848,14:57:05.000,25,output_7,0.005455447255898939
2025-01-06,000848,15:05:00.000,26,output_7,0.0
2025-01-06,000949,09:31:00.000,0,output_7,0.007805863312325483
2025-01-06,000949,09:40:00.000,1,output_7,0.01848733635956961
2025-01-06,000949,09:50:00.000,2,output_7,0.01730274933282027
2025-01-06,000949,10:00:00.000,3,output_7,0.006004057144724864
2025-01-06,000949,10:10:00.000,4,output_7,0.0158823166330035
2025-01-06,000949,10:20:00.000,5,output_7,0.005022188768938627
2025-01-06,000949,10:30:00.000,6,output_7,0.00382148406853817
2025-01-06,000949,10:40:00.000,7,output_7,0.0074601586176175055
2025-01-06,000949,10:50:00.000,8,output_7,0.007867848774194686
2025-01-06,000949,11:00:00.000,9,output_7,0.005407261785013774
2025-01-06,000949,11:10:00.000,10,output_7,0.0031498732988478433
2025-01-06,000949,11:20:00.000,11,output_7,0.009532479529905838
2025-01-06,000949,11:30:05.000,12,output_7,0.015875529503342024
2025-01-06,000949,13:10:00.000,13,output_7,0.025291035346836455
2025-01-06,000949,13:20:00.000,14,output_7,0.013627914451933095
2025-01-06,000949,13:30:00.000,15,output_7,0.006475870636210901
2025-01-06,000949,13:40:00.000,16,output_7,0.005623426687816821
2025-01-06,000949,13:50:00.000,17,output_7,0.005259068333034606
2025-01-06,000949,14:00:00.000,18,output_7,0.013631372992431647
2025-01-06,000949,14:10:00.000,19,output_7,0.005302279409602596
2025-01-06,000949,14:20:00.000,20,output_7,0.005033987924371149
2025-01-06,000949,14:30:00.000,21,output_7,0.004862645390838674
2025-01-06,000949,14:40:00.000,22,output_7,0.003066311050407819
2025-01-06,000949,14:50:00.000,23,output_7,0.008516571412914918
2025-01-06,000949,14:56:00.000,24,output_7,0.004346729885365634
2025-01-06,000949,14:57:05.000,25,output_7,0.004590684062891872
2025-01-06,000949,15:05:00.000,26,output_7,0.0
2025-01-06,002307,09:31:00.000,0,output_7,0.021046385325403108
2025-01-06,002307,09:40:00.000,1,output_7,0.02044850786514022
2025-01-06,002307,09:50:00.000,2,output_7,0.01050355307350634
2025-01-06,002307,10:00:00.000,3,output_7,0.007569907196120371
2025-01-06,002307,10:10:00.000,4,output_7,0.01133608569888631
2025-01-06,002307,10:20:00.000,5,output_7,0.005600421246601114
2025-01-06,002307,10:30:00.000,6,output_7,0.005801702700438396
2025-01-06,002307,10:40:00.000,7,output_7,0.004605277252207635
2025-01-06,002307,10:50:00.000,8,output_7,0.00408577310738491
2025-01-06,002307,11:00:00.000,9,output_7,0.00503003030003568
2025-01-06,002307,11:10:00.000,10,output_7,0.005040692430992222
2025-01-06,002307,11:20:00.000,11,output_7,0.004998597042538225
2025-01-06,002307,11:30:05.000,12,output_7,0.0033460144871179445
2025-01-06,002307,13:10:00.000,13,output_7,0.0059083283480628225
2025-01-06,002307,13:20:00.000,14,output_7,0.0058214528514005425
2025-01-06,002307,13:30:00.000,15,output_7,0.004610806686261807
2025-01-06,002307,13:40:00.000,16,output_7,0.005792991363999136
2025-01-06,002307,13:50:00.000,17,output_7,0.00410455512944778
2025-01-06,002307,14:00:00.000,18,output_7,0.004813109511119212
2025-01-06,002307,14:10:00.000,19,output_7,0.006387888136721738
2025-01-06,002307,14:20:00.000,20,output_7,0.007420283421851497
2025-01-06,002307,14:30:00.000,21,output_7,0.004111132258965185
2025-01-06,002307,14:40:00.000,22,output_7,0.005758463387046742
2025-01-06,002307,14:50:00.000,23,output_7,0.0068974018460081455
2025-01-06,002307,14:56:00.000,24,output_7,0.004949109545002077
2025-01-06,002307,14:57:05.000,25,output_7,0.004576166616175165
2025-01-06,002307,15:05:00.000,26,output_7,0.0
2025-01-06,300284,09:31:00.000,0,output_7,0.028056546405938403
2025-01-06,300284,09:40:00.000,1,output_7,0.08182827885967196
2025-01-06,300284,09:50:00.000,2,output_7,0.02387370138059821
2025-01-06,300284,10:00:00.000,3,output_7,0.012187634366226947
2025-01-06,300284,10:10:00.000,4,output_7,0.03549221235905172
2025-01-06,300284,10:20:00.000,5,output_7,0.009546706114044182
2025-01-06,300284,10:30:00.000,6,output_7,0.020656173522031467
2025-01-06,300284,10:40:00.000,7,output_7,0.0254586253956689
2025-01-06,300284,10:50:00.000,8,output_7,0.009840225691834629
2025-01-06,300284,11:00:00.000,9,output_7,0.017826036160188675
2025-01-06,300284,11:10:00.000,10,output_7,0.016102433486618266
2025-01-06,300284,11:20:00.000,11,output_7,0.01848588898939482
2025-01-06,300284,11:30:05.000,12,output_7,0.03345754438570757
2025-01-06,300284,13:10:00.000,13,output_7,0.012933419480259329
2025-01-06,300284,13:20:00.000,14,output_7,0.013925336464558924
2025-01-06,300284,13:30:00.000,15,output_7,0.006365030642572275
2025-01-06,300284,13:40:00.000,16,output_7,0.018038650142389027
2025-01-06,300284,13:50:00.000,17,output_7,0.017696885342920937
2025-01-06,300284,14:00:00.000,18,output_7,0.0136812902210526
2025-01-06,300284,14:10:00.000,19,output_7,0.011993325613236879
2025-01-06,300284,14:20:00.000,20,output_7,0.01278949333005283
2025-01-06,300284,14:30:00.000,21,output_7,0.006558168798623165
2025-01-06,300284,14:40:00.000,22,output_7,0.016175035677997333
2025-01-06,300284,14:50:00.000,23,output_7,0.016021079485004273
2025-01-06,300284,14:56:00.000,24,output_7,0.006190445871221486
2025-01-06,300284,14:57:05.000,25,output_7,0.00533248697399679
2025-01-06,300284,15:05:00.000,26,output_7,0.0
2025-01-06,300329,09:31:00.000,0,output_7,0.0943734106207272
2025-01-06,300329,09:40:00.000,1,output_7,0.06347150325115583
2025-01-06,300329,09:50:00.000,2,output_7,0.033297588083205015
2025-01-06,300329,10:00:00.000,3,output_7,0.011875497347254009
2025-01-06,300329,10:10:00.000,4,output_7,0.0195447445208429
2025-01-06,300329,10:20:00.000,5,output_7,0.006943905369616186
2025-01-06,300329,10:30:00.000,6,output_7,0.011435797981427846
2025-01-06,300329,10:40:00.000,7,output_7,0.011069219657859425
2025-01-06,300329,10:50:00.000,8,output_7,0.009681955628771152
2025-01-06,300329,11:00:00.000,9,output_7,0.015751772250748634
2025-01-06,300329,11:10:00.000,10,output_7,0.009032500781915052
2025-01-06,300329,11:20:00.000,11,output_7,0.008038033973396471
2025-01-06,300329,11:30:05.000,12,output_7,0.01572082456451081
2025-01-06,300329,13:10:00.000,13,output_7,0.013237730049312722
2025-01-06,300329,13:20:00.000,14,output_7,0.016487834978450612
2025-01-06,300329,13:30:00.000,15,output_7,0.004458225700602758
2025-01-06,300329,13:40:00.000,16,output_7,0.004760002794038318
2025-01-06,300329,13:50:00.000,17,output_7,0.009283372096608658
2025-01-06,300329,14:00:00.000,18,output_7,0.013076669667944253
2025-01-06,300329,14:10:00.000,19,output_7,0.009613768088377704
2025-01-06,300329,14:20:00.000,20,output_7,0.008666862397476528
2025-01-06,300329,14:30:00.000,21,output_7,0.008073960252214738
2025-01-06,300329,14:40:00.000,22,output_7,0.0062941654867060505
2025-01-06,300329,14:50:00.000,23,output_7,0.015658011595166377
2025-01-06,300329,14:56:00.000,24,output_7,0.004911885928706148
2025-01-06,300329,14:57:05.000,25,output_7,0.007804260283901957
2025-01-06,300329,15:05:00.000,26,output_7,0.0
2025-01-06,300584,09:31:00.000,0,output_7,0.1709685016527519
2025-01-06,300584,09:40:00.000,1,output_7,0.2064925069432112
2025-01-06,300584,09:50:00.000,2,output_7,0.21656574841650028
2025-01-06,300584,10:00:00.000,3,output_7,0.08034341799971632
2025-01-06,300584,10:10:00.000,4,output_7,0.08878468009209443
2025-01-06,300584,10:20:00.000,5,output_7,0.0505557132637457
2025-01-06,300584,10:30:00.000,6,output_7,0.03280358735753268
2025-01-06,300584,10:40:00.000,7,output_7,0.05378783708145864
2025-01-06,300584,10:50:00.000,8,output_7,0.009063212412749499
2025-01-06,300584,11:00:00.000,9,output_7,0.06988805387004007
2025-01-06,300584,11:10:00.000,10,output_7,0.019469519166589733
2025-01-06,300584,11:20:00.000,11,output_7,0.008930533896378554
2025-01-06,300584,11:30:05.000,12,output_7,0.04208055307217152
2025-01-06,300584,13:10:00.000,13,output_7,0.01190501252869049
2025-01-06,300584,13:20:00.000,14,output_7,0.045524741339193736
2025-01-06,300584,13:30:00.000,15,output_7,0.015809751817401706
2025-01-06,300584,13:40:00.000,16,output_7,0.020923433421878412
2025-01-06,300584,13:50:00.000,17,output_7,0.058783694657365
2025-01-06,300584,14:00:00.000,18,output_7,0.06347504605316052
2025-01-06,300584,14:10:00.000,19,output_7,0.05108489454601361
2025-01-06,300584,14:20:00.000,20,output_7,0.03925199299715359
2025-01-06,300584,14:30:00.000,21,output_7,0.034689724015917904
2025-01-06,300584,14:40:00.000,22,output_7,0.015980147507345912
2025-01-06,300584,14:50:00.000,23,output_7,0.07783987703188808
2025-01-06,300584,14:56:00.000,24,output_7,0.011586742994200096
2025-01-06,300584,14:57:05.000,25,output_7,0.015272925722589365
2025-01-06,300584,15:05:00.000,26,output_7,0.0
2025-01-06,300947,09:31:00.000,0,output_7,0.12561018799260695
2025-01-06,300947,09:40:00.000,1,output_7,0.08630198596880527
2025-01-06,300947,09:50:00.000,2,output_7,0.15240907443323942
2025-01-06,300947,10:00:00.000,3,output_7,0.07246438484682052
2025-01-06,300947,10:10:00.000,4,output_7,0.10140832729195659
2025-01-06,300947,10:20:00.000,5,output_7,0.02552646344959934
2025-01-06,300947,10:30:00.000,6,output_7,0.05313207333260324
2025-01-06,300947,10:40:00.000,7,output_7,0.026931370016690236
2025-01-06,300947,10:50:00.000,8,output_7,0.07293380813304316
2025-01-06,300947,11:00:00.000,9,output_7,0.03794536963773088
2025-01-06,300947,11:10:00.000,10,output_7,0.08439728329098631
2025-01-06,300947,11:20:00.000,11,output_7,0.06644232792489783
2025-01-06,300947,11:30:05.000,12,output_7,0.040413141744391846
2025-01-06,300947,13:10:00.000,13,output_7,0.028449114444493516
2025-01-06,300947,13:20:00.000,14,output_7,0.08206966153306823
2025-01-06,300947,13:30:00.000,15,output_7,0.024144063034556025
2025-01-06,300947,13:40:00.000,16,output_7,0.0332084702162213
2025-01-06,300947,13:50:00.000,17,output_7,0.040163763999769606
2025-01-06,300947,14:00:00.000,18,output_7,0.10088868298304648
2025-01-06,300947,14:10:00.000,19,output_7,0.033824193377523876
2025-01-06,300947,14:20:00.000,20,output_7,0.0288854347406647
2025-01-06,300947,14:30:00.000,21,output_7,0.017141667146991117
2025-01-06,300947,14:40:00.000,22,output_7,0.04978547777931623
2025-01-06,300947,14:50:00.000,23,output_7,0.06855677487900072
2025-01-06,300947,14:56:00.000,24,output_7,0.0646570412672878
2025-01-06,300947,14:57:05.000,25,output_7,0.012295357449356193
2025-01-06,300947,15:05:00.000,26,output_7,0.0
2025-01-06,301005,09:31:00.000,0,output_7,0.2576928201354068
2025-01-06,301005,09:40:00.000,1,output_7,0.23527769827459505
2025-01-06,301005,09:50:00.000,2,output_7,0.14249440867248325
2025-01-06,301005,10:00:00.000,3,output_7,0.05288417184927274
2025-01-06,301005,10:10:00.000,4,output_7,0.1094040460084498
2025-01-06,301005,10:20:00.000,5,output_7,0.04496076297455033
2025-01-06,301005,10:30:00.000,6,output_7,0.0443312898093599
2025-01-06,301005,10:40:00.000,7,output_7,0.05999843848431942
2025-01-06,301005,10:50:00.000,8,output_7,0.023371723475044487
2025-01-06,301005,11:00:00.000,9,output_7,0.018940586069916065
2025-01-06,301005,11:10:00.000,10,output_7,0.03787790725314367
2025-01-06,301005,11:20:00.000,11,output_7,0.06127610159269551
2025-01-06,301005,11:30:05.000,12,output_7,0.08226889587740414
2025-01-06,301005,13:10:00.000,13,output_7,0.05013157556480106
2025-01-06,301005,13:20:00.000,14,output_7,0.033425096905988036
2025-01-06,301005,13:30:00.000,15,output_7,0.026942051255874188
2025-01-06,301005,13:40:00.000,16,output_7,0.010706814030802207
2025-01-06,301005,13:50:00.000,17,output_7,0.02020014794529015
2025-01-06,301005,14:00:00.000,18,output_7,0.02356402253212631
2025-01-06,301005,14:10:00.000,19,output_7,0.08036415722399307
2025-01-06,301005,14:20:00.000,20,output_7,0.011189170733495254
2025-01-06,301005,14:30:00.000,21,output_7,0.006215041372505937
2025-01-06,301005,14:40:00.000,22,output_7,0.016079286885951772
2025-01-06,301005,14:50:00.000,23,output_7,0.04909532439238366
2025-01-06,301005,14:56:00.000,24,output_7,0.014551528715285476
2025-01-06,301005,14:57:05.000,25,output_7,0.010307764064042987
2025-01-06,301005,15:05:00.000,26,output_7,0.0
2025-01-06,301552,09:31:00.000,0,output_7,0.2634438740453785
2025-01-06,301552,09:40:00.000,1,output_7,0.3922806008861073
2025-01-06,301552,09:50:00.000,2,output_7,0.14454589480214478
2025-01-06,301552,10:00:00.000,3,output_7,0.14366649458017403
2025-01-06,301552,10:10:00.000,4,output_7,0.33502072980649805
2025-01-06,301552,10:20:00.000,5,output_7,0.11260805328049962
2025-01-06,301552,10:30:00.000,6,output_7,0.08742743312714904
2025-01-06,301552,10:40:00.000,7,output_7,0.18809747565490556
2025-01-06,301552,10:50:00.000,8,output_7,0.13635796395928756
2025-01-06,301552,11:00:00.000,9,output_7,0.09748037875605982
2025-01-06,301552,11:10:00.000,10,output_7,0.061601565889479716
2025-01-06,301552,11:20:00.000,11,output_7,0.15421238584603839
2025-01-06,301552,11:30:05.000,12,output_7,0.11011999105238278
2025-01-06,301552,13:10:00.000,13,output_7,0.09815324792139764
2025-01-06,301552,13:20:00.000,14,output_7,0.10256526228466761
2025-01-06,301552,13:30:00.000,15,output_7,0.05454398192588959
2025-01-06,301552,13:40:00.000,16,output_7,0.10140776939484769
2025-01-06,301552,13:50:00.000,17,output_7,0.10756178447786897
2025-01-06,301552,14:00:00.000,18,output_7,0.0680975822019772
2025-01-06,301552,14:10:00.000,19,output_7,0.08379923907851622
2025-01-06,301552,14:20:00.000,20,output_7,0.10188410510432791
2025-01-06,301552,14:30:00.000,21,output_7,0.06749447645754829
2025-01-06,301552,14:40:00.000,22,output_7,0.10033079312226291
2025-01-06,301552,14:50:00.000,23,output_7,0.11039697963689594
2025-01-06,301552,14:56:00.000,24,output_7,0.04151261359953218
2025-01-06,301552,14:57:05.000,25,output_7,0.049725295796173415
2025-01-06,301552,15:05:00.000,26,output_7,0.0
2025-01-06,301578,09:31:00.000,0,output_7,0.36813262041166966
2025-01-06,301578,09:40:00.000,1,output_7,0.5093074629907329
2025-01-06,301578,09:50:00.000,2,output_7,0.16708381089741467
2025-01-06,301578,10:00:00.000,3,output_7,0.16393182122504688
2025-01-06,301578,10:10:00.000,4,output_7,0.1677795343180339
2025-01-06,301578,10:20:00.000,5,output_7,0.11338572266512573
2025-01-06,301578,10:30:00.000,6,output_7,0.07259834451810242
2025-01-06,301578,10:40:00.000,7,output_7,0.22628864755994657
2025-01-06,301578,10:50:00.000,8,output_7,0.07403871060136318
2025-01-06,301578,11:00:00.000,9,output_7,0.04766240291333324
2025-01-06,301578,11:10:00.000,10,output_7,0.10396559496636616
2025-01-06,301578,11:20:00.000,11,output_7,0.07569810726087997
2025-01-06,301578,11:30:05.000,12,output_7,0.12802952998943443
2025-01-06,301578,13:10:00.000,13,output_7,0.06395763400383606
2025-01-06,301578,13:20:00.000,14,output_7,0.09342170246132551
2025-01-06,301578,13:30:00.000,15,output_7,0.09172714682071462
2025-01-06,301578,13:40:00.000,16,output_7,0.02616929013236379
2025-01-06,301578,13:50:00.000,17,output_7,0.08654407443441299
2025-01-06,301578,14:00:00.000,18,output_7,0.0579516207025517
2025-01-06,301578,14:10:00.000,19,output_7,0.07270362311992798
2025-01-06,301578,14:20:00.000,20,output_7,0.06174621394635545
2025-01-06,301578,14:30:00.000,21,output_7,0.03337138509610649
2025-01-06,301578,14:40:00.000,22,output_7,0.09221549801944863
2025-01-06,301578,14:50:00.000,23,output_7,0.14641894949743003
2025-01-06,301578,14:56:00.000,24,output_7,0.04999326687339207
2025-01-06,301578,14:57:05.000,25,output_7,0.006310850959013718
2025-01-06,301578,15:05:00.000,26,output_7,0.0
2025-01-02,000690,09:31:00.000,0,output_8,4.487965012495537
2025-01-02,000690,09:40:00.000,1,output_8,4.480626157833435
2025-01-02,000690,09:50:00.000,2,output_8,4.485041935723299
2025-01-02,000690,10:00:00.000,3,output_8,4.465705141441256
2025-01-02,000690,10:10:00.000,4,output_8,4.455996210925166
2025-01-02,000690,10:20:00.000,5,output_8,4.437161284699525
2025-01-02,000690,10:30:00.000,6,output_8,4.436274734982332
2025-01-02,000690,10:40:00.000,7,output_8,4.443585662363705
2025-01-02,000690,10:50:00.000,8,output_8,4.440516897138209
2025-01-02,000690,11:00:00.000,9,output_8,4.445810194778284
2025-01-02,000690,11:10:00.000,10,output_8,4.440800316062761
2025-01-02,000690,11:20:00.000,11,output_8,4.428934106770598
2025-01-02,000690,11:30:05.000,12,output_8,4.417092095721538
2025-01-02,000690,13:10:00.000,13,output_8,4.41304672002189
2025-01-02,000690,13:20:00.000,14,output_8,4.403444474761256
2025-01-02,000690,13:30:00.000,15,output_8,4.3900231976069835
2025-01-02,000690,13:40:00.000,16,output_8,4.388670937398638
2025-01-02,000690,13:50:00.000,17,output_8,4.379088178359255
2025-01-02,000690,14:00:00.000,18,output_8,4.367773128510834
2025-01-02,000690,14:10:00.000,19,output_8,4.363681770468859
2025-01-02,000690,14:20:00.000,20,output_8,4.344181738222198
2025-01-02,000690,14:30:00.000,21,output_8,4.347967942088935
2025-01-02,000690,14:40:00.000,22,output_8,4.33804872801592
2025-01-02,000690,14:50:00.000,23,output_8,4.322460795454545
2025-01-02,000690,14:56:00.000,24,output_8,4.3287972665148065
2025-01-02,000690,14:57:05.000,25,output_8,4.329246275197195
2025-01-02,000690,15:05:00.000,26,output_8,4.34
2025-01-02,001389,09:31:00.000,0,output_8,49.93483524355301
2025-01-02,001389,09:40:00.000,1,output_8,49.832440150686594
2025-01-02,001389,09:50:00.000,2,output_8,50.00795884315907
2025-01-02,001389,10:00:00.000,3,output_8,50.03143631436314
2025-01-02,001389,10:10:00.000,4,output_8,49.82899333333334
2025-01-02,001389,10:20:00.000,5,output_8,49.647887811155236
2025-01-02,001389,10:30:00.000,6,output_8,49.79823622111287
2025-01-02,001389,10:40:00.000,7,output_8,49.76538461538462
2025-01-02,001389,10:50:00.000,8,output_8,50.17183699870634
2025-01-02,001389,11:00:00.000,9,output_8,50.473817157712304
2025-01-02,001389,11:10:00.000,10,output_8,50.69189226519337
2025-01-02,001389,11:20:00.000,11,output_8,50.6752222817354
2025-01-02,001389,11:30:05.000,12,output_8,50.63441929133858
2025-01-02,001389,13:10:00.000,13,output_8,50.29907859078591
2025-01-02,001389,13:20:00.000,14,output_8,50.15687140115163
2025-01-02,001389,13:30:00.000,15,output_8,50.07650452488688
2025-01-02,001389,13:40:00.000,16,output_8,50.52422091722866
2025-01-02,001389,13:50:00.000,17,output_8,50.4051712457659
2025-01-02,001389,14:00:00.000,18,output_8,50.555977626459146
2025-01-02,001389,14:10:00.000,19,output_8,50.47875545523853
2025-01-02,001389,14:20:00.000,20,output_8,50.088359083644114
2025-01-02,001389,14:30:00.000,21,output_8,50.137972544878565
2025-01-02,001389,14:40:00.000,22,output_8,49.74361604584527
2025-01-02,001389,14:50:00.000,23,output_8,49.535684667309546
2025-01-02,001389,14:56:00.000,24,output_8,49.84520963425513
2025-01-02,001389,14:57:05.000,25,output_8,50.10635071090047
2025-01-02,001389,15:05:00.000,26,output_8,50.1
2025-01-02,002782,09:31:00.000,0,output_8,12.405940905323863
2025-01-02,002782,09:40:00.000,1,output_8,12.38345776243392
2025-01-02,002782,09:50:00.000,2,output_8,12.509610778443113
2025-01-02,002782,10:00:00.000,3,output_8,12.620520088976997
2025-01-02,002782,10:10:00.000,4,output_8,12.561447084233262
2025-01-02,002782,10:20:00.000,5,output_8,12.514086989126358
2025-01-02,002782,10:30:00.000,6,output_8,12.625376538740044
2025-01-02,002782,10:40:00.000,7,output_8,12.689511295527893
2025-01-02,002782,10:50:00.000,8,output_8,12.670518739141226
2025-01-02,002782,11:00:00.000,9,output_8,12.853524477447746
2025-01-02,002782,11:10:00.000,10,output_8,12.779982230119947
2025-01-02,002782,11:20:00.000,11,output_8,12.734019784172661
2025-01-02,002782,11:30:05.000,12,output_8,12.753882352941176
2025-01-02,002782,13:10:00.000,13,output_8,12.676476793248945
2025-01-02,002782,13:20:00.000,14,output_8,12.639026512013256
2025-01-02,002782,13:30:00.000,15,output_8,12.565910512388742
2025-01-02,002782,13:40:00.000,16,output_8,12.555342544617156
2025-01-02,002782,13:50:00.000,17,output_8,12.49562037037037
2025-01-02,002782,14:00:00.000,18,output_8,12.442349709114415
2025-01-02,002782,14:10:00.000,19,output_8,12.420492724023488
2025-01-02,002782,14:20:00.000,20,output_8,12.282541376828975
2025-01-02,002782,14:30:00.000,21,output_8,12.29591554423007
2025-01-02,002782,14:40:00.000,22,output_8,12.231426099495314
2025-01-02,002782,14:50:00.000,23,output_8,12.186211340206185
2025-01-02,002782,14:56:00.000,24,output_8,12.25883179170949
2025-01-02,002782,14:57:05.000,25,output_8,12.30730870712401
2025-01-02,002782,15:05:00.000,26,output_8,12.33
2025-01-02,002852,09:31:00.000,0,output_8,8.284089361702128
2025-01-02,002852,09:40:00.000,1,output_8,8.363821381100728
2025-01-02,002852,09:50:00.000,2,output_8,8.444385227849077
2025-01-02,002852,10:00:00.000,3,output_8,8.464515467171717
2025-01-02,002852,10:10:00.000,4,output_8,8.456971476510066
2025-01-02,002852,10:20:00.000,5,output_8,8.462836581709146
2025-01-02,002852,10:30:00.000,6,output_8,8.497773804202057
2025-01-02,002852,10:40:00.000,7,output_8,8.516204835642489
2025-01-02,002852,10:50:00.000,8,output_8,8.497823631624675
2025-01-02,002852,11:00:00.000,9,output_8,8.473475646422129
2025-01-02,002852,11:10:00.000,10,output_8,8.502549824150059
2025-01-02,002852,11:20:00.000,11,output_8,8.465692913385826
2025-01-02,002852,11:30:05.000,12,output_8,8.445383244206774
2025-01-02,002852,13:10:00.000,13,output_8,8.434709542137426
2025-01-02,002852,13:20:00.000,14,output_8,8.407325631151048
2025-01-02,002852,13:30:00.000,15,output_8,8.353954759672774
2025-01-02,002852,13:40:00.000,16,output_8,8.354850573105066
2025-01-02,002852,13:50:00.000,17,output_8,8.32525284738041
2025-01-02,002852,14:00:00.000,18,output_8,8.279320875113948
2025-01-02,002852,14:10:00.000,19,output_8,8.28768479776848
2025-01-02,002852,14:20:00.000,20,output_8,8.230968461293406
2025-01-02,002852,14:30:00.000,21,output_8,8.250412912912912
2025-01-02,002852,14:40:00.000,22,output_8,8.213030477285796
2025-01-02,002852,14:50:00.000,23,output_8,8.172292861667051
2025-01-02,002852,14:56:00.000,24,output_8,8.208015726179463
2025-01-02,002852,14:57:05.000,25,output_8,8.22498759305211
2025-01-02,002852,15:05:00.000,26,output_8,8.23
2025-01-02,300046,09:31:00.000,0,output_8,35.6575620835857
2025-01-02,300046,09:40:00.000,1,output_8,34.7036091379734
2025-01-02,300046,09:50:00.000,2,output_8,34.94805826037149
2025-01-02,300046,10:00:00.000,3,output_8,35.093981310059064
2025-01-02,300046,10:10:00.000,4,output_8,35.000582025387295
2025-01-02,300046,10:20:00.000,5,output_8,34.9552
2025-01-02,300046,10:30:00.000,6,output_8,35.128909508950564
2025-01-02,300046,10:40:00.000,7,output_8,34.9330757269476
2025-01-02,300046,10:50:00.000,8,output_8,34.77041871575102
2025-01-02,300046,11:00:00.000,9,output_8,34.906362023070095
2025-01-02,300046,11:10:00.000,10,output_8,34.74814823366428
2025-01-02,300046,11:20:00.000,11,output_8,34.55814645726808
2025-01-02,300046,11:30:05.000,12,output_8,34.51263982380564
2025-01-02,300046,13:10:00.000,13,output_8,34.38198257867739
2025-01-02,300046,13:20:00.000,14,output_8,34.23066003832665
2025-01-02,300046,13:30:00.000,15,output_8,33.995244148813946
2025-01-02,300046,13:40:00.000,16,output_8,34.14109189189189
2025-01-02,300046,13:50:00.000,17,output_8,33.986544
2025-01-02,300046,14:00:00.000,18,output_8,33.96125299600533
2025-01-02,300046,14:10:00.000,19,output_8,34.08372850678733
2025-01-02,300046,14:20:00.000,20,output_8,33.70921949362269
2025-01-02,300046,14:30:00.000,21,output_8,33.83673205463528
2025-01-02,300046,14:40:00.000,22,output_8,33.56135979952178
2025-01-02,300046,14:50:00.000,23,output_8,33.37921905691995
2025-01-02,300046,14:56:00.000,24,output_8,33.59933600457928
2025-01-02,300046,14:57:05.000,25,output_8,33.66859144263537
2025-01-02,300046,15:05:00.000,26,output_8,33.75
2025-01-02,300100,09:31:00.000,0,output_8,27.647871784565915
2025-01-02,300100,09:40:00.000,1,output_8,27.23349022817968
2025-01-02,300100,09:50:00.000,2,output_8,27.59091167320438
2025-01-02,300100,10:00:00.000,3,output_8,27.956901468268413
2025-01-02,300100,10:10:00.000,4,output_8,28.05546903967371
2025-01-02,300100,10:20:00.000,5,output_8,28.23655744533148
2025-01-02,300100,10:30:00.000,6,output_8,28.41604494941118
2025-01-02,300100,10:40:00.000,7,output_8,28.696013753043182
2025-01-02,300100,10:50:00.000,8,output_8,28.84722958529286
2025-01-02,300100,11:00:00.000,9,output_8,29.319506943750625
2025-01-02,300100,11:10:00.000,10,output_8,28.99292042398355
2025-01-02,300100,11:20:00.000,11,output_8,28.87626911348258
2025-01-02,300100,11:30:05.000,12,output_8,28.845295981323996
2025-01-02,300100,13:10:00.000,13,output_8,28.681017409359526
2025-01-02,300100,13:20:00.000,14,output_8,28.699297820823244
2025-01-02,300100,13:30:00.000,15,output_8,28.586537075729026
2025-01-02,300100,13:40:00.000,16,output_8,28.782182664339732
2025-01-02,300100,13:50:00.000,17,output_8,28.644780150753768
2025-01-02,300100,14:00:00.000,18,output_8,28.665756701730572
2025-01-02,300100,14:10:00.000,19,output_8,28.65651567239636
2025-01-02,300100,14:20:00.000,20,output_8,28.464007034632036
2025-01-02,300100,14:30:00.000,21,output_8,28.564338383838383
2025-01-02,300100,14:40:00.000,22,output_8,28.357706146926535
2025-01-02,300100,14:50:00.000,23,output_8,28.20699992267842
2025-01-02,300100,14:56:00.000,24,output_8,28.316359798167028
2025-01-02,300100,14:57:05.000,25,output_8,28.369949863263447
2025-01-02,300100,15:05:00.000,26,output_8,28.38
2025-01-02,300214,09:31:00.000,0,output_8,5.589803724207348
2025-01-02,300214,09:40:00.000,1,output_8,5.543414634146341
2025-01-02,300214,09:50:00.000,2,output_8,5.606601220482887
2025-01-02,300214,10:00:00.000,3,output_8,5.617578947368421
2025-01-02,300214,10:10:00.000,4,output_8,5.614994413407821
2025-01-02,300214,10:20:00.000,5,output_8,5.604533221194281
2025-01-02,300214,10:30:00.000,6,output_8,5.659775
2025-01-02,300214,10:40:00.000,7,output_8,5.6749953471059
2025-01-02,300214,10:50:00.000,8,output_8,5.675569350833629
2025-01-02,300214,11:00:00.000,9,output_8,5.695147601476015
2025-01-02,300214,11:10:00.000,10,output_8,5.908311250913481
2025-01-02,300214,11:20:00.000,11,output_8,6.058969507368738
2025-01-02,300214,11:30:05.000,12,output_8,6.102044426633079
2025-01-02,300214,13:10:00.000,13,output_8,5.9600721793085985
2025-01-02,300214,13:20:00.000,14,output_8,5.907754634053124
2025-01-02,300214,13:30:00.000,15,output_8,5.881609938733833
2025-01-02,300214,13:40:00.000,16,output_8,5.884485103626943
2025-01-02,300214,13:50:00.000,17,output_8,5.8963811750950015
2025-01-02,300214,14:00:00.000,18,output_8,5.900045373840994
2025-01-02,300214,14:10:00.000,19,output_8,5.897107043374453
2025-01-02,300214,14:20:00.000,20,output_8,5.8537677902621725
2025-01-02,300214,14:30:00.000,21,output_8,5.870501644736842
2025-01-02,300214,14:40:00.000,22,output_8,5.84152052238806
2025-01-02,300214,14:50:00.000,23,output_8,5.816069910250354
2025-01-02,300214,14:56:00.000,24,output_8,5.850856648852562
2025-01-02,300214,14:57:05.000,25,output_8,5.89540712945591
2025-01-02,300214,15:05:00.000,26,output_8,5.93
2025-01-02,300779,09:31:00.000,0,output_8,97.5547946663328
2025-01-02,300779,09:40:00.000,1,output_8,98.46915282392027
2025-01-02,300779,09:50:00.000,2,output_8,97.29873888439774
2025-01-02,300779,10:00:00.000,3,output_8,98.05173974791408
2025-01-02,300779,10:10:00.000,4,output_8,99.72009701518961
2025-01-02,300779,10:20:00.000,5,output_8,100.09088078199066
2025-01-02,300779,10:30:00.000,6,output_8,100.64904028232054
2025-01-02,300779,10:40:00.000,7,output_8,99.89088985422872
2025-01-02,300779,10:50:00.000,8,output_8,99.52529652351738
2025-01-02,300779,11:00:00.000,9,output_8,99.17828571428572
2025-01-02,300779,11:10:00.000,10,output_8,98.85051170568562
2025-01-02,300779,11:20:00.000,11,output_8,98.61402425267907
2025-01-02,300779,11:30:05.000,12,output_8,98.48937158469946
2025-01-02,300779,13:10:00.000,13,output_8,98.4080578898226
2025-01-02,300779,13:20:00.000,14,output_8,98.08478181818182
2025-01-02,300779,13:30:00.000,15,output_8,97.79023703703704
2025-01-02,300779,13:40:00.000,16,output_8,98.01834956432599
2025-01-02,300779,13:50:00.000,17,output_8,98.10259756097561
2025-01-02,300779,14:00:00.000,18,output_8,97.48738452063233
2025-01-02,300779,14:10:00.000,19,output_8,97.41993091537132
2025-01-02,300779,14:20:00.000,20,output_8,96.98423948220065
2025-01-02,300779,14:30:00.000,21,output_8,96.99021452145215
2025-01-02,300779,14:40:00.000,22,output_8,97.06504430005907
2025-01-02,300779,14:50:00.000,23,output_8,97.07272475795297
2025-01-02,300779,14:56:00.000,24,output_8,97.78372111553784
2025-01-02,300779,14:57:05.000,25,output_8,98.34539047619047
2025-01-02,300779,15:05:00.000,26,output_8,98.12
2025-01-02,300816,09:31:00.000,0,output_8,25.532567804024495
2025-01-02,300816,09:40:00.000,1,output_8,25.11777303070761
2025-01-02,300816,09:50:00.000,2,output_8,25.21890919474586
2025-01-02,300816,10:00:00.000,3,output_8,25.706621196222457
2025-01-02,300816,10:10:00.000,4,output_8,25.537733333333332
2025-01-02,300816,10:20:00.000,5,output_8,25.41862796833773
2025-01-02,300816,10:30:00.000,6,output_8,25.540287443267776
2025-01-02,300816,10:40:00.000,7,output_8,25.530359281437125
2025-01-02,300816,10:50:00.000,8,output_8,25.486666666666668
2025-01-02,300816,11:00:00.000,9,output_8,25.555608108108107
2025-01-02,300816,11:10:00.000,10,output_8,25.467989690721648
2025-01-02,300816,11:20:00.000,11,output_8,25.358947368421052
2025-01-02,300816,11:30:05.000,12,output_8,25.262138364779876
2025-01-02,300816,13:10:00.000,13,output_8,25.149050632911393
2025-01-02,300816,13:20:00.000,14,output_8,25.062016498625116
2025-01-02,300816,13:30:00.000,15,output_8,24.99393092105263
2025-01-02,300816,13:40:00.000,16,output_8,25.052188235294118
2025-01-02,300816,13:50:00.000,17,output_8,24.969592875318067
2025-01-02,300816,14:00:00.000,18,output_8,24.885515394912986
2025-01-02,300816,14:10:00.000,19,output_8,24.84978622327791
2025-01-02,300816,14:20:00.000,20,output_8,24.781624106230847
2025-01-02,300816,14:30:00.000,21,output_8,24.82112676056338
2025-01-02,300816,14:40:00.000,22,output_8,24.748529411764707
2025-01-02,300816,14:50:00.000,23,output_8,24.578856485034535
2025-01-02,300816,14:56:00.000,24,output_8,24.72330943847073
2025-01-02,300816,14:57:05.000,25,output_8,24.732909930715934
2025-01-02,300816,15:05:00.000,26,output_8,24.78
2025-01-02,301157,09:31:00.000,0,output_8,44.66288209606987
2025-01-02,301157,09:40:00.000,1,output_8,43.53200608673599
2025-01-02,301157,09:50:00.000,2,output_8,43.45865051903114
2025-01-02,301157,10:00:00.000,3,output_8,44.0413151563753
2025-01-02,301157,10:10:00.000,4,output_8,44.27281053107794
2025-01-02,301157,10:20:00.000,5,output_8,45.17060931871574
2025-01-02,301157,10:30:00.000,6,output_8,45.432598518631934
2025-01-02,301157,10:40:00.000,7,output_8,45.39033106835164
2025-01-02,301157,10:50:00.000,8,output_8,45.62093283302064
2025-01-02,301157,11:00:00.000,9,output_8,45.71819565217391
2025-01-02,301157,11:10:00.000,10,output_8,46.66541332665331
2025-01-02,301157,11:20:00.000,11,output_8,47.098622037090585
2025-01-02,301157,11:30:05.000,12,output_8,46.88759100642398
2025-01-02,301157,13:10:00.000,13,output_8,47.07620227729404
2025-01-02,301157,13:20:00.000,14,output_8,46.6703776683087
2025-01-02,301157,13:30:00.000,15,output_8,46.40181946403385
2025-01-02,301157,13:40:00.000,16,output_8,46.4421752265861
2025-01-02,301157,13:50:00.000,17,output_8,46.08114081996435
2025-01-02,301157,14:00:00.000,18,output_8,46.00449593495935
2025-01-02,301157,14:10:00.000,19,output_8,46.18272450532724
2025-01-02,301157,14:20:00.000,20,output_8,45.87228516320475
2025-01-02,301157,14:30:00.000,21,output_8,46.02279829545454
2025-01-02,301157,14:40:00.000,22,output_8,45.72679404920698
2025-01-02,301157,14:50:00.000,23,output_8,45.500008857395926
2025-01-02,301157,14:56:00.000,24,output_8,45.88816644993498
2025-01-02,301157,14:57:05.000,25,output_8,46.23938947368421
2025-01-02,301157,15:05:00.000,26,output_8,46.5
2025-01-03,000548,09:31:00.000,0,output_8,5.163650102459016
2025-01-03,000548,09:40:00.000,1,output_8,5.036289469991112
2025-01-03,000548,09:50:00.000,2,output_8,5.051175640468953
2025-01-03,000548,10:00:00.000,3,output_8,5.039300012280487
2025-01-03,000548,10:10:00.000,4,output_8,5.023608525968178
2025-01-03,000548,10:20:00.000,5,output_8,5.047400493131384
2025-01-03,000548,10:30:00.000,6,output_8,5.0886069326357095
2025-01-03,000548,10:40:00.000,7,output_8,5.104486190594676
2025-01-03,000548,10:50:00.000,8,output_8,5.078583788706739
2025-01-03,000548,11:00:00.000,9,output_8,5.071131611316114
2025-01-03,000548,11:10:00.000,10,output_8,5.081407766990291
2025-01-03,000548,11:20:00.000,11,output_8,5.083772865853659
2025-01-03,000548,11:30:05.000,12,output_8,5.060605438686506
2025-01-03,000548,13:10:00.000,13,output_8,5.02052597955707
2025-01-03,000548,13:20:00.000,14,output_8,5.015881278538813
2025-01-03,000548,13:30:00.000,15,output_8,5.021451138868479
2025-01-03,000548,13:40:00.000,16,output_8,5.028701861769957
2025-01-03,000548,13:50:00.000,17,output_8,5.006042688203057
2025-01-03,000548,14:00:00.000,18,output_8,4.978111742424242
2025-01-03,000548,14:10:00.000,19,output_8,4.970197213961496
2025-01-03,000548,14:20:00.000,20,output_8,4.963888126286891
2025-01-03,000548,14:30:00.000,21,output_8,4.98885140257771
2025-01-03,000548,14:40:00.000,22,output_8,4.965387881126978
2025-01-03,000548,14:50:00.000,23,output_8,4.9342449753507776
2025-01-03,000548,14:56:00.000,24,output_8,4.90397281888982
2025-01-03,000548,14:57:05.000,25,output_8,4.906379310344827
2025-01-03,000548,15:05:00.000,26,output_8,4.92
2025-01-03,000677,09:31:00.000,0,output_8,4.030283514175709
2025-01-03,000677,09:40:00.000,1,output_8,3.9426986213529975
2025-01-03,000677,09:50:00.000,2,output_8,3.914952897106878
2025-01-03,000677,10:00:00.000,3,output_8,3.8870489631336405
2025-01-03,000677,10:10:00.000,4,output_8,3.85728838881367
2025-01-03,000677,10:20:00.000,5,output_8,3.884729216152019
2025-01-03,000677,10:30:00.000,6,output_8,3.9225581395348836
2025-01-03,000677,10:40:00.000,7,output_8,3.9239818341634924
2025-01-03,000677,10:50:00.000,8,output_8,3.898470509082754
2025-01-03,000677,11:00:00.000,9,output_8,3.8937101556708673
2025-01-03,000677,11:10:00.000,10,output_8,3.903922315308454
2025-01-03,000677,11:20:00.000,11,output_8,3.9001569037656902
2025-01-03,000677,11:30:05.000,12,output_8,3.880020017515326
2025-01-03,000677,13:10:00.000,13,output_8,3.859185204345577
2025-01-03,000677,13:20:00.000,14,output_8,3.8564363679273113
2025-01-03,000677,13:30:00.000,15,output_8,3.857276332094176
2025-01-03,000677,13:40:00.000,16,output_8,3.8606258278145695
2025-01-03,000677,13:50:00.000,17,output_8,3.836056360452157
2025-01-03,000677,14:00:00.000,18,output_8,3.810883935434281
2025-01-03,000677,14:10:00.000,19,output_8,3.8025556194859993
2025-01-03,000677,14:20:00.000,20,output_8,3.7938115999471527
2025-01-03,000677,14:30:00.000,21,output_8,3.8184219038817004
2025-01-03,000677,14:40:00.000,22,output_8,3.7882094400917254
2025-01-03,000677,14:50:00.000,23,output_8,3.7817740458015265
2025-01-03,000677,14:56:00.000,24,output_8,3.7610296379858474
2025-01-03,000677,14:57:05.000,25,output_8,3.7614941176470587
2025-01-03,000677,15:05:00.000,26,output_8,3.76
2025-01-03,002079,09:31:00.000,0,output_8,9.942851485148514
2025-01-03,002079,09:40:00.000,1,output_8,9.814987994862918
2025-01-03,002079,09:50:00.000,2,output_8,9.782258751902587
2025-01-03,002079,10:00:00.000,3,output_8,9.74758687795385
2025-01-03,002079,10:10:00.000,4,output_8,9.742768166089965
2025-01-03,002079,10:20:00.000,5,output_8,9.767553636110337
2025-01-03,002079,10:30:00.000,6,output_8,9.854921203438396
2025-01-03,002079,10:40:00.000,7,output_8,9.869894564894565
2025-01-03,002079,10:50:00.000,8,output_8,9.836656460502143
2025-01-03,002079,11:00:00.000,9,output_8,9.825130081300813
2025-01-03,002079,11:10:00.000,10,output_8,9.837187655550025
2025-01-03,002079,11:20:00.000,11,output_8,9.837502064409579
2025-01-03,002079,11:30:05.000,12,output_8,9.799149697303248
2025-01-03,002079,13:10:00.000,13,output_8,9.741966136834831
2025-01-03,002079,13:20:00.000,14,output_8,9.730277367955148
2025-01-03,002079,13:30:00.000,15,output_8,9.715588180288012
2025-01-03,002079,13:40:00.000,16,output_8,9.7048461400036
2025-01-03,002079,13:50:00.000,17,output_8,9.6455
2025-01-03,002079,14:00:00.000,18,output_8,9.596568399798082
2025-01-03,002079,14:10:00.000,19,output_8,9.56414289871944
2025-01-03,002079,14:20:00.000,20,output_8,9.516682427868378
2025-01-03,002079,14:30:00.000,21,output_8,9.593261794201428
2025-01-03,002079,14:40:00.000,22,output_8,9.510615256124721
2025-01-03,002079,14:50:00.000,23,output_8,9.533721378955493
2025-01-03,002079,14:56:00.000,24,output_8,9.49302551392573
2025-01-03,002079,14:57:05.000,25,output_8,9.488190649666059
2025-01-03,002079,15:05:00.000,26,output_8,9.510000000000002
2025-01-03,002177,09:31:00.000,0,output_8,4.529695121951219
2025-01-03,002177,09:40:00.000,1,output_8,4.39996202247579
2025-01-03,002177,09:50:00.000,2,output_8,4.35069006442862
2025-01-03,002177,10:00:00.000,3,output_8,4.308523313586853
2025-01-03,002177,10:10:00.000,4,output_8,4.288946465938154
2025-01-03,002177,10:20:00.000,5,output_8,4.3620276343837485
2025-01-03,002177,10:30:00.000,6,output_8,4.365643003043061
2025-01-03,002177,10:40:00.000,7,output_8,4.356673536100057
2025-01-03,002177,10:50:00.000,8,output_8,4.321747254134579
2025-01-03,002177,11:00:00.000,9,output_8,4.317429526631715
2025-01-03,002177,11:10:00.000,10,output_8,4.328382611241218
2025-01-03,002177,11:20:00.000,11,output_8,4.326941946034342
2025-01-03,002177,11:30:05.000,12,output_8,4.31007207806609
2025-01-03,002177,13:10:00.000,13,output_8,4.296068218096278
2025-01-03,002177,13:20:00.000,14,output_8,4.286337603617182
2025-01-03,002177,13:30:00.000,15,output_8,4.285948201212312
2025-01-03,002177,13:40:00.000,16,output_8,4.295340825620684
2025-01-03,002177,13:50:00.000,17,output_8,4.269517338331771
2025-01-03,002177,14:00:00.000,18,output_8,4.246713590263692
2025-01-03,002177,14:10:00.000,19,output_8,4.232259102207925
2025-01-03,002177,14:20:00.000,20,output_8,4.218664026233976
2025-01-03,002177,14:30:00.000,21,output_8,4.259557851239669
2025-01-03,002177,14:40:00.000,22,output_8,4.218171357338064
2025-01-03,002177,14:50:00.000,23,output_8,4.212554282934595
2025-01-03,002177,14:56:00.000,24,output_8,4.184870278519649
2025-01-03,002177,14:57:05.000,25,output_8,4.1892854763491005
2025-01-03,002177,15:05:00.000,26,output_8,4.2
2025-01-03,002311,09:31:00.000,0,output_8,47.82951666666666
2025-01-03,002311,09:40:00.000,1,output_8,47.74194487942374
2025-01-03,002311,09:50:00.000,2,output_8,47.70749751602564
2025-01-03,002311,10:00:00.000,3,output_8,47.50479103343465
2025-01-03,002311,10:10:00.000,4,output_8,47.476796840719615
2025-01-03,002311,10:20:00.000,5,output_8,47.49639701306783
2025-01-03,002311,10:30:00.000,6,output_8,47.68260809398897
2025-01-03,002311,10:40:00.000,7,output_8,47.77008128029892
2025-01-03,002311,10:50:00.000,8,output_8,47.70882042438232
2025-01-03,002311,11:00:00.000,9,output_8,47.48853914871256
2025-01-03,002311,11:10:00.000,10,output_8,47.66537034173496
2025-01-03,002311,11:20:00.000,11,output_8,47.772762463343106
2025-01-03,002311,11:30:05.000,12,output_8,47.812543689320385
2025-01-03,002311,13:10:00.000,13,output_8,47.66642753271934
2025-01-03,002311,13:20:00.000,14,output_8,47.50814070351759
2025-01-03,002311,13:30:00.000,15,output_8,47.584131205673756
2025-01-03,002311,13:40:00.000,16,output_8,47.7330627306273
2025-01-03,002311,13:50:00.000,17,output_8,47.88063408958697
2025-01-03,002311,14:00:00.000,18,output_8,47.728875408306116
2025-01-03,002311,14:10:00.000,19,output_8,47.32361934926576
2025-01-03,002311,14:20:00.000,20,output_8,47.1148592490688
2025-01-03,002311,14:30:00.000,21,output_8,47.25480422622747
2025-01-03,002311,14:40:00.000,22,output_8,47.18204500592183
2025-01-03,002311,14:50:00.000,23,output_8,47.20950726978998
2025-01-03,002311,14:56:00.000,24,output_8,47.02892980427124
2025-01-03,002311,14:57:05.000,25,output_8,47.04373913043478
2025-01-03,002311,15:05:00.000,26,output_8,47.09
2025-01-03,002876,09:31:00.000,0,output_8,25.2762096069869
2025-01-03,002876,09:40:00.000,1,output_8,24.97205978975033
2025-01-03,002876,09:50:00.000,2,output_8,24.878708401976937
2025-01-03,002876,10:00:00.000,3,output_8,24.560050726308507
2025-01-03,002876,10:10:00.000,4,output_8,24.608957189901208
2025-01-03,002876,10:20:00.000,5,output_8,24.756666666666668
2025-01-03,002876,10:30:00.000,6,output_8,24.85149758454106
2025-01-03,002876,10:40:00.000,7,output_8,24.87546204620462
2025-01-03,002876,10:50:00.000,8,output_8,24.858069584736253
2025-01-03,002876,11:00:00.000,9,output_8,24.961118553248493
2025-01-03,002876,11:10:00.000,10,output_8,24.88403118040089
2025-01-03,002876,11:20:00.000,11,output_8,24.784139650872817
2025-01-03,002876,11:30:05.000,12,output_8,24.717165178571427
2025-01-03,002876,13:10:00.000,13,output_8,24.45626824324324
2025-01-03,002876,13:20:00.000,14,output_8,24.386294724075196
2025-01-03,002876,13:30:00.000,15,output_8,24.34165386835523
2025-01-03,002876,13:40:00.000,16,output_8,24.302348844147694
2025-01-03,002876,13:50:00.000,17,output_8,24.1402154340836
2025-01-03,002876,14:00:00.000,18,output_8,23.982115240995004
2025-01-03,002876,14:10:00.000,19,output_8,23.902111893293814
2025-01-03,002876,14:20:00.000,20,output_8,23.7729120384269
2025-01-03,002876,14:30:00.000,21,output_8,23.903684033613445
2025-01-03,002876,14:40:00.000,22,output_8,23.63176021382207
2025-01-03,002876,14:50:00.000,23,output_8,23.62214126394052
2025-01-03,002876,14:56:00.000,24,output_8,23.551133333333333
2025-01-03,002876,14:57:05.000,25,output_8,23.46899193548387
2025-01-03,002876,15:05:00.000,26,output_8,23.55
2025-01-03,300967,09:31:00.000,0,output_8,11.640058013052936
2025-01-03,300967,09:40:00.000,1,output_8,11.30362154764867
2025-01-03,300967,09:50:00.000,2,output_8,11.39893165467626
2025-01-03,300967,10:00:00.000,3,output_8,11.27894100403078
2025-01-03,300967,10:10:00.000,4,output_8,11.302136010953902
2025-01-03,300967,10:20:00.000,5,output_8,11.333973509933776
2025-01-03,300967,10:30:00.000,6,output_8,11.42383850931677
2025-01-03,300967,10:40:00.000,7,output_8,11.397919556171983
2025-01-03,300967,10:50:00.000,8,output_8,11.334016282225237
2025-01-03,300967,11:00:00.000,9,output_8,11.319019292604501
2025-01-03,300967,11:10:00.000,10,output_8,11.349311594202899
2025-01-03,300967,11:20:00.000,11,output_8,11.327807692307692
2025-01-03,300967,11:30:05.000,12,output_8,11.26983547925608
2025-01-03,300967,13:10:00.000,13,output_8,11.205958029197081
2025-01-03,300967,13:20:00.000,14,output_8,11.211494845360825
2025-01-03,300967,13:30:00.000,15,output_8,11.206764331210191
2025-01-03,300967,13:40:00.000,16,output_8,11.216510460251046
2025-01-03,300967,13:50:00.000,17,output_8,11.157798994974874
2025-01-03,300967,14:00:00.000,18,output_8,11.09645346272607
2025-01-03,300967,14:10:00.000,19,output_8,11.038697514995716
2025-01-03,300967,14:20:00.000,20,output_8,10.996459390862944
2025-01-03,300967,14:30:00.000,21,output_8,11.090596696856686
2025-01-03,300967,14:40:00.000,22,output_8,11.001699939503933
2025-01-03,300967,14:50:00.000,23,output_8,11.01161941580756
2025-01-03,300967,14:56:00.000,24,output_8,10.950251908396947
2025-01-03,300967,14:57:05.000,25,output_8,10.979281875915975
2025-01-03,300967,15:05:00.000,26,output_8,10.98
2025-01-03,301035,09:31:00.000,0,output_8,46.39548192771084
2025-01-03,301035,09:40:00.000,1,output_8,46.822012644889355
2025-01-03,301035,09:50:00.000,2,output_8,46.9946539379475
2025-01-03,301035,10:00:00.000,3,output_8,47.31566294919455
2025-01-03,301035,10:10:00.000,4,output_8,47.355883977900554
2025-01-03,301035,10:20:00.000,5,output_8,46.89288888888889
2025-01-03,301035,10:30:00.000,6,output_8,47.02581349206349
2025-01-03,301035,10:40:00.000,7,output_8,46.908734939759036
2025-01-03,301035,10:50:00.000,8,output_8,46.9259375
2025-01-03,301035,11:00:00.000,9,output_8,46.745210084033616
2025-01-03,301035,11:10:00.000,10,output_8,46.75555555555555
2025-01-03,301035,11:20:00.000,11,output_8,46.714137931034486
2025-01-03,301035,11:30:05.000,12,output_8,46.521132686084144
2025-01-03,301035,13:10:00.000,13,output_8,46.2265306122449
2025-01-03,301035,13:20:00.000,14,output_8,46.11005464480874
2025-01-03,301035,13:30:00.000,15,output_8,46.08433460076046
2025-01-03,301035,13:40:00.000,16,output_8,46.123263888888886
2025-01-03,301035,13:50:00.000,17,output_8,46.06467005076142
2025-01-03,301035,14:00:00.000,18,output_8,45.96920388349515
2025-01-03,301035,14:10:00.000,19,output_8,45.7267
2025-01-03,301035,14:20:00.000,20,output_8,45.59583098591549
2025-01-03,301035,14:30:00.000,21,output_8,45.74900849858357
2025-01-03,301035,14:40:00.000,22,output_8,45.492763157894736
2025-01-03,301035,14:50:00.000,23,output_8,45.80185185185185
2025-01-03,301035,14:56:00.000,24,output_8,45.77025297619048
2025-01-03,301035,14:57:05.000,25,output_8,45.74809523809524
2025-01-03,301035,15:05:00.000,26,output_8,45.75
2025-01-03,301049,09:31:00.000,0,output_8,23.569636363636363
2025-01-03,301049,09:40:00.000,1,output_8,23.030845679012344
2025-01-03,301049,09:50:00.000,2,output_8,22.982724505327244
2025-01-03,301049,10:00:00.000,3,output_8,22.881988795518208
2025-01-03,301049,10:10:00.000,4,output_8,22.794386174016687
2025-01-03,301049,10:20:00.000,5,output_8,22.91478851963746
2025-01-03,301049,10:30:00.000,6,output_8,23.78261524822695
2025-01-03,301049,10:40:00.000,7,output_8,23.73137551581843
2025-01-03,301049,10:50:00.000,8,output_8,23.550780952380954
2025-01-03,301049,11:00:00.000,9,output_8,23.547723214285714
2025-01-03,301049,11:10:00.000,10,output_8,23.608561403508773
2025-01-03,301049,11:20:00.000,11,output_8,23.631597633136096
2025-01-03,301049,11:30:05.000,12,output_8,23.587820512820514
2025-01-03,301049,13:10:00.000,13,output_8,23.334143835616437
2025-01-03,301049,13:20:00.000,14,output_8,23.264493670886075
2025-01-03,301049,13:30:00.000,15,output_8,23.20249370277078
2025-01-03,301049,13:40:00.000,16,output_8,23.30467741935484
2025-01-03,301049,13:50:00.000,17,output_8,23.181519434628974
2025-01-03,301049,14:00:00.000,18,output_8,23.041858407079648
2025-01-03,301049,14:10:00.000,19,output_8,22.884214618973562
2025-01-03,301049,14:20:00.000,20,output_8,22.812938455608375
2025-01-03,301049,14:30:00.000,21,output_8,23.082512446451315
2025-01-03,301049,14:40:00.000,22,output_8,22.84557522123894
2025-01-03,301049,14:50:00.000,23,output_8,22.796363636363637
2025-01-03,301049,14:56:00.000,24,output_8,22.634732475295998
2025-01-03,301049,14:57:05.000,25,output_8,22.54596026490066
2025-01-03,301049,15:05:00.000,26,output_8,22.54
2025-01-03,301393,09:31:00.000,0,output_8,39.362307692307695
2025-01-03,301393,09:40:00.000,1,output_8,39.11253793103448
2025-01-03,301393,09:50:00.000,2,output_8,39.55615632554392
2025-01-03,301393,10:00:00.000,3,output_8,39.65566277836692
2025-01-03,301393,10:10:00.000,4,output_8,39.44873315363881
2025-01-03,301393,10:20:00.000,5,output_8,39.37662995594714
2025-01-03,301393,10:30:00.000,6,output_8,39.58078734363503
2025-01-03,301393,10:40:00.000,7,output_8,39.65398354876616
2025-01-03,301393,10:50:00.000,8,output_8,39.636788321167884
2025-01-03,301393,11:00:00.000,9,output_8,39.56158940397351
2025-01-03,301393,11:10:00.000,10,output_8,39.537224199288254
2025-01-03,301393,11:20:00.000,11,output_8,39.60028409090909
2025-01-03,301393,11:30:05.000,12,output_8,39.472387387387386
2025-01-03,301393,13:10:00.000,13,output_8,39.201174242424244
2025-01-03,301393,13:20:00.000,14,output_8,39.081799163179916
2025-01-03,301393,13:30:00.000,15,output_8,39.10731543624161
2025-01-03,301393,13:40:00.000,16,output_8,39.10584615384615
2025-01-03,301393,13:50:00.000,17,output_8,38.98117647058824
2025-01-03,301393,14:00:00.000,18,output_8,38.824113785557984
2025-01-03,301393,14:10:00.000,19,output_8,38.64674418604651
2025-01-03,301393,14:20:00.000,20,output_8,38.578184281842816
2025-01-03,301393,14:30:00.000,21,output_8,38.75619246861925
2025-01-03,301393,14:40:00.000,22,output_8,38.6044966442953
2025-01-03,301393,14:50:00.000,23,output_8,38.6018018018018
2025-01-03,301393,14:56:00.000,24,output_8,38.399553805774275
2025-01-03,301393,14:57:05.000,25,output_8,38.38133333333334
2025-01-03,301393,15:05:00.000,26,output_8,38.4
2025-01-06,000848,09:31:00.000,0,output_8,8.624576969280934
2025-01-06,000848,09:40:00.000,1,output_8,8.662250885739592
2025-01-06,000848,09:50:00.000,2,output_8,8.789865393210807
2025-01-06,000848,10:00:00.000,3,output_8,8.813405847869602
2025-01-06,000848,10:10:00.000,4,output_8,8.824140218850188
2025-01-06,000848,10:20:00.000,5,output_8,8.885551678298437
2025-01-06,000848,10:30:00.000,6,output_8,8.827244370997727
2025-01-06,000848,10:40:00.000,7,output_8,8.794425173439048
2025-01-06,000848,10:50:00.000,8,output_8,8.806567553468962
2025-01-06,000848,11:00:00.000,9,output_8,8.773708553914739
2025-01-06,000848,11:10:00.000,10,output_8,8.785265721877767
2025-01-06,000848,11:20:00.000,11,output_8,8.751929258481672
2025-01-06,000848,11:30:05.000,12,output_8,8.760701567718167
2025-01-06,000848,13:10:00.000,13,output_8,8.821307913281327
2025-01-06,000848,13:20:00.000,14,output_8,8.80809872611465
2025-01-06,000848,13:30:00.000,15,output_8,8.8036586337383
2025-01-06,000848,13:40:00.000,16,output_8,8.768154334854335
2025-01-06,000848,13:50:00.000,17,output_8,8.769272595456744
2025-01-06,000848,14:00:00.000,18,output_8,8.76639915008784
2025-01-06,000848,14:10:00.000,19,output_8,8.801145104895104
2025-01-06,000848,14:20:00.000,20,output_8,8.776424131627056
2025-01-06,000848,14:30:00.000,21,output_8,8.754360095950332
2025-01-06,000848,14:40:00.000,22,output_8,8.776999280402974
2025-01-06,000848,14:50:00.000,23,output_8,8.802398481458884
2025-01-06,000848,14:56:00.000,24,output_8,8.839065080135988
2025-01-06,000848,14:57:05.000,25,output_8,8.805326797385622
2025-01-06,000848,15:05:00.000,26,output_8,8.82
2025-01-06,000949,09:31:00.000,0,output_8,3.777518134136815
2025-01-06,000949,09:40:00.000,1,output_8,3.761840152667681
2025-01-06,000949,09:50:00.000,2,output_8,3.7731270779460657
2025-01-06,000949,10:00:00.000,3,output_8,3.789528711812287
2025-01-06,000949,10:10:00.000,4,output_8,3.77668910425368
2025-01-06,000949,10:20:00.000,5,output_8,3.812136013330556
2025-01-06,000949,10:30:00.000,6,output_8,3.798192946216816
2025-01-06,000949,10:40:00.000,7,output_8,3.787022895232575
2025-01-06,000949,10:50:00.000,8,output_8,3.758582997938549
2025-01-06,000949,11:00:00.000,9,output_8,3.7430311195445922
2025-01-06,000949,11:10:00.000,10,output_8,3.7401499403646277
2025-01-06,000949,11:20:00.000,11,output_8,3.7142105263157896
2025-01-06,000949,11:30:05.000,12,output_8,3.7250383797827116
2025-01-06,000949,13:10:00.000,13,output_8,3.7835757763015603
2025-01-06,000949,13:20:00.000,14,output_8,3.7579318448883665
2025-01-06,000949,13:30:00.000,15,output_8,3.7400374903517477
2025-01-06,000949,13:40:00.000,16,output_8,3.7221663432514016
2025-01-06,000949,13:50:00.000,17,output_8,3.726036787873627
2025-01-06,000949,14:00:00.000,18,output_8,3.750636206512634
2025-01-06,000949,14:10:00.000,19,output_8,3.7620278099652373
2025-01-06,000949,14:20:00.000,20,output_8,3.7424207762985184
2025-01-06,000949,14:30:00.000,21,output_8,3.734590880699563
2025-01-06,000949,14:40:00.000,22,output_8,3.730067767882874
2025-01-06,000949,14:50:00.000,23,output_8,3.749549560059682
2025-01-06,000949,14:56:00.000,24,output_8,3.769514993521428
2025-01-06,000949,14:57:05.000,25,output_8,3.765244040862656
2025-01-06,000949,15:05:00.000,26,output_8,3.77
2025-01-06,002307,09:31:00.000,0,output_8,3.4832332386984057
2025-01-06,002307,09:40:00.000,1,output_8,3.471639666016356
2025-01-06,002307,09:50:00.000,2,output_8,3.4980344261124205
2025-01-06,002307,10:00:00.000,3,output_8,3.517025086428508
2025-01-06,002307,10:10:00.000,4,output_8,3.5120600812486638
2025-01-06,002307,10:20:00.000,5,output_8,3.5369507416976065
2025-01-06,002307,10:30:00.000,6,output_8,3.532420359735616
2025-01-06,002307,10:40:00.000,7,output_8,3.5316189039718453
2025-01-06,002307,10:50:00.000,8,output_8,3.5189454627743832
2025-01-06,002307,11:00:00.000,9,output_8,3.513369835739174
2025-01-06,002307,11:10:00.000,10,output_8,3.5215919965202263
2025-01-06,002307,11:20:00.000,11,output_8,3.516520414381475
2025-01-06,002307,11:30:05.000,12,output_8,3.509338394793926
2025-01-06,002307,13:10:00.000,13,output_8,3.5121442652782693
2025-01-06,002307,13:20:00.000,14,output_8,3.5064427114577086
2025-01-06,002307,13:30:00.000,15,output_8,3.4966660802251934
2025-01-06,002307,13:40:00.000,16,output_8,3.4876378525932665
2025-01-06,002307,13:50:00.000,17,output_8,3.488607272727273
2025-01-06,002307,14:00:00.000,18,output_8,3.489929027679205
2025-01-06,002307,14:10:00.000,19,output_8,3.5087570931722496
2025-01-06,002307,14:20:00.000,20,output_8,3.5001663090128754
2025-01-06,002307,14:30:00.000,21,output_8,3.4919373737373736
2025-01-06,002307,14:40:00.000,22,output_8,3.48465826690666
2025-01-06,002307,14:50:00.000,23,output_8,3.505424773022049
2025-01-06,002307,14:56:00.000,24,output_8,3.5150100603621732
2025-01-06,002307,14:57:05.000,25,output_8,3.512481884057971
2025-01-06,002307,15:05:00.000,26,output_8,3.51
2025-01-06,300284,09:31:00.000,0,output_8,9.371055717151132
2025-01-06,300284,09:40:00.000,1,output_8,9.39458411076346
2025-01-06,300284,09:50:00.000,2,output_8,9.41196736651266
2025-01-06,300284,10:00:00.000,3,output_8,9.43559157346916
2025-01-06,300284,10:10:00.000,4,output_8,9.437449035212035
2025-01-06,300284,10:20:00.000,5,output_8,9.510149783965435
2025-01-06,300284,10:30:00.000,6,output_8,9.507203532380151
2025-01-06,300284,10:40:00.000,7,output_8,9.522211652794292
2025-01-06,300284,10:50:00.000,8,output_8,9.465619808306709
2025-01-06,300284,11:00:00.000,9,output_8,9.494274477895308
2025-01-06,300284,11:10:00.000,10,output_8,9.536395213749591
2025-01-06,300284,11:20:00.000,11,output_8,9.507475168215315
2025-01-06,300284,11:30:05.000,12,output_8,9.561354857952427
2025-01-06,300284,13:10:00.000,13,output_8,9.550975714285714
2025-01-06,300284,13:20:00.000,14,output_8,9.499840116279069
2025-01-06,300284,13:30:00.000,15,output_8,9.47791296625222
2025-01-06,300284,13:40:00.000,16,output_8,9.436943113148573
2025-01-06,300284,13:50:00.000,17,output_8,9.43802648662685
2025-01-06,300284,14:00:00.000,18,output_8,9.475921152388173
2025-01-06,300284,14:10:00.000,19,output_8,9.490752880333286
2025-01-06,300284,14:20:00.000,20,output_8,9.437790241166573
2025-01-06,300284,14:30:00.000,21,output_8,9.435878309111741
2025-01-06,300284,14:40:00.000,22,output_8,9.415003440549077
2025-01-06,300284,14:50:00.000,23,output_8,9.465150194056038
2025-01-06,300284,14:56:00.000,24,output_8,9.47410107705054
2025-01-06,300284,14:57:05.000,25,output_8,9.461710615280595
2025-01-06,300284,15:05:00.000,26,output_8,9.46
2025-01-06,300329,09:31:00.000,0,output_8,4.869240019240019
2025-01-06,300329,09:40:00.000,1,output_8,4.665615975650021
2025-01-06,300329,09:50:00.000,2,output_8,4.804821231422506
2025-01-06,300329,10:00:00.000,3,output_8,4.850353370462838
2025-01-06,300329,10:10:00.000,4,output_8,4.857477317554241
2025-01-06,300329,10:20:00.000,5,output_8,4.909217110573043
2025-01-06,300329,10:30:00.000,6,output_8,4.89115402731983
2025-01-06,300329,10:40:00.000,7,output_8,4.926228686058175
2025-01-06,300329,10:50:00.000,8,output_8,4.867194650817236
2025-01-06,300329,11:00:00.000,9,output_8,4.878431486880467
2025-01-06,300329,11:10:00.000,10,output_8,4.891181353767561
2025-01-06,300329,11:20:00.000,11,output_8,4.851563636363636
2025-01-06,300329,11:30:05.000,12,output_8,4.876347424042272
2025-01-06,300329,13:10:00.000,13,output_8,4.862547312641938
2025-01-06,300329,13:20:00.000,14,output_8,4.845501824817518
2025-01-06,300329,13:30:00.000,15,output_8,4.822553191489361
2025-01-06,300329,13:40:00.000,16,output_8,4.809753694581281
2025-01-06,300329,13:50:00.000,17,output_8,4.81202614379085
2025-01-06,300329,14:00:00.000,18,output_8,4.822191235059761
2025-01-06,300329,14:10:00.000,19,output_8,4.844166353029733
2025-01-06,300329,14:20:00.000,20,output_8,4.80517131110096
2025-01-06,300329,14:30:00.000,21,output_8,4.790086092715232
2025-01-06,300329,14:40:00.000,22,output_8,4.785703275529865
2025-01-06,300329,14:50:00.000,23,output_8,4.814959145191703
2025-01-06,300329,14:56:00.000,24,output_8,4.84403448275862
2025-01-06,300329,14:57:05.000,25,output_8,4.839585308056872
2025-01-06,300329,15:05:00.000,26,output_8,4.83
2025-01-06,300584,09:31:00.000,0,output_8,20.244829482948294
2025-01-06,300584,09:40:00.000,1,output_8,20.593046804016872
2025-01-06,300584,09:50:00.000,2,output_8,20.921756911933574
2025-01-06,300584,10:00:00.000,3,output_8,21.109794728248193
2025-01-06,300584,10:10:00.000,4,output_8,20.96167780513542
2025-01-06,300584,10:20:00.000,5,output_8,21.06851072780816
2025-01-06,300584,10:30:00.000,6,output_8,20.950817378497792
2025-01-06,300584,10:40:00.000,7,output_8,21.104891826923076
2025-01-06,300584,10:50:00.000,8,output_8,20.93544761904762
2025-01-06,300584,11:00:00.000,9,output_8,21.09472049689441
2025-01-06,300584,11:10:00.000,10,output_8,21.027251908396945
2025-01-06,300584,11:20:00.000,11,output_8,21.101657782515993
2025-01-06,300584,11:30:05.000,12,output_8,21.055285880980165
2025-01-06,300584,13:10:00.000,13,output_8,20.998830219333875
2025-01-06,300584,13:20:00.000,14,output_8,21.095891891891892
2025-01-06,300584,13:30:00.000,15,output_8,20.987314241486068
2025-01-06,300584,13:40:00.000,16,output_8,20.929036574487064
2025-01-06,300584,13:50:00.000,17,output_8,20.88542641509434
2025-01-06,300584,14:00:00.000,18,output_8,20.766123222748814
2025-01-06,300584,14:10:00.000,19,output_8,20.876535087719297
2025-01-06,300584,14:20:00.000,20,output_8,20.86666163141994
2025-01-06,300584,14:30:00.000,21,output_8,20.89155609167672
2025-01-06,300584,14:40:00.000,22,output_8,20.87409869083585
2025-01-06,300584,14:50:00.000,23,output_8,21.047693786034593
2025-01-06,300584,14:56:00.000,24,output_8,21.143385892116182
2025-01-06,300584,14:57:05.000,25,output_8,21.186680988184747
2025-01-06,300584,15:05:00.000,26,output_8,21.19
2025-01-06,300947,09:31:00.000,0,output_8,17.39980470245845
2025-01-06,300947,09:40:00.000,1,output_8,17.041284106372377
2025-01-06,300947,09:50:00.000,2,output_8,17.44181818181818
2025-01-06,300947,10:00:00.000,3,output_8,17.608971894568224
2025-01-06,300947,10:10:00.000,4,output_8,17.670624116878617
2025-01-06,300947,10:20:00.000,5,output_8,17.769511189634866
2025-01-06,300947,10:30:00.000,6,output_8,17.738309182261705
2025-01-06,300947,10:40:00.000,7,output_8,17.7830081300813
2025-01-06,300947,10:50:00.000,8,output_8,17.670876744977868
2025-01-06,300947,11:00:00.000,9,output_8,17.63863596872285
2025-01-06,300947,11:10:00.000,10,output_8,17.86926387397064
2025-01-06,300947,11:20:00.000,11,output_8,17.735558366461873
2025-01-06,300947,11:30:05.000,12,output_8,17.573661509610876
2025-01-06,300947,13:10:00.000,13,output_8,17.590228597041687
2025-01-06,300947,13:20:00.000,14,output_8,17.630977745348414
2025-01-06,300947,13:30:00.000,15,output_8,17.48193905652527
2025-01-06,300947,13:40:00.000,16,output_8,17.42633896797153
2025-01-06,300947,13:50:00.000,17,output_8,17.42460114587924
2025-01-06,300947,14:00:00.000,18,output_8,17.70278846153846
2025-01-06,300947,14:10:00.000,19,output_8,17.778761294083356
2025-01-06,300947,14:20:00.000,20,output_8,17.70085751295337
2025-01-06,300947,14:30:00.000,21,output_8,17.63902706185567
2025-01-06,300947,14:40:00.000,22,output_8,17.52207904710341
2025-01-06,300947,14:50:00.000,23,output_8,17.716898740873983
2025-01-06,300947,14:56:00.000,24,output_8,17.809615015913188
2025-01-06,300947,14:57:05.000,25,output_8,17.870300417246174
2025-01-06,300947,15:05:00.000,26,output_8,17.92
2025-01-06,301005,09:31:00.000,0,output_8,26.02767716535433
2025-01-06,301005,09:40:00.000,1,output_8,25.83632940579189
2025-01-06,301005,09:50:00.000,2,output_8,26.165374409259773
2025-01-06,301005,10:00:00.000,3,output_8,26.415808938547485
2025-01-06,301005,10:10:00.000,4,output_8,26.308930412371133
2025-01-06,301005,10:20:00.000,5,output_8,26.513629213483146
2025-01-06,301005,10:30:00.000,6,output_8,26.388592057761734
2025-01-06,301005,10:40:00.000,7,output_8,26.236946236559138
2025-01-06,301005,10:50:00.000,8,output_8,26.13357142857143
2025-01-06,301005,11:00:00.000,9,output_8,26.11151145038168
2025-01-06,301005,11:10:00.000,10,output_8,26.112565656565657
2025-01-06,301005,11:20:00.000,11,output_8,25.95951832460733
2025-01-06,301005,11:30:05.000,12,output_8,26.007072599531615
2025-01-06,301005,13:10:00.000,13,output_8,26.01377380952381
2025-01-06,301005,13:20:00.000,14,output_8,26.024118811881188
2025-01-06,301005,13:30:00.000,15,output_8,25.992574750830563
2025-01-06,301005,13:40:00.000,16,output_8,25.933312883435583
2025-01-06,301005,13:50:00.000,17,output_8,25.98436475409836
2025-01-06,301005,14:00:00.000,18,output_8,25.990466666666666
2025-01-06,301005,14:10:00.000,19,output_8,26.13004243281471
2025-01-06,301005,14:20:00.000,20,output_8,25.996497747747746
2025-01-06,301005,14:30:00.000,21,output_8,25.968289269051322
2025-01-06,301005,14:40:00.000,22,output_8,25.969432918395572
2025-01-06,301005,14:50:00.000,23,output_8,26.065359801488835
2025-01-06,301005,14:56:00.000,24,output_8,26.140449735449735
2025-01-06,301005,14:57:05.000,25,output_8,26.120167364016737
2025-01-06,301005,15:05:00.000,26,output_8,26.11
2025-01-06,301552,09:31:00.000,0,output_8,53.21506329113924
2025-01-06,301552,09:40:00.000,1,output_8,51.91776582278481
2025-01-06,301552,09:50:00.000,2,output_8,52.34782608695652
2025-01-06,301552,10:00:00.000,3,output_8,52.5609475465313
2025-01-06,301552,10:10:00.000,4,output_8,52.75236187006679
2025-01-06,301552,10:20:00.000,5,output_8,53.10988151658768
2025-01-06,301552,10:30:00.000,6,output_8,52.64503496503497
2025-01-06,301552,10:40:00.000,7,output_8,52.42752025931929
2025-01-06,301552,10:50:00.000,8,output_8,52.002857142857145
2025-01-06,301552,11:00:00.000,9,output_8,51.93101952277657
2025-01-06,301552,11:10:00.000,10,output_8,52.02027777777778
2025-01-06,301552,11:20:00.000,11,output_8,51.719281045751636
2025-01-06,301552,11:30:05.000,12,output_8,51.634207650273225
2025-01-06,301552,13:10:00.000,13,output_8,51.76703363914373
2025-01-06,301552,13:20:00.000,14,output_8,51.60594560669456
2025-01-06,301552,13:30:00.000,15,output_8,51.33040506329114
2025-01-06,301552,13:40:00.000,16,output_8,51.05795496417605
2025-01-06,301552,13:50:00.000,17,output_8,51.15008495711036
2025-01-06,301552,14:00:00.000,18,output_8,51.3175
2025-01-06,301552,14:10:00.000,19,output_8,51.666935483870965
2025-01-06,301552,14:20:00.000,20,output_8,51.29064516129032
2025-01-06,301552,14:30:00.000,21,output_8,51.119142857142855
2025-01-06,301552,14:40:00.000,22,output_8,50.92699701690421
2025-01-06,301552,14:50:00.000,23,output_8,51.193229461756374
2025-01-06,301552,14:56:00.000,24,output_8,51.31336507936508
2025-01-06,301552,14:57:05.000,25,output_8,51.3178813559322
2025-01-06,301552,15:05:00.000,26,output_8,51.32
2025-01-06,301578,09:31:00.000,0,output_8,44.115349593495935
2025-01-06,301578,09:40:00.000,1,output_8,43.7897288676236
2025-01-06,301578,09:50:00.000,2,output_8,44.29012006861063
2025-01-06,301578,10:00:00.000,3,output_8,44.82735632183908
2025-01-06,301578,10:10:00.000,4,output_8,44.869229559748426
2025-01-06,301578,10:20:00.000,5,output_8,45.210439393939396
2025-01-06,301578,10:30:00.000,6,output_8,45.02792079207921
2025-01-06,301578,10:40:00.000,7,output_8,45.46723060344828
2025-01-06,301578,10:50:00.000,8,output_8,45.09986301369863
2025-01-06,301578,11:00:00.000,9,output_8,45.017464454976306
2025-01-06,301578,11:10:00.000,10,output_8,45.16675213675214
2025-01-06,301578,11:20:00.000,11,output_8,44.96254777070064
2025-01-06,301578,11:30:05.000,12,output_8,44.88495495495496
2025-01-06,301578,13:10:00.000,13,output_8,45.15714285714286
2025-01-06,301578,13:20:00.000,14,output_8,44.89329411764706
2025-01-06,301578,13:30:00.000,15,output_8,44.52310975609756
2025-01-06,301578,13:40:00.000,16,output_8,44.40373758865249
2025-01-06,301578,13:50:00.000,17,output_8,44.43988869863014
2025-01-06,301578,14:00:00.000,18,output_8,44.50168604651163
2025-01-06,301578,14:10:00.000,19,output_8,44.75532051282051
2025-01-06,301578,14:20:00.000,20,output_8,44.512327586206894
2025-01-06,301578,14:30:00.000,21,output_8,44.4252534562212
2025-01-06,301578,14:40:00.000,22,output_8,44.24636612021858
2025-01-06,301578,14:50:00.000,23,output_8,44.61704819277109
2025-01-06,301578,14:56:00.000,24,output_8,44.707808219178084
2025-01-06,301578,14:57:05.000,25,output_8,44.691160714285715
2025-01-06,301578,15:05:00.000,26,output_8,44.71
2025-01-02,000690,09:31:00.000,0,output_9,82.63940520446097
2025-01-02,000690,09:40:00.000,1,output_9,74.0988213961922
2025-01-02,000690,09:50:00.000,2,output_9,108.84717208182911
2025-01-02,000690,10:00:00.000,3,output_9,143.20939334637964
2025-01-02,000690,10:10:00.000,4,output_9,118.89930898321816
2025-01-02,000690,10:20:00.000,5,output_9,115.83792723263507
2025-01-02,000690,10:30:00.000,6,output_9,66.07508532423208
2025-01-02,000690,10:40:00.000,7,output_9,70.50121654501217
2025-01-02,000690,10:50:00.000,8,output_9,126.75187165775401
2025-01-02,000690,11:00:00.000,9,output_9,196.64583333333334
2025-01-02,000690,11:10:00.000,10,output_9,496.86206896551727
2025-01-02,000690,11:20:00.000,11,output_9,68.96062992125984
2025-01-02,000690,11:30:05.000,12,output_9,319.35537190082647
2025-01-02,000690,13:10:00.000,13,output_9,241.06799531066824
2025-01-02,000690,13:20:00.000,14,output_9,141.73469387755102
2025-01-02,000690,13:30:00.000,15,output_9,70.43594009983362
2025-01-02,000690,13:40:00.000,16,output_9,36.447278911564624
2025-01-02,000690,13:50:00.000,17,output_9,171.97619047619048
2025-01-02,000690,14:00:00.000,18,output_9,75.85434516523868
2025-01-02,000690,14:10:00.000,19,output_9,180.46607142857144
2025-01-02,000690,14:20:00.000,20,output_9,79.64471403812826
2025-01-02,000690,14:30:00.000,21,output_9,24.162348877374786
2025-01-02,000690,14:40:00.000,22,output_9,247.4993909866017
2025-01-02,000690,14:50:00.000,23,output_9,56.76712328767123
2025-01-02,000690,14:56:00.000,24,output_9,43.842293906810035
2025-01-02,000690,14:57:05.000,25,output_9,38.77215189873418
2025-01-02,000690,15:05:00.000,26,output_9,41.83050847457627
2025-01-02,001389,09:31:00.000,0,output_9,46.47466216216216
2025-01-02,001389,09:40:00.000,1,output_9,10.867021276595745
2025-01-02,001389,09:50:00.000,2,output_9,27.243101182654403
2025-01-02,001389,10:00:00.000,3,output_9,26.69558599695586
2025-01-02,001389,10:10:00.000,4,output_9,45.83752417794971
2025-01-02,001389,10:20:00.000,5,output_9,21.165845648604268
2025-01-02,001389,10:30:00.000,6,output_9,28.662468513853906
2025-01-02,001389,10:40:00.000,7,output_9,15.374301675977653
2025-01-02,001389,10:50:00.000,8,output_9,27.58776595744681
2025-01-02,001389,11:00:00.000,9,output_9,13.286995515695068
2025-01-02,001389,11:10:00.000,10,output_9,4.647951441578149
2025-01-02,001389,11:20:00.000,11,output_9,10.869444444444444
2025-01-02,001389,11:30:05.000,12,output_9,59.713235294117645
2025-01-02,001389,13:10:00.000,13,output_9,42.595300261096604
2025-01-02,001389,13:20:00.000,14,output_9,27.745689655172413
2025-01-02,001389,13:30:00.000,15,output_9,54.09225092250922
2025-01-02,001389,13:40:00.000,16,output_9,5.740322580645161
2025-01-02,001389,13:50:00.000,17,output_9,10.30466472303207
2025-01-02,001389,14:00:00.000,18,output_9,12.973846153846154
2025-01-02,001389,14:10:00.000,19,output_9,14.974259974259974
2025-01-02,001389,14:20:00.000,20,output_9,24.829842931937172
2025-01-02,001389,14:30:00.000,21,output_9,20.04888888888889
2025-01-02,001389,14:40:00.000,22,output_9,30.095238095238095
2025-01-02,001389,14:50:00.000,23,output_9,12.797619047619047
2025-01-02,001389,14:56:00.000,24,output_9,3.5803921568627453
2025-01-02,001389,14:57:05.000,25,output_9,1.3666666666666667
2025-01-02,001389,15:05:00.000,26,output_9,68.1063829787234
2025-01-02,002782,09:31:00.000,0,output_9,64.81947261663286
2025-01-02,002782,09:40:00.000,1,output_9,6.874414245548266
2025-01-02,002782,09:50:00.000,2,output_9,29.355652173913043
2025-01-02,002782,10:00:00.000,3,output_9,20.554158607350097
2025-01-02,002782,10:10:00.000,4,output_9,26.339966832504146
2025-01-02,002782,10:20:00.000,5,output_9,47.09626436781609
2025-01-02,002782,10:30:00.000,6,output_9,7.148861646234676
2025-01-02,002782,10:40:00.000,7,output_9,11.311550151975684
2025-01-02,002782,10:50:00.000,8,output_9,20.771679473106477
2025-01-02,002782,11:00:00.000,9,output_9,23.139821029082775
2025-01-02,002782,11:10:00.000,10,output_9,19.655629139072847
2025-01-02,002782,11:20:00.000,11,output_9,37.59226713532513
2025-01-02,002782,11:30:05.000,12,output_9,24.340637450199203
2025-01-02,002782,13:10:00.000,13,output_9,31.25561797752809
2025-01-02,002782,13:20:00.000,14,output_9,94.19459459459459
2025-01-02,002782,13:30:00.000,15,output_9,16.550488599348533
2025-01-02,002782,13:40:00.000,16,output_9,56.38389513108614
2025-01-02,002782,13:50:00.000,17,output_9,79.8099173553719
2025-01-02,002782,14:00:00.000,18,output_9,17.05
2025-01-02,002782,14:10:00.000,19,output_9,70.53992395437263
2025-01-02,002782,14:20:00.000,20,output_9,15.913793103448276
2025-01-02,002782,14:30:00.000,21,output_9,10.26771653543307
2025-01-02,002782,14:40:00.000,22,output_9,115.46999076638966
2025-01-02,002782,14:50:00.000,23,output_9,25.354865085854456
2025-01-02,002782,14:56:00.000,24,output_9,7.0055555555555555
2025-01-02,002782,14:57:05.000,25,output_9,1.2416666666666667
2025-01-02,002782,15:05:00.000,26,output_9,116.94444444444444
2025-01-02,002852,09:31:00.000,0,output_9,29.387755102040817
2025-01-02,002852,09:40:00.000,1,output_9,6.3302891933028915
2025-01-02,002852,09:50:00.000,2,output_9,4.822291504286828
2025-01-02,002852,10:00:00.000,3,output_9,26.079534432589718
2025-01-02,002852,10:10:00.000,4,output_9,30.219635627530366
2025-01-02,002852,10:20:00.000,5,output_9,25.53903903903904
2025-01-02,002852,10:30:00.000,6,output_9,10.151515151515152
2025-01-02,002852,10:40:00.000,7,output_9,86.70101781170483
2025-01-02,002852,10:50:00.000,8,output_9,48.994923857868024
2025-01-02,002852,11:00:00.000,9,output_9,35.3875968992248
2025-01-02,002852,11:10:00.000,10,output_9,17.93915343915344
2025-01-02,002852,11:20:00.000,11,output_9,28.7707182320442
2025-01-02,002852,11:30:05.000,12,output_9,40.345195729537366
2025-01-02,002852,13:10:00.000,13,output_9,64.4819944598338
2025-01-02,002852,13:20:00.000,14,output_9,126.5965250965251
2025-01-02,002852,13:30:00.000,15,output_9,22.860294117647058
2025-01-02,002852,13:40:00.000,16,output_9,114.21495327102804
2025-01-02,002852,13:50:00.000,17,output_9,52.03347280334728
2025-01-02,002852,14:00:00.000,18,output_9,41.95294117647059
2025-01-02,002852,14:10:00.000,19,output_9,76.41795665634675
2025-01-02,002852,14:20:00.000,20,output_9,54.95665634674923
2025-01-02,002852,14:30:00.000,21,output_9,20.75
2025-01-02,002852,14:40:00.000,22,output_9,46.93061224489796
2025-01-02,002852,14:50:00.000,23,output_9,21.59126213592233
2025-01-02,002852,14:56:00.000,24,output_9,11.267961165048543
2025-01-02,002852,14:57:05.000,25,output_9,16.453333333333333
2025-01-02,002852,15:05:00.000,26,output_9,90.6969696969697
2025-01-02,300046,09:31:00.000,0,output_9,45.554896142433236
2025-01-02,300046,09:40:00.000,1,output_9,12.246768206834762
2025-01-02,300046,09:50:00.000,2,output_9,16.007409440175632
2025-01-02,300046,10:00:00.000,3,output_9,8.89370847987495
2025-01-02,300046,10:10:00.000,4,output_9,40.39464123524069
2025-01-02,300046,10:20:00.000,5,output_9,18.228045325779036
2025-01-02,300046,10:30:00.000,6,output_9,16.712553495007132
2025-01-02,300046,10:40:00.000,7,output_9,54.58146487294469
2025-01-02,300046,10:50:00.000,8,output_9,14.265319426336376
2025-01-02,300046,11:00:00.000,9,output_9,41.26680455015512
2025-01-02,300046,11:10:00.000,10,output_9,44.80550098231827
2025-01-02,300046,11:20:00.000,11,output_9,13.987720644666155
2025-01-02,300046,11:30:05.000,12,output_9,65.39040348964014
2025-01-02,300046,13:10:00.000,13,output_9,19.210014584346133
2025-01-02,300046,13:20:00.000,14,output_9,30.668310727496916
2025-01-02,300046,13:30:00.000,15,output_9,22.28324388789505
2025-01-02,300046,13:40:00.000,16,output_9,21.13511868533171
2025-01-02,300046,13:50:00.000,17,output_9,36.22626695217701
2025-01-02,300046,14:00:00.000,18,output_9,14.477866666666667
2025-01-02,300046,14:10:00.000,19,output_9,63.86721991701245
2025-01-02,300046,14:20:00.000,20,output_9,17.283637873754152
2025-01-02,300046,14:30:00.000,21,output_9,14.374110953058322
2025-01-02,300046,14:40:00.000,22,output_9,46.21908713692946
2025-01-02,300046,14:50:00.000,23,output_9,20.84060782411898
2025-01-02,300046,14:56:00.000,24,output_9,3.079743888242142
2025-01-02,300046,14:57:05.000,25,output_9,1.1021220159151193
2025-01-02,300046,15:05:00.000,26,output_9,51.45260663507109
2025-01-02,300100,09:31:00.000,0,output_9,56.23835319609967
2025-01-02,300100,09:40:00.000,1,output_9,12.938178780284044
2025-01-02,300100,09:50:00.000,2,output_9,12.140743702518993
2025-01-02,300100,10:00:00.000,3,output_9,15.8584003061615
2025-01-02,300100,10:10:00.000,4,output_9,5.610841780520053
2025-01-02,300100,10:20:00.000,5,output_9,15.194560669456067
2025-01-02,300100,10:30:00.000,6,output_9,5.8659459459459455
2025-01-02,300100,10:40:00.000,7,output_9,6.740017746228927
2025-01-02,300100,10:50:00.000,8,output_9,6.352992700729927
2025-01-02,300100,11:00:00.000,9,output_9,13.942311225427154
2025-01-02,300100,11:10:00.000,10,output_9,52.39742524916944
2025-01-02,300100,11:20:00.000,11,output_9,17.889382990550306
2025-01-02,300100,11:30:05.000,12,output_9,45.78651685393258
2025-01-02,300100,13:10:00.000,13,output_9,26.048317515099225
2025-01-02,300100,13:20:00.000,14,output_9,28.594633792603336
2025-01-02,300100,13:30:00.000,15,output_9,19.42572741194487
2025-01-02,300100,13:40:00.000,16,output_9,20.589015151515152
2025-01-02,300100,13:50:00.000,17,output_9,29.446236559139784
2025-01-02,300100,14:00:00.000,18,output_9,11.644542183126749
2025-01-02,300100,14:10:00.000,19,output_9,59.11724137931034
2025-01-02,300100,14:20:00.000,20,output_9,15.018777467039552
2025-01-02,300100,14:30:00.000,21,output_9,9.707610146862484
2025-01-02,300100,14:40:00.000,22,output_9,52.159598214285715
2025-01-02,300100,14:50:00.000,23,output_9,13.476934253541591
2025-01-02,300100,14:56:00.000,24,output_9,4.334894613583138
2025-01-02,300100,14:57:05.000,25,output_9,3.3588709677419355
2025-01-02,300100,15:05:00.000,26,output_9,111.61944444444444
2025-01-02,300214,09:31:00.000,0,output_9,18.10322580645161
2025-01-02,300214,09:40:00.000,1,output_9,39.08809135399674
2025-01-02,300214,09:50:00.000,2,output_9,24.043760129659642
2025-01-02,300214,10:00:00.000,3,output_9,67.77165354330708
2025-01-02,300214,10:10:00.000,4,output_9,24.241299303944317
2025-01-02,300214,10:20:00.000,5,output_9,10.469483568075118
2025-01-02,300214,10:30:00.000,6,output_9,11.318021201413428
2025-01-02,300214,10:40:00.000,7,output_9,34.69900497512438
2025-01-02,300214,10:50:00.000,8,output_9,48.13475177304964
2025-01-02,300214,11:00:00.000,9,output_9,33.08764940239044
2025-01-02,300214,11:10:00.000,10,output_9,4.55101162290142
2025-01-02,300214,11:20:00.000,11,output_9,7.045303131245836
2025-01-02,300214,11:30:05.000,12,output_9,13.291314373558802
2025-01-02,300214,13:10:00.000,13,output_9,41.69370330843116
2025-01-02,300214,13:20:00.000,14,output_9,29.548275862068966
2025-01-02,300214,13:30:00.000,15,output_9,35.07990314769976
2025-01-02,300214,13:40:00.000,16,output_9,24.219966159052454
2025-01-02,300214,13:50:00.000,17,output_9,17.080831408775982
2025-01-02,300214,14:00:00.000,18,output_9,40.95164835164835
2025-01-02,300214,14:10:00.000,19,output_9,91.53253012048192
2025-01-02,300214,14:20:00.000,20,output_9,14.251322751322752
2025-01-02,300214,14:30:00.000,21,output_9,24.40566037735849
2025-01-02,300214,14:40:00.000,22,output_9,73.82790697674419
2025-01-02,300214,14:50:00.000,23,output_9,19.67816091954023
2025-01-02,300214,14:56:00.000,24,output_9,4.2400513478818995
2025-01-02,300214,14:57:05.000,25,output_9,3.1869158878504673
2025-01-02,300214,15:05:00.000,26,output_9,50.43181818181818
2025-01-02,300779,09:31:00.000,0,output_9,32.236559139784944
2025-01-02,300779,09:40:00.000,1,output_9,19.492088607594937
2025-01-02,300779,09:50:00.000,2,output_9,98.84224965706447
2025-01-02,300779,10:00:00.000,3,output_9,3.569416498993964
2025-01-02,300779,10:10:00.000,4,output_9,4.8849868305531166
2025-01-02,300779,10:20:00.000,5,output_9,8.478476821192054
2025-01-02,300779,10:30:00.000,6,output_9,10.15991902834008
2025-01-02,300779,10:40:00.000,7,output_9,113.67906976744186
2025-01-02,300779,10:50:00.000,8,output_9,71.6086956521739
2025-01-02,300779,11:00:00.000,9,output_9,147.21311475409837
2025-01-02,300779,11:10:00.000,10,output_9,106.22826086956522
2025-01-02,300779,11:20:00.000,11,output_9,38.03738317757009
2025-01-02,300779,11:30:05.000,12,output_9,84.33644859813084
2025-01-02,300779,13:10:00.000,13,output_9,57.907514450867055
2025-01-02,300779,13:20:00.000,14,output_9,168.09163346613545
2025-01-02,300779,13:30:00.000,15,output_9,20.22222222222222
2025-01-02,300779,13:40:00.000,16,output_9,31.99230769230769
2025-01-02,300779,13:50:00.000,17,output_9,17.050847457627118
2025-01-02,300779,14:00:00.000,18,output_9,29.759146341463413
2025-01-02,300779,14:10:00.000,19,output_9,78.00502512562814
2025-01-02,300779,14:20:00.000,20,output_9,55.27322404371585
2025-01-02,300779,14:30:00.000,21,output_9,19.13314447592068
2025-01-02,300779,14:40:00.000,22,output_9,28.830423940149625
2025-01-02,300779,14:50:00.000,23,output_9,10.215827338129497
2025-01-02,300779,14:56:00.000,24,output_9,4.4941176470588236
2025-01-02,300779,14:57:05.000,25,output_9,3.7037037037037037
2025-01-02,300779,15:05:00.000,26,output_9,105.85714285714286
2025-01-02,300816,09:31:00.000,0,output_9,84.70020533880904
2025-01-02,300816,09:40:00.000,1,output_9,17.006711409395972
2025-01-02,300816,09:50:00.000,2,output_9,21.013157894736842
2025-01-02,300816,10:00:00.000,3,output_9,13.096296296296297
2025-01-02,300816,10:10:00.000,4,output_9,28.639004149377595
2025-01-02,300816,10:20:00.000,5,output_9,42.15857605177994
2025-01-02,300816,10:30:00.000,6,output_9,17.675675675675677
2025-01-02,300816,10:40:00.000,7,output_9,18.714932126696834
2025-01-02,300816,10:50:00.000,8,output_9,29.0
2025-01-02,300816,11:00:00.000,9,output_9,12.866666666666667
2025-01-02,300816,11:10:00.000,10,output_9,101.41044776119404
2025-01-02,300816,11:20:00.000,11,output_9,14.25414364640884
2025-01-02,300816,11:30:05.000,12,output_9,119.5607476635514
2025-01-02,300816,13:10:00.000,13,output_9,62.50819672131148
2025-01-02,300816,13:20:00.000,14,output_9,91.4
2025-01-02,300816,13:30:00.000,15,output_9,49.324607329842934
2025-01-02,300816,13:40:00.000,16,output_9,52.75483870967742
2025-01-02,300816,13:50:00.000,17,output_9,62.75438596491228
2025-01-02,300816,14:00:00.000,18,output_9,13.73224043715847
2025-01-02,300816,14:10:00.000,19,output_9,68.28395061728395
2025-01-02,300816,14:20:00.000,20,output_9,55.033018867924525
2025-01-02,300816,14:30:00.000,21,output_9,28.36994219653179
2025-01-02,300816,14:40:00.000,22,output_9,50.8448275862069
2025-01-02,300816,14:50:00.000,23,output_9,11.185082872928177
2025-01-02,300816,14:56:00.000,24,output_9,12.45054945054945
2025-01-02,300816,14:57:05.000,25,output_9,1.2142857142857142
2025-01-02,300816,15:05:00.000,26,output_9,68.96428571428571
2025-01-02,301157,09:31:00.000,0,output_9,23.800766283524904
2025-01-02,301157,09:40:00.000,1,output_9,34.8091684434968
2025-01-02,301157,09:50:00.000,2,output_9,29.689583333333335
2025-01-02,301157,10:00:00.000,3,output_9,19.60169491525424
2025-01-02,301157,10:10:00.000,4,output_9,14.89
2025-01-02,301157,10:20:00.000,5,output_9,9.641203703703704
2025-01-02,301157,10:30:00.000,6,output_9,31.335907335907336
2025-01-02,301157,10:40:00.000,7,output_9,50.666666666666664
2025-01-02,301157,10:50:00.000,8,output_9,29.88
2025-01-02,301157,11:00:00.000,9,output_9,7.707482993197279
2025-01-02,301157,11:10:00.000,10,output_9,10.872641509433961
2025-01-02,301157,11:20:00.000,11,output_9,14.605902777777779
2025-01-02,301157,11:30:05.000,12,output_9,24.088461538461537
2025-01-02,301157,13:10:00.000,13,output_9,28.16949152542373
2025-01-02,301157,13:20:00.000,14,output_9,11.644444444444444
2025-01-02,301157,13:30:00.000,15,output_9,42.22456140350877
2025-01-02,301157,13:40:00.000,16,output_9,42.15686274509804
2025-01-02,301157,13:50:00.000,17,output_9,50.68666666666667
2025-01-02,301157,14:00:00.000,18,output_9,10.615916955017301
2025-01-02,301157,14:10:00.000,19,output_9,56.62179487179487
2025-01-02,301157,14:20:00.000,20,output_9,36.932126696832576
2025-01-02,301157,14:30:00.000,21,output_9,22.436842105263157
2025-01-02,301157,14:40:00.000,22,output_9,38.628482972136226
2025-01-02,301157,14:50:00.000,23,output_9,16.687224669603523
2025-01-02,301157,14:56:00.000,24,output_9,1.976608187134503
2025-01-02,301157,14:57:05.000,25,output_9,2.5089285714285716
2025-01-02,301157,15:05:00.000,26,output_9,52.49242424242424
2025-01-03,000548,09:31:00.000,0,output_9,9.02536997885835
2025-01-03,000548,09:40:00.000,1,output_9,41.66833990677662
2025-01-03,000548,09:50:00.000,2,output_9,19.577172503242544
2025-01-03,000548,10:00:00.000,3,output_9,34.20481049562682
2025-01-03,000548,10:10:00.000,4,output_9,30.178260869565218
2025-01-03,000548,10:20:00.000,5,output_9,12.336267605633802
2025-01-03,000548,10:30:00.000,6,output_9,2.5705329153605017
2025-01-03,000548,10:40:00.000,7,output_9,107.5576923076923
2025-01-03,000548,10:50:00.000,8,output_9,20.983572895277206
2025-01-03,000548,11:00:00.000,9,output_9,23.24380165289256
2025-01-03,000548,11:10:00.000,10,output_9,14.651098901098901
2025-01-03,000548,11:20:00.000,11,output_9,49.44466800804829
2025-01-03,000548,11:30:05.000,12,output_9,122.80996884735202
2025-01-03,000548,13:10:00.000,13,output_9,24.402105263157896
2025-01-03,000548,13:20:00.000,14,output_9,20.849290780141843
2025-01-03,000548,13:30:00.000,15,output_9,56.63157894736842
2025-01-03,000548,13:40:00.000,16,output_9,58.0968992248062
2025-01-03,000548,13:50:00.000,17,output_9,58.65238095238095
2025-01-03,000548,14:00:00.000,18,output_9,22.406091370558375
2025-01-03,000548,14:10:00.000,19,output_9,42.989159891598916
2025-01-03,000548,14:20:00.000,20,output_9,145.90931989924434
2025-01-03,000548,14:30:00.000,21,output_9,29.699588477366255
2025-01-03,000548,14:40:00.000,22,output_9,43.37362637362637
2025-01-03,000548,14:50:00.000,23,output_9,45.91197183098591
2025-01-03,000548,14:56:00.000,24,output_9,21.33768352365416
2025-01-03,000548,14:57:05.000,25,output_9,22.841269841269842
2025-01-03,000548,15:05:00.000,26,output_9,21.545454545454547
2025-01-03,000677,09:31:00.000,0,output_9,34.42295081967213
2025-01-03,000677,09:40:00.000,1,output_9,23.97035040431267
2025-01-03,000677,09:50:00.000,2,output_9,90.68347193347194
2025-01-03,000677,10:00:00.000,3,output_9,22.19325153374233
2025-01-03,000677,10:10:00.000,4,output_9,40.67515923566879
2025-01-03,000677,10:20:00.000,5,output_9,15.244186046511627
2025-01-03,000677,10:30:00.000,6,output_9,17.64714494875549
2025-01-03,000677,10:40:00.000,7,output_9,34.18623962040332
2025-01-03,000677,10:50:00.000,8,output_9,69.70370370370371
2025-01-03,000677,11:00:00.000,9,output_9,35.09782608695652
2025-01-03,000677,11:10:00.000,10,output_9,36.47570332480819
2025-01-03,000677,11:20:00.000,11,output_9,121.33850931677019
2025-01-03,000677,11:30:05.000,12,output_9,75.24317295188557
2025-01-03,000677,13:10:00.000,13,output_9,32.50812407680945
2025-01-03,000677,13:20:00.000,14,output_9,192.4735401459854
2025-01-03,000677,13:30:00.000,15,output_9,41.09122807017544
2025-01-03,000677,13:40:00.000,16,output_9,177.91666666666666
2025-01-03,000677,13:50:00.000,17,output_9,47.09375
2025-01-03,000677,14:00:00.000,18,output_9,53.678916827853
2025-01-03,000677,14:10:00.000,19,output_9,67.41793570219966
2025-01-03,000677,14:20:00.000,20,output_9,35.237006237006234
2025-01-03,000677,14:30:00.000,21,output_9,50.22234891676169
2025-01-03,000677,14:40:00.000,22,output_9,60.342333654773384
2025-01-03,000677,14:50:00.000,23,output_9,73.04107981220658
2025-01-03,000677,14:56:00.000,24,output_9,41.76253298153034
2025-01-03,000677,14:57:05.000,25,output_9,18.78974358974359
2025-01-03,000677,15:05:00.000,26,output_9,75.02898550724638
2025-01-03,002079,09:31:00.000,0,output_9,17.51086956521739
2025-01-03,002079,09:40:00.000,1,output_9,51.777437691298644
2025-01-03,002079,09:50:00.000,2,output_9,46.85324232081911
2025-01-03,002079,10:00:00.000,3,output_9,8.407928388746804
2025-01-03,002079,10:10:00.000,4,output_9,25.237597911227155
2025-01-03,002079,10:20:00.000,5,output_9,12.93383742911153
2025-01-03,002079,10:30:00.000,6,output_9,6.590733590733591
2025-01-03,002079,10:40:00.000,7,output_9,97.66268260292165
2025-01-03,002079,10:50:00.000,8,output_9,55.51798561151079
2025-01-03,002079,11:00:00.000,9,output_9,89.93854748603351
2025-01-03,002079,11:10:00.000,10,output_9,18.773972602739725
2025-01-03,002079,11:20:00.000,11,output_9,98.40213523131672
2025-01-03,002079,11:30:05.000,12,output_9,145.60377358490567
2025-01-03,002079,13:10:00.000,13,output_9,39.659217877094974
2025-01-03,002079,13:20:00.000,14,output_9,106.78105263157894
2025-01-03,002079,13:30:00.000,15,output_9,43.86355475763016
2025-01-03,002079,13:40:00.000,16,output_9,121.21541950113378
2025-01-03,002079,13:50:00.000,17,output_9,45.25429017160686
2025-01-03,002079,14:00:00.000,18,output_9,59.963562753036435
2025-01-03,002079,14:10:00.000,19,output_9,45.924867724867724
2025-01-03,002079,14:20:00.000,20,output_9,41.87751937984496
2025-01-03,002079,14:30:00.000,21,output_9,13.844866071428571
2025-01-03,002079,14:40:00.000,22,output_9,78.6873290793072
2025-01-03,002079,14:50:00.000,23,output_9,67.43453815261044
2025-01-03,002079,14:56:00.000,24,output_9,36.42
2025-01-03,002079,14:57:05.000,25,output_9,5.853658536585366
2025-01-03,002079,15:05:00.000,26,output_9,51.89071038251366
2025-01-03,002177,09:31:00.000,0,output_9,34.63747810858143
2025-01-03,002177,09:40:00.000,1,output_9,23.15721434528774
2025-01-03,002177,09:50:00.000,2,output_9,55.05527901493319
2025-01-03,002177,10:00:00.000,3,output_9,23.23210272873194
2025-01-03,002177,10:10:00.000,4,output_9,44.598514464425335
2025-01-03,002177,10:20:00.000,5,output_9,10.276098901098901
2025-01-03,002177,10:30:00.000,6,output_9,9.168498168498168
2025-01-03,002177,10:40:00.000,7,output_9,127.31086519114689
2025-01-03,002177,10:50:00.000,8,output_9,50.66895368782161
2025-01-03,002177,11:00:00.000,9,output_9,57.14179104477612
2025-01-03,002177,11:10:00.000,10,output_9,37.043771043771045
2025-01-03,002177,11:20:00.000,11,output_9,122.53814432989691
2025-01-03,002177,11:30:05.000,12,output_9,41.585454545454546
2025-01-03,002177,13:10:00.000,13,output_9,112.0223642172524
2025-01-03,002177,13:20:00.000,14,output_9,78.59831756046268
2025-01-03,002177,13:30:00.000,15,output_9,54.1879468845761
2025-01-03,002177,13:40:00.000,16,output_9,95.5554528650647
2025-01-03,002177,13:50:00.000,17,output_9,119.72791023842917
2025-01-03,002177,14:00:00.000,18,output_9,70.82763636363636
2025-01-03,002177,14:10:00.000,19,output_9,24.651384083044984
2025-01-03,002177,14:20:00.000,20,output_9,49.41042584434655
2025-01-03,002177,14:30:00.000,21,output_9,27.465346534653467
2025-01-03,002177,14:40:00.000,22,output_9,58.52758620689655
2025-01-03,002177,14:50:00.000,23,output_9,104.93852708460133
2025-01-03,002177,14:56:00.000,24,output_9,27.641737891737893
2025-01-03,002177,14:57:05.000,25,output_9,8.8551912568306
2025-01-03,002177,15:05:00.000,26,output_9,40.58128078817734
2025-01-03,002311,09:31:00.000,0,output_9,11.869565217391305
2025-01-03,002311,09:40:00.000,1,output_9,8.49273531269741
2025-01-03,002311,09:50:00.000,2,output_9,21.054681027340514
2025-01-03,002311,10:00:00.000,3,output_9,18.55421686746988
2025-01-03,002311,10:10:00.000,4,output_9,17.216666666666665
2025-01-03,002311,10:20:00.000,5,output_9,5.795593635250918
2025-01-03,002311,10:30:00.000,6,output_9,4.380790960451978
2025-01-03,002311,10:40:00.000,7,output_9,6.338574423480084
2025-01-03,002311,10:50:00.000,8,output_9,12.91147132169576
2025-01-03,002311,11:00:00.000,9,output_9,13.001135073779796
2025-01-03,002311,11:10:00.000,10,output_9,14.856697819314642
2025-01-03,002311,11:20:00.000,11,output_9,33.570438799076214
2025-01-03,002311,11:30:05.000,12,output_9,5.41002277904328
2025-01-03,002311,13:10:00.000,13,output_9,5.065068493150685
2025-01-03,002311,13:20:00.000,14,output_9,12.311475409836065
2025-01-03,002311,13:30:00.000,15,output_9,5.166846071044134
2025-01-03,002311,13:40:00.000,16,output_9,5.045292014302741
2025-01-03,002311,13:50:00.000,17,output_9,6.347490347490347
2025-01-03,002311,14:00:00.000,18,output_9,7.655769230769231
2025-01-03,002311,14:10:00.000,19,output_9,7.479418886198547
2025-01-03,002311,14:20:00.000,20,output_9,21.567324955116696
2025-01-03,002311,14:30:00.000,21,output_9,7.522427440633245
2025-01-03,002311,14:40:00.000,22,output_9,17.568523430592396
2025-01-03,002311,14:50:00.000,23,output_9,18.653102746693794
2025-01-03,002311,14:56:00.000,24,output_9,35.16595744680851
2025-01-03,002311,14:57:05.000,25,output_9,7.85
2025-01-03,002311,15:05:00.000,26,output_9,29.8125
2025-01-03,002876,09:31:00.000,0,output_9,6.472803347280335
2025-01-03,002876,09:40:00.000,1,output_9,34.999438832772164
2025-01-03,002876,09:50:00.000,2,output_9,27.028046421663444
2025-01-03,002876,10:00:00.000,3,output_9,45.78347280334728
2025-01-03,002876,10:10:00.000,4,output_9,25.431535269709542
2025-01-03,002876,10:20:00.000,5,output_9,17.737609329446062
2025-01-03,002876,10:30:00.000,6,output_9,8.77562326869806
2025-01-03,002876,10:40:00.000,7,output_9,23.62
2025-01-03,002876,10:50:00.000,8,output_9,52.7037037037037
2025-01-03,002876,11:00:00.000,9,output_9,20.518421052631577
2025-01-03,002876,11:10:00.000,10,output_9,19.383870967741935
2025-01-03,002876,11:20:00.000,11,output_9,32.40384615384615
2025-01-03,002876,11:30:05.000,12,output_9,37.54666666666667
2025-01-03,002876,13:10:00.000,13,output_9,40.7510460251046
2025-01-03,002876,13:20:00.000,14,output_9,66.44859813084112
2025-01-03,002876,13:30:00.000,15,output_9,45.16428571428571
2025-01-03,002876,13:40:00.000,16,output_9,136.85398230088495
2025-01-03,002876,13:50:00.000,17,output_9,32.266666666666666
2025-01-03,002876,14:00:00.000,18,output_9,68.97647058823529
2025-01-03,002876,14:10:00.000,19,output_9,22.595541401273884
2025-01-03,002876,14:20:00.000,20,output_9,57.478359908883824
2025-01-03,002876,14:30:00.000,21,output_9,10.545454545454545
2025-01-03,002876,14:40:00.000,22,output_9,56.08653846153846
2025-01-03,002876,14:50:00.000,23,output_9,51.39171974522293
2025-01-03,002876,14:56:00.000,24,output_9,48.607809847198645
2025-01-03,002876,14:57:05.000,25,output_9,3.6885245901639343
2025-01-03,002876,15:05:00.000,26,output_9,25.514285714285716
2025-01-03,300967,09:31:00.000,0,output_9,34.24888888888889
2025-01-03,300967,09:40:00.000,1,output_9,18.914772727272727
2025-01-03,300967,09:50:00.000,2,output_9,14.5175
2025-01-03,300967,10:00:00.000,3,output_9,20.58195211786372
2025-01-03,300967,10:10:00.000,4,output_9,25.75623800383877
2025-01-03,300967,10:20:00.000,5,output_9,14.685185185185185
2025-01-03,300967,10:30:00.000,6,output_9,9.949238578680204
2025-01-03,300967,10:40:00.000,7,output_9,45.01901140684411
2025-01-03,300967,10:50:00.000,8,output_9,20.976958525345623
2025-01-03,300967,11:00:00.000,9,output_9,58.151898734177216
2025-01-03,300967,11:10:00.000,10,output_9,30.670967741935485
2025-01-03,300967,11:20:00.000,11,output_9,68.80575539568345
2025-01-03,300967,11:30:05.000,12,output_9,143.63297872340425
2025-01-03,300967,13:10:00.000,13,output_9,11.429054054054054
2025-01-03,300967,13:20:00.000,14,output_9,56.3072625698324
2025-01-03,300967,13:30:00.000,15,output_9,32.386243386243386
2025-01-03,300967,13:40:00.000,16,output_9,117.36437246963563
2025-01-03,300967,13:50:00.000,17,output_9,56.18589743589744
2025-01-03,300967,14:00:00.000,18,output_9,57.49519230769231
2025-01-03,300967,14:10:00.000,19,output_9,19.96875
2025-01-03,300967,14:20:00.000,20,output_9,109.71372549019608
2025-01-03,300967,14:30:00.000,21,output_9,29.163879598662206
2025-01-03,300967,14:40:00.000,22,output_9,74.8735632183908
2025-01-03,300967,14:50:00.000,23,output_9,61.843813387423936
2025-01-03,300967,14:56:00.000,24,output_9,28.45583038869258
2025-01-03,300967,14:57:05.000,25,output_9,3.185185185185185
2025-01-03,300967,15:05:00.000,26,output_9,29.56756756756757
2025-01-03,301035,09:31:00.000,0,output_9,3.3771186440677967
2025-01-03,301035,09:40:00.000,1,output_9,4.780439121756487
2025-01-03,301035,09:50:00.000,2,output_9,25.56766917293233
2025-01-03,301035,10:00:00.000,3,output_9,2.7829099307159355
2025-01-03,301035,10:10:00.000,4,output_9,14.637305699481866
2025-01-03,301035,10:20:00.000,5,output_9,36.86746987951807
2025-01-03,301035,10:30:00.000,6,output_9,8.540880503144654
2025-01-03,301035,10:40:00.000,7,output_9,58.41379310344828
2025-01-03,301035,10:50:00.000,8,output_9,32.40243902439025
2025-01-03,301035,11:00:00.000,9,output_9,51.067796610169495
2025-01-03,301035,11:10:00.000,10,output_9,51.2093023255814
2025-01-03,301035,11:20:00.000,11,output_9,36.65714285714286
2025-01-03,301035,11:30:05.000,12,output_9,28.888157894736842
2025-01-03,301035,13:10:00.000,13,output_9,37.18571428571428
2025-01-03,301035,13:20:00.000,14,output_9,64.63963963963964
2025-01-03,301035,13:30:00.000,15,output_9,26.27777777777778
2025-01-03,301035,13:40:00.000,16,output_9,26.3125
2025-01-03,301035,13:50:00.000,17,output_9,7.43859649122807
2025-01-03,301035,14:00:00.000,18,output_9,40.844339622641506
2025-01-03,301035,14:10:00.000,19,output_9,14.058536585365854
2025-01-03,301035,14:20:00.000,20,output_9,9.632034632034632
2025-01-03,301035,14:30:00.000,21,output_9,12.331932773109244
2025-01-03,301035,14:40:00.000,22,output_9,27.898395721925134
2025-01-03,301035,14:50:00.000,23,output_9,9.09775967413442
2025-01-03,301035,14:56:00.000,24,output_9,2.8095238095238093
2025-01-03,301035,14:57:05.000,25,output_9,6.297297297297297
2025-01-03,301035,15:05:00.000,26,output_9,88.64473684210526
2025-01-03,301049,09:31:00.000,0,output_9,33.154545454545456
2025-01-03,301049,09:40:00.000,1,output_9,24.542517006802722
2025-01-03,301049,09:50:00.000,2,output_9,58.170212765957444
2025-01-03,301049,10:00:00.000,3,output_9,29.244897959183675
2025-01-03,301049,10:10:00.000,4,output_9,93.44405594405595
2025-01-03,301049,10:20:00.000,5,output_9,17.166666666666668
2025-01-03,301049,10:30:00.000,6,output_9,3.583682008368201
2025-01-03,301049,10:40:00.000,7,output_9,55.04961832061068
2025-01-03,301049,10:50:00.000,8,output_9,18.825136612021858
2025-01-03,301049,11:00:00.000,9,output_9,53.50769230769231
2025-01-03,301049,11:10:00.000,10,output_9,47.792682926829265
2025-01-03,301049,11:20:00.000,11,output_9,13.18421052631579
2025-01-03,301049,11:30:05.000,12,output_9,66.15463917525773
2025-01-03,301049,13:10:00.000,13,output_9,36.5
2025-01-03,301049,13:20:00.000,14,output_9,22.709302325581394
2025-01-03,301049,13:30:00.000,15,output_9,35.738255033557046
2025-01-03,301049,13:40:00.000,16,output_9,35.3125
2025-01-03,301049,13:50:00.000,17,output_9,43.71641791044776
2025-01-03,301049,14:00:00.000,18,output_9,48.19753086419753
2025-01-03,301049,14:10:00.000,19,output_9,48.8421052631579
2025-01-03,301049,14:20:00.000,20,output_9,53.24444444444445
2025-01-03,301049,14:30:00.000,21,output_9,16.225130890052355
2025-01-03,301049,14:40:00.000,22,output_9,28.785714285714285
2025-01-03,301049,14:50:00.000,23,output_9,191.36153846153846
2025-01-03,301049,14:56:00.000,24,output_9,21.36551724137931
2025-01-03,301049,14:57:05.000,25,output_9,24.26923076923077
2025-01-03,301049,15:05:00.000,26,output_9,60.30232558139535
2025-01-03,301393,09:31:00.000,0,output_9,10.836363636363636
2025-01-03,301393,09:40:00.000,1,output_9,13.663157894736843
2025-01-03,301393,09:50:00.000,2,output_9,16.297229219143578
2025-01-03,301393,10:00:00.000,3,output_9,4.023809523809524
2025-01-03,301393,10:10:00.000,4,output_9,138.41830065359477
2025-01-03,301393,10:20:00.000,5,output_9,17.822916666666668
2025-01-03,301393,10:30:00.000,6,output_9,5.166666666666667
2025-01-03,301393,10:40:00.000,7,output_9,98.29333333333334
2025-01-03,301393,10:50:00.000,8,output_9,30.011627906976745
2025-01-03,301393,11:00:00.000,9,output_9,246.94545454545454
2025-01-03,301393,11:10:00.000,10,output_9,14.910714285714286
2025-01-03,301393,11:20:00.000,11,output_9,92.89690721649484
2025-01-03,301393,11:30:05.000,12,output_9,77.83720930232558
2025-01-03,301393,13:10:00.000,13,output_9,59.73770491803279
2025-01-03,301393,13:20:00.000,14,output_9,59.197916666666664
2025-01-03,301393,13:30:00.000,15,output_9,17.755102040816325
2025-01-03,301393,13:40:00.000,16,output_9,97.60606060606061
2025-01-03,301393,13:50:00.000,17,output_9,85.7
2025-01-03,301393,14:00:00.000,18,output_9,78.69298245614036
2025-01-03,301393,14:10:00.000,19,output_9,80.46078431372548
2025-01-03,301393,14:20:00.000,20,output_9,38.850746268656714
2025-01-03,301393,14:30:00.000,21,output_9,23.309859154929576
2025-01-03,301393,14:40:00.000,22,output_9,34.74390243902439
2025-01-03,301393,14:50:00.000,23,output_9,122.65648854961832
2025-01-03,301393,14:56:00.000,24,output_9,24.053846153846155
2025-01-03,301393,14:57:05.000,25,output_9,8.818181818181818
2025-01-03,301393,15:05:00.000,26,output_9,74.4054054054054
2025-01-06,000848,09:31:00.000,0,output_9,74.86153846153846
2025-01-06,000848,09:40:00.000,1,output_9,4.101
2025-01-06,000848,09:50:00.000,2,output_9,5.240705433746425
2025-01-06,000848,10:00:00.000,3,output_9,27.355043685464654
2025-01-06,000848,10:10:00.000,4,output_9,8.487281399046106
2025-01-06,000848,10:20:00.000,5,output_9,21.51288056206089
2025-01-06,000848,10:30:00.000,6,output_9,68.3913043478261
2025-01-06,000848,10:40:00.000,7,output_9,48.12615384615385
2025-01-06,000848,10:50:00.000,8,output_9,52.668058455114824
2025-01-06,000848,11:00:00.000,9,output_9,31.423076923076923
2025-01-06,000848,11:10:00.000,10,output_9,46.420212765957444
2025-01-06,000848,11:20:00.000,11,output_9,30.01192504258944
2025-01-06,000848,11:30:05.000,12,output_9,24.001851851851853
2025-01-06,000848,13:10:00.000,13,output_9,13.43644544431946
2025-01-06,000848,13:20:00.000,14,output_9,82.03231017770598
2025-01-06,000848,13:30:00.000,15,output_9,15.468791500664011
2025-01-06,000848,13:40:00.000,16,output_9,28.8727959697733
2025-01-06,000848,13:50:00.000,17,output_9,34.31656804733728
2025-01-06,000848,14:00:00.000,18,output_9,35.23018867924528
2025-01-06,000848,14:10:00.000,19,output_9,21.588489208633092
2025-01-06,000848,14:20:00.000,20,output_9,44.86006289308176
2025-01-06,000848,14:30:00.000,21,output_9,91.72883787661407
2025-01-06,000848,14:40:00.000,22,output_9,11.53960396039604
2025-01-06,000848,14:50:00.000,23,output_9,15.723809523809523
2025-01-06,000848,14:56:00.000,24,output_9,5.133802816901408
2025-01-06,000848,14:57:05.000,25,output_9,4.628205128205129
2025-01-06,000848,15:05:00.000,26,output_9,31.041322314049587
2025-01-06,000949,09:31:00.000,0,output_9,38.115830115830114
2025-01-06,000949,09:40:00.000,1,output_9,36.464334705075444
2025-01-06,000949,09:50:00.000,2,output_9,48.11353711790393
2025-01-06,000949,10:00:00.000,3,output_9,66.79030558482613
2025-01-06,000949,10:10:00.000,4,output_9,38.384539147670964
2025-01-06,000949,10:20:00.000,5,output_9,44.76955602536998
2025-01-06,000949,10:30:00.000,6,output_9,156.52436974789916
2025-01-06,000949,10:40:00.000,7,output_9,150.79739776951672
2025-01-06,000949,10:50:00.000,8,output_9,91.00510204081633
2025-01-06,000949,11:00:00.000,9,output_9,36.494594594594595
2025-01-06,000949,11:10:00.000,10,output_9,18.50996015936255
2025-01-06,000949,11:20:00.000,11,output_9,136.4469756480754
2025-01-06,000949,11:30:05.000,12,output_9,55.87301587301587
2025-01-06,000949,13:10:00.000,13,output_9,8.790174002047083
2025-01-06,000949,13:20:00.000,14,output_9,167.52372262773721
2025-01-06,000949,13:30:00.000,15,output_9,280.94919168591224
2025-01-06,000949,13:40:00.000,16,output_9,120.21734357848518
2025-01-06,000949,13:50:00.000,17,output_9,81.87444608567208
2025-01-06,000949,14:00:00.000,18,output_9,51.88863109048724
2025-01-06,000949,14:10:00.000,19,output_9,29.276803118908383
2025-01-06,000949,14:20:00.000,20,output_9,248.33557046979865
2025-01-06,000949,14:30:00.000,21,output_9,95.76363636363637
2025-01-06,000949,14:40:00.000,22,output_9,177.38423028785982
2025-01-06,000949,14:50:00.000,23,output_9,27.324418604651164
2025-01-06,000949,14:56:00.000,24,output_9,47.356913183279744
2025-01-06,000949,14:57:05.000,25,output_9,222.64462809917356
2025-01-06,000949,15:05:00.000,26,output_9,113.32330827067669
2025-01-06,002307,09:31:00.000,0,output_9,154.4713216957606
2025-01-06,002307,09:40:00.000,1,output_9,24.302738712065135
2025-01-06,002307,09:50:00.000,2,output_9,23.2363315696649
2025-01-06,002307,10:00:00.000,3,output_9,80.88346883468834
2025-01-06,002307,10:10:00.000,4,output_9,94.33015873015873
2025-01-06,002307,10:20:00.000,5,output_9,44.093333333333334
2025-01-06,002307,10:30:00.000,6,output_9,128.85
2025-01-06,002307,10:40:00.000,7,output_9,186.98076923076923
2025-01-06,002307,10:50:00.000,8,output_9,213.96938775510205
2025-01-06,002307,11:00:00.000,9,output_9,20.767441860465116
2025-01-06,002307,11:10:00.000,10,output_9,39.3968253968254
2025-01-06,002307,11:20:00.000,11,output_9,80.86301369863014
2025-01-06,002307,11:30:05.000,12,output_9,139.47169811320754
2025-01-06,002307,13:10:00.000,13,output_9,20.89189189189189
2025-01-06,002307,13:20:00.000,14,output_9,216.58490566037736
2025-01-06,002307,13:30:00.000,15,output_9,307.8970588235294
2025-01-06,002307,13:40:00.000,16,output_9,94.90697674418605
2025-01-06,002307,13:50:00.000,17,output_9,2.011627906976744
2025-01-06,002307,14:00:00.000,18,output_9,62.404761904761905
2025-01-06,002307,14:10:00.000,19,output_9,31.04895104895105
2025-01-06,002307,14:20:00.000,20,output_9,289.6533333333333
2025-01-06,002307,14:30:00.000,21,output_9,374.7307692307692
2025-01-06,002307,14:40:00.000,22,output_9,206.25970149253732
2025-01-06,002307,14:50:00.000,23,output_9,23.15228426395939
2025-01-06,002307,14:56:00.000,24,output_9,104.08661417322834
2025-01-06,002307,14:57:05.000,25,output_9,102.6774193548387
2025-01-06,002307,15:05:00.000,26,output_9,146.6
2025-01-06,300284,09:31:00.000,0,output_9,28.580858085808583
2025-01-06,300284,09:40:00.000,1,output_9,7.493049119555144
2025-01-06,300284,09:50:00.000,2,output_9,24.252710592160135
2025-01-06,300284,10:00:00.000,3,output_9,15.547649301143583
2025-01-06,300284,10:10:00.000,4,output_9,53.80538922155689
2025-01-06,300284,10:20:00.000,5,output_9,18.7188703465982
2025-01-06,300284,10:30:00.000,6,output_9,26.9306625577812
2025-01-06,300284,10:40:00.000,7,output_9,66.97297297297297
2025-01-06,300284,10:50:00.000,8,output_9,17.68791208791209
2025-01-06,300284,11:00:00.000,9,output_9,8.91047619047619
2025-01-06,300284,11:10:00.000,10,output_9,18.815431164901664
2025-01-06,300284,11:20:00.000,11,output_9,72.79655172413793
2025-01-06,300284,11:30:05.000,12,output_9,10.789349112426036
2025-01-06,300284,13:10:00.000,13,output_9,18.99690880989181
2025-01-06,300284,13:20:00.000,14,output_9,90.71944444444445
2025-01-06,300284,13:30:00.000,15,output_9,50.217922606924645
2025-01-06,300284,13:40:00.000,16,output_9,59.12343470483005
2025-01-06,300284,13:50:00.000,17,output_9,24.212201591511935
2025-01-06,300284,14:00:00.000,18,output_9,34.21311475409836
2025-01-06,300284,14:10:00.000,19,output_9,27.133448873483534
2025-01-06,300284,14:20:00.000,20,output_9,63.53090909090909
2025-01-06,300284,14:30:00.000,21,output_9,21.997333333333334
2025-01-06,300284,14:40:00.000,22,output_9,67.55848261327714
2025-01-06,300284,14:50:00.000,23,output_9,8.850746268656716
2025-01-06,300284,14:56:00.000,24,output_9,42.67045454545455
2025-01-06,300284,14:57:05.000,25,output_9,130.63703703703703
2025-01-06,300284,15:05:00.000,26,output_9,26.513513513513512
2025-01-06,300329,09:31:00.000,0,output_9,65.32135306553911
2025-01-06,300329,09:40:00.000,1,output_9,15.084942084942085
2025-01-06,300329,09:50:00.000,2,output_9,5.082259663032706
2025-01-06,300329,10:00:00.000,3,output_9,13.932504440497336
2025-01-06,300329,10:10:00.000,4,output_9,31.108459869848158
2025-01-06,300329,10:20:00.000,5,output_9,25.107142857142858
2025-01-06,300329,10:30:00.000,6,output_9,30.993589743589745
2025-01-06,300329,10:40:00.000,7,output_9,46.330845771144276
2025-01-06,300329,10:50:00.000,8,output_9,62.34313725490196
2025-01-06,300329,11:00:00.000,9,output_9,44.38942307692308
2025-01-06,300329,11:10:00.000,10,output_9,46.39170506912443
2025-01-06,300329,11:20:00.000,11,output_9,66.83333333333333
2025-01-06,300329,11:30:05.000,12,output_9,5.180212014134276
2025-01-06,300329,13:10:00.000,13,output_9,22.627167630057805
2025-01-06,300329,13:20:00.000,14,output_9,48.27363184079602
2025-01-06,300329,13:30:00.000,15,output_9,109.57142857142857
2025-01-06,300329,13:40:00.000,16,output_9,53.29015544041451
2025-01-06,300329,13:50:00.000,17,output_9,39.21022727272727
2025-01-06,300329,14:00:00.000,18,output_9,39.72636815920398
2025-01-06,300329,14:10:00.000,19,output_9,38.54838709677419
2025-01-06,300329,14:20:00.000,20,output_9,130.14893617021278
2025-01-06,300329,14:30:00.000,21,output_9,39.92215568862275
2025-01-06,300329,14:40:00.000,22,output_9,83.08144796380091
2025-01-06,300329,14:50:00.000,23,output_9,14.094637223974763
2025-01-06,300329,14:56:00.000,24,output_9,43.70414201183432
2025-01-06,300329,14:57:05.000,25,output_9,35.67045454545455
2025-01-06,300329,15:05:00.000,26,output_9,114.53333333333333
2025-01-06,300584,09:31:00.000,0,output_9,3.900958466453674
2025-01-06,300584,09:40:00.000,1,output_9,2.6742574257425744
2025-01-06,300584,09:50:00.000,2,output_9,14.357249626307922
2025-01-06,300584,10:00:00.000,3,output_9,21.931398416886545
2025-01-06,300584,10:10:00.000,4,output_9,42.37832310838446
2025-01-06,300584,10:20:00.000,5,output_9,22.899280575539567
2025-01-06,300584,10:30:00.000,6,output_9,58.42745098039216
2025-01-06,300584,10:40:00.000,7,output_9,29.608843537414966
2025-01-06,300584,10:50:00.000,8,output_9,73.96756756756757
2025-01-06,300584,11:00:00.000,9,output_9,12.937254901960785
2025-01-06,300584,11:10:00.000,10,output_9,10.802547770700636
2025-01-06,300584,11:20:00.000,11,output_9,42.86147186147186
2025-01-06,300584,11:30:05.000,12,output_9,56.21568627450981
2025-01-06,300584,13:10:00.000,13,output_9,50.67619047619048
2025-01-06,300584,13:20:00.000,14,output_9,83.86274509803921
2025-01-06,300584,13:30:00.000,15,output_9,22.784313725490197
2025-01-06,300584,13:40:00.000,16,output_9,30.416267942583733
2025-01-06,300584,13:50:00.000,17,output_9,128.8231292517007
2025-01-06,300584,14:00:00.000,18,output_9,31.21578947368421
2025-01-06,300584,14:10:00.000,19,output_9,17.639344262295083
2025-01-06,300584,14:20:00.000,20,output_9,107.00735294117646
2025-01-06,300584,14:30:00.000,21,output_9,43.93719806763285
2025-01-06,300584,14:40:00.000,22,output_9,64.02094240837697
2025-01-06,300584,14:50:00.000,23,output_9,4.79020979020979
2025-01-06,300584,14:56:00.000,24,output_9,8.641666666666667
2025-01-06,300584,14:57:05.000,25,output_9,2.3132530120481927
2025-01-06,300584,15:05:00.000,26,output_9,98.5
2025-01-06,300947,09:31:00.000,0,output_9,44.954796030871
2025-01-06,300947,09:40:00.000,1,output_9,13.948375451263537
2025-01-06,300947,09:50:00.000,2,output_9,5.719904076738609
2025-01-06,300947,10:00:00.000,3,output_9,19.77840909090909
2025-01-06,300947,10:10:00.000,4,output_9,2.973061224489796
2025-01-06,300947,10:20:00.000,5,output_9,14.58909574468085
2025-01-06,300947,10:30:00.000,6,output_9,27.654696132596683
2025-01-06,300947,10:40:00.000,7,output_9,15.937293729372938
2025-01-06,300947,10:50:00.000,8,output_9,28.26224328593997
2025-01-06,300947,11:00:00.000,9,output_9,12.02373887240356
2025-01-06,300947,11:10:00.000,10,output_9,8.906115417743324
2025-01-06,300947,11:20:00.000,11,output_9,53.92250372578241
2025-01-06,300947,11:30:05.000,12,output_9,18.146726862302483
2025-01-06,300947,13:10:00.000,13,output_9,9.732530120481927
2025-01-06,300947,13:20:00.000,14,output_9,77.85111111111111
2025-01-06,300947,13:30:00.000,15,output_9,19.43127962085308
2025-01-06,300947,13:40:00.000,16,output_9,21.867283950617285
2025-01-06,300947,13:50:00.000,17,output_9,16.93285371702638
2025-01-06,300947,14:00:00.000,18,output_9,7.402020202020202
2025-01-06,300947,14:10:00.000,19,output_9,18.767543859649123
2025-01-06,300947,14:20:00.000,20,output_9,32.29802513464991
2025-01-06,300947,14:30:00.000,21,output_9,21.227272727272727
2025-01-06,300947,14:40:00.000,22,output_9,24.076098606645232
2025-01-06,300947,14:50:00.000,23,output_9,6.9957081545064375
2025-01-06,300947,14:56:00.000,24,output_9,6.661751951431049
2025-01-06,300947,14:57:05.000,25,output_9,1.5681233933161953
2025-01-06,300947,15:05:00.000,26,output_9,71.09146341463415
2025-01-06,301005,09:31:00.000,0,output_9,130.776
2025-01-06,301005,09:40:00.000,1,output_9,5.569786535303777
2025-01-06,301005,09:50:00.000,2,output_9,37.6875
2025-01-06,301005,10:00:00.000,3,output_9,19.457142857142856
2025-01-06,301005,10:10:00.000,4,output_9,81.9090909090909
2025-01-06,301005,10:20:00.000,5,output_9,50.01183431952663
2025-01-06,301005,10:30:00.000,6,output_9,65.52884615384616
2025-01-06,301005,10:40:00.000,7,output_9,90.43010752688173
2025-01-06,301005,10:50:00.000,8,output_9,57.214285714285715
2025-01-06,301005,11:00:00.000,9,output_9,122.3409090909091
2025-01-06,301005,11:10:00.000,10,output_9,120.7439024390244
2025-01-06,301005,11:20:00.000,11,output_9,53.0
2025-01-06,301005,11:30:05.000,12,output_9,14.757575757575758
2025-01-06,301005,13:10:00.000,13,output_9,90.02173913043478
2025-01-06,301005,13:20:00.000,14,output_9,126.109375
2025-01-06,301005,13:30:00.000,15,output_9,65.734375
2025-01-06,301005,13:40:00.000,16,output_9,24.114285714285714
2025-01-06,301005,13:50:00.000,17,output_9,19.432835820895523
2025-01-06,301005,14:00:00.000,18,output_9,40.84090909090909
2025-01-06,301005,14:10:00.000,19,output_9,25.38095238095238
2025-01-06,301005,14:20:00.000,20,output_9,120.87692307692308
2025-01-06,301005,14:30:00.000,21,output_9,50.1
2025-01-06,301005,14:40:00.000,22,output_9,41.15384615384615
2025-01-06,301005,14:50:00.000,23,output_9,19.735632183908045
2025-01-06,301005,14:56:00.000,24,output_9,16.36144578313253
2025-01-06,301005,14:57:05.000,25,output_9,72.375
2025-01-06,301005,15:05:00.000,26,output_9,25.416666666666668
2025-01-06,301552,09:31:00.000,0,output_9,25.581560283687942
2025-01-06,301552,09:40:00.000,1,output_9,20.65154639175258
2025-01-06,301552,09:50:00.000,2,output_9,12.732620320855615
2025-01-06,301552,10:00:00.000,3,output_9,23.686567164179106
2025-01-06,301552,10:10:00.000,4,output_9,59.13705583756345
2025-01-06,301552,10:20:00.000,5,output_9,52.78813559322034
2025-01-06,301552,10:30:00.000,6,output_9,47.07920792079208
2025-01-06,301552,10:40:00.000,7,output_9,131.77358490566039
2025-01-06,301552,10:50:00.000,8,output_9,98.8076923076923
2025-01-06,301552,11:00:00.000,9,output_9,35.234234234234236
2025-01-06,301552,11:10:00.000,10,output_9,60.16842105263158
2025-01-06,301552,11:20:00.000,11,output_9,76.63565891472868
2025-01-06,301552,11:30:05.000,12,output_9,27.733333333333334
2025-01-06,301552,13:10:00.000,13,output_9,46.984375
2025-01-06,301552,13:20:00.000,14,output_9,179.24719101123594
2025-01-06,301552,13:30:00.000,15,output_9,51.223076923076924
2025-01-06,301552,13:40:00.000,16,output_9,51.90094339622642
2025-01-06,301552,13:50:00.000,17,output_9,19.65648854961832
2025-01-06,301552,14:00:00.000,18,output_9,53.94736842105263
2025-01-06,301552,14:10:00.000,19,output_9,8.954545454545455
2025-01-06,301552,14:20:00.000,20,output_9,127.94827586206897
2025-01-06,301552,14:30:00.000,21,output_9,18.55
2025-01-06,301552,14:40:00.000,22,output_9,66.3109756097561
2025-01-06,301552,14:50:00.000,23,output_9,16.863247863247864
2025-01-06,301552,14:56:00.000,24,output_9,12.551181102362206
2025-01-06,301552,14:57:05.000,25,output_9,55.22857142857143
2025-01-06,301552,15:05:00.000,26,output_9,49.87671232876713
2025-01-06,301578,09:31:00.000,0,output_9,46.4468085106383
2025-01-06,301578,09:40:00.000,1,output_9,8.758333333333333
2025-01-06,301578,09:50:00.000,2,output_9,54.94082840236686
2025-01-06,301578,10:00:00.000,3,output_9,11.69406392694064
2025-01-06,301578,10:10:00.000,4,output_9,24.77358490566038
2025-01-06,301578,10:20:00.000,5,output_9,20.260416666666668
2025-01-06,301578,10:30:00.000,6,output_9,30.839285714285715
2025-01-06,301578,10:40:00.000,7,output_9,11.570731707317073
2025-01-06,301578,10:50:00.000,8,output_9,50.97761194029851
2025-01-06,301578,11:00:00.000,9,output_9,44.1219512195122
2025-01-06,301578,11:10:00.000,10,output_9,7.69620253164557
2025-01-06,301578,11:20:00.000,11,output_9,176.18965517241378
2025-01-06,301578,11:30:05.000,12,output_9,37.31645569620253
2025-01-06,301578,13:10:00.000,13,output_9,43.183098591549296
2025-01-06,301578,13:20:00.000,14,output_9,102.64788732394366
2025-01-06,301578,13:30:00.000,15,output_9,56.985074626865675
2025-01-06,301578,13:40:00.000,16,output_9,38.704
2025-01-06,301578,13:50:00.000,17,output_9,26.556818181818183
2025-01-06,301578,14:00:00.000,18,output_9,42.78260869565217
2025-01-06,301578,14:10:00.000,19,output_9,15.946666666666667
2025-01-06,301578,14:20:00.000,20,output_9,59.5125
2025-01-06,301578,14:30:00.000,21,output_9,56.33980582524272
2025-01-06,301578,14:40:00.000,22,output_9,38.88304093567251
2025-01-06,301578,14:50:00.000,23,output_9,5.027397260273973
2025-01-06,301578,14:56:00.000,24,output_9,25.48
2025-01-06,301578,14:57:05.000,25,output_9,5.523809523809524
2025-01-06,301578,15:05:00.000,26,output_9,81.73333333333333
2025-01-02,000690,09:31:00.000,0,output_10,421.0
2025-01-02,000690,09:40:00.000,1,output_10,540.0
2025-01-02,000690,09:50:00.000,2,output_10,574.0
2025-01-02,000690,10:00:00.000,3,output_10,704.0
2025-01-02,000690,10:10:00.000,4,output_10,636.0
2025-01-02,000690,10:20:00.000,5,output_10,659.0
2025-01-02,000690,10:30:00.000,6,output_10,925.0
2025-01-02,000690,10:40:00.000,7,output_10,1100.0
2025-01-02,000690,10:50:00.000,8,output_10,1063.0
2025-01-02,000690,11:00:00.000,9,output_10,1205.0
2025-01-02,000690,11:10:00.000,10,output_10,1137.0
2025-01-02,000690,11:20:00.000,11,output_10,1000.0
2025-01-02,000690,11:30:05.000,12,output_10,812.0
2025-01-02,000690,13:10:00.000,13,output_10,900.0
2025-01-02,000690,13:20:00.000,14,output_10,633.0
2025-01-02,000690,13:30:00.000,15,output_10,651.0
2025-01-02,000690,13:40:00.000,16,output_10,724.0
2025-01-02,000690,13:50:00.000,17,output_10,661.0
2025-01-02,000690,14:00:00.000,18,output_10,679.0
2025-01-02,000690,14:10:00.000,19,output_10,558.0
2025-01-02,000690,14:20:00.000,20,output_10,531.0
2025-01-02,000690,14:30:00.000,21,output_10,677.0
2025-01-02,000690,14:40:00.000,22,output_10,534.0
2025-01-02,000690,14:50:00.000,23,output_10,538.0
2025-01-02,000690,14:56:00.000,24,output_10,469.0
2025-01-02,000690,14:57:05.000,25,output_10,464.0
2025-01-02,000690,15:05:00.000,26,output_10,507.0
2025-01-02,001389,09:31:00.000,0,output_10,98.0
2025-01-02,001389,09:40:00.000,1,output_10,176.0
2025-01-02,001389,09:50:00.000,2,output_10,184.0
2025-01-02,001389,10:00:00.000,3,output_10,197.0
2025-01-02,001389,10:10:00.000,4,output_10,194.0
2025-01-02,001389,10:20:00.000,5,output_10,214.0
2025-01-02,001389,10:30:00.000,6,output_10,225.0
2025-01-02,001389,10:40:00.000,7,output_10,256.0
2025-01-02,001389,10:50:00.000,8,output_10,267.0
2025-01-02,001389,11:00:00.000,9,output_10,286.0
2025-01-02,001389,11:10:00.000,10,output_10,283.0
2025-01-02,001389,11:20:00.000,11,output_10,305.0
2025-01-02,001389,11:30:05.000,12,output_10,266.0
2025-01-02,001389,13:10:00.000,13,output_10,233.0
2025-01-02,001389,13:20:00.000,14,output_10,234.0
2025-01-02,001389,13:30:00.000,15,output_10,235.0
2025-01-02,001389,13:40:00.000,16,output_10,246.0
2025-01-02,001389,13:50:00.000,17,output_10,271.0
2025-01-02,001389,14:00:00.000,18,output_10,249.0
2025-01-02,001389,14:10:00.000,19,output_10,222.0
2025-01-02,001389,14:20:00.000,20,output_10,215.0
2025-01-02,001389,14:30:00.000,21,output_10,193.0
2025-01-02,001389,14:40:00.000,22,output_10,176.0
2025-01-02,001389,14:50:00.000,23,output_10,166.0
2025-01-02,001389,14:56:00.000,24,output_10,166.0
2025-01-02,001389,14:57:05.000,25,output_10,159.0
2025-01-02,001389,15:05:00.000,26,output_10,160.0
2025-01-02,002782,09:31:00.000,0,output_10,109.0
2025-01-02,002782,09:40:00.000,1,output_10,403.0
2025-01-02,002782,09:50:00.000,2,output_10,446.0
2025-01-02,002782,10:00:00.000,3,output_10,473.0
2025-01-02,002782,10:10:00.000,4,output_10,536.0
2025-01-02,002782,10:20:00.000,5,output_10,534.0
2025-01-02,002782,10:30:00.000,6,output_10,554.0
2025-01-02,002782,10:40:00.000,7,output_10,571.0
2025-01-02,002782,10:50:00.000,8,output_10,606.0
2025-01-02,002782,11:00:00.000,9,output_10,613.0
2025-01-02,002782,11:10:00.000,10,output_10,636.0
2025-01-02,002782,11:20:00.000,11,output_10,628.0
2025-01-02,002782,11:30:05.000,12,output_10,599.0
2025-01-02,002782,13:10:00.000,13,output_10,581.0
2025-01-02,002782,13:20:00.000,14,output_10,548.0
2025-01-02,002782,13:30:00.000,15,output_10,559.0
2025-01-02,002782,13:40:00.000,16,output_10,486.0
2025-01-02,002782,13:50:00.000,17,output_10,483.0
2025-01-02,002782,14:00:00.000,18,output_10,512.0
2025-01-02,002782,14:10:00.000,19,output_10,423.0
2025-01-02,002782,14:20:00.000,20,output_10,402.0
2025-01-02,002782,14:30:00.000,21,output_10,468.0
2025-01-02,002782,14:40:00.000,22,output_10,240.0
2025-01-02,002782,14:50:00.000,23,output_10,275.0
2025-01-02,002782,14:56:00.000,24,output_10,293.0
2025-01-02,002782,14:57:05.000,25,output_10,305.0
2025-01-02,002782,15:05:00.000,26,output_10,313.0
2025-01-02,002852,09:31:00.000,0,output_10,115.0
2025-01-02,002852,09:40:00.000,1,output_10,141.0
2025-01-02,002852,09:50:00.000,2,output_10,174.0
2025-01-02,002852,10:00:00.000,3,output_10,174.0
2025-01-02,002852,10:10:00.000,4,output_10,177.0
2025-01-02,002852,10:20:00.000,5,output_10,207.0
2025-01-02,002852,10:30:00.000,6,output_10,228.0
2025-01-02,002852,10:40:00.000,7,output_10,216.0
2025-01-02,002852,10:50:00.000,8,output_10,197.0
2025-01-02,002852,11:00:00.000,9,output_10,171.0
2025-01-02,002852,11:10:00.000,10,output_10,168.0
2025-01-02,002852,11:20:00.000,11,output_10,163.0
2025-01-02,002852,11:30:05.000,12,output_10,174.0
2025-01-02,002852,13:10:00.000,13,output_10,157.0
2025-01-02,002852,13:20:00.000,14,output_10,123.0
2025-01-02,002852,13:30:00.000,15,output_10,130.0
2025-01-02,002852,13:40:00.000,16,output_10,132.0
2025-01-02,002852,13:50:00.000,17,output_10,124.0
2025-01-02,002852,14:00:00.000,18,output_10,125.0
2025-01-02,002852,14:10:00.000,19,output_10,115.0
2025-01-02,002852,14:20:00.000,20,output_10,106.0
2025-01-02,002852,14:30:00.000,21,output_10,131.0
2025-01-02,002852,14:40:00.000,22,output_10,74.0
2025-01-02,002852,14:50:00.000,23,output_10,149.0
2025-01-02,002852,14:56:00.000,24,output_10,87.0
2025-01-02,002852,14:57:05.000,25,output_10,84.0
2025-01-02,002852,15:05:00.000,26,output_10,103.0
2025-01-02,300046,09:31:00.000,0,output_10,263.0
2025-01-02,300046,09:40:00.000,1,output_10,746.0
2025-01-02,300046,09:50:00.000,2,output_10,900.0
2025-01-02,300046,10:00:00.000,3,output_10,1044.0
2025-01-02,300046,10:10:00.000,4,output_10,989.0
2025-01-02,300046,10:20:00.000,5,output_10,1050.0
2025-01-02,300046,10:30:00.000,6,output_10,1088.0
2025-01-02,300046,10:40:00.000,7,output_10,1043.0
2025-01-02,300046,10:50:00.000,8,output_10,1040.0
2025-01-02,300046,11:00:00.000,9,output_10,1061.0
2025-01-02,300046,11:10:00.000,10,output_10,1010.0
2025-01-02,300046,11:20:00.000,11,output_10,997.0
2025-01-02,300046,11:30:05.000,12,output_10,802.0
2025-01-02,300046,13:10:00.000,13,output_10,739.0
2025-01-02,300046,13:20:00.000,14,output_10,576.0
2025-01-02,300046,13:30:00.000,15,output_10,470.0
2025-01-02,300046,13:40:00.000,16,output_10,540.0
2025-01-02,300046,13:50:00.000,17,output_10,545.0
2025-01-02,300046,14:00:00.000,18,output_10,682.0
2025-01-02,300046,14:10:00.000,19,output_10,556.0
2025-01-02,300046,14:20:00.000,20,output_10,523.0
2025-01-02,300046,14:30:00.000,21,output_10,628.0
2025-01-02,300046,14:40:00.000,22,output_10,394.0
2025-01-02,300046,14:50:00.000,23,output_10,394.0
2025-01-02,300046,14:56:00.000,24,output_10,388.0
2025-01-02,300046,14:57:05.000,25,output_10,424.0
2025-01-02,300046,15:05:00.000,26,output_10,662.0
2025-01-02,300100,09:31:00.000,0,output_10,205.0
2025-01-02,300100,09:40:00.000,1,output_10,514.0
2025-01-02,300100,09:50:00.000,2,output_10,563.0
2025-01-02,300100,10:00:00.000,3,output_10,673.0
2025-01-02,300100,10:10:00.000,4,output_10,759.0
2025-01-02,300100,10:20:00.000,5,output_10,768.0
2025-01-02,300100,10:30:00.000,6,output_10,828.0
2025-01-02,300100,10:40:00.000,7,output_10,938.0
2025-01-02,300100,10:50:00.000,8,output_10,1011.0
2025-01-02,300100,11:00:00.000,9,output_10,1120.0
2025-01-02,300100,11:10:00.000,10,output_10,1046.0
2025-01-02,300100,11:20:00.000,11,output_10,1064.0
2025-01-02,300100,11:30:05.000,12,output_10,1005.0
2025-01-02,300100,13:10:00.000,13,output_10,1013.0
2025-01-02,300100,13:20:00.000,14,output_10,1037.0
2025-01-02,300100,13:30:00.000,15,output_10,1055.0
2025-01-02,300100,13:40:00.000,16,output_10,977.0
2025-01-02,300100,13:50:00.000,17,output_10,940.0
2025-01-02,300100,14:00:00.000,18,output_10,959.0
2025-01-02,300100,14:10:00.000,19,output_10,878.0
2025-01-02,300100,14:20:00.000,20,output_10,793.0
2025-01-02,300100,14:30:00.000,21,output_10,806.0
2025-01-02,300100,14:40:00.000,22,output_10,653.0
2025-01-02,300100,14:50:00.000,23,output_10,672.0
2025-01-02,300100,14:56:00.000,24,output_10,684.0
2025-01-02,300100,14:57:05.000,25,output_10,668.0
2025-01-02,300100,15:05:00.000,26,output_10,726.0
2025-01-02,300214,09:31:00.000,0,output_10,80.0
2025-01-02,300214,09:40:00.000,1,output_10,109.0
2025-01-02,300214,09:50:00.000,2,output_10,136.0
2025-01-02,300214,10:00:00.000,3,output_10,99.0
2025-01-02,300214,10:10:00.000,4,output_10,115.0
2025-01-02,300214,10:20:00.000,5,output_10,117.0
2025-01-02,300214,10:30:00.000,6,output_10,125.0
2025-01-02,300214,10:40:00.000,7,output_10,122.0
2025-01-02,300214,10:50:00.000,8,output_10,140.0
2025-01-02,300214,11:00:00.000,9,output_10,136.0
2025-01-02,300214,11:10:00.000,10,output_10,191.0
2025-01-02,300214,11:20:00.000,11,output_10,212.0
2025-01-02,300214,11:30:05.000,12,output_10,210.0
2025-01-02,300214,13:10:00.000,13,output_10,178.0
2025-01-02,300214,13:20:00.000,14,output_10,165.0
2025-01-02,300214,13:30:00.000,15,output_10,181.0
2025-01-02,300214,13:40:00.000,16,output_10,182.0
2025-01-02,300214,13:50:00.000,17,output_10,184.0
2025-01-02,300214,14:00:00.000,18,output_10,192.0
2025-01-02,300214,14:10:00.000,19,output_10,171.0
2025-01-02,300214,14:20:00.000,20,output_10,164.0
2025-01-02,300214,14:30:00.000,21,output_10,159.0
2025-01-02,300214,14:40:00.000,22,output_10,152.0
2025-01-02,300214,14:50:00.000,23,output_10,162.0
2025-01-02,300214,14:56:00.000,24,output_10,145.0
2025-01-02,300214,14:57:05.000,25,output_10,132.0
2025-01-02,300214,15:05:00.000,26,output_10,169.0
2025-01-02,300779,09:31:00.000,0,output_10,72.0
2025-01-02,300779,09:40:00.000,1,output_10,107.0
2025-01-02,300779,09:50:00.000,2,output_10,150.0
2025-01-02,300779,10:00:00.000,3,output_10,218.0
2025-01-02,300779,10:10:00.000,4,output_10,215.0
2025-01-02,300779,10:20:00.000,5,output_10,251.0
2025-01-02,300779,10:30:00.000,6,output_10,254.0
2025-01-02,300779,10:40:00.000,7,output_10,246.0
2025-01-02,300779,10:50:00.000,8,output_10,256.0
2025-01-02,300779,11:00:00.000,9,output_10,219.0
2025-01-02,300779,11:10:00.000,10,output_10,224.0
2025-01-02,300779,11:20:00.000,11,output_10,245.0
2025-01-02,300779,11:30:05.000,12,output_10,248.0
2025-01-02,300779,13:10:00.000,13,output_10,251.0
2025-01-02,300779,13:20:00.000,14,output_10,214.0
2025-01-02,300779,13:30:00.000,15,output_10,246.0
2025-01-02,300779,13:40:00.000,16,output_10,248.0
2025-01-02,300779,13:50:00.000,17,output_10,250.0
2025-01-02,300779,14:00:00.000,18,output_10,170.0
2025-01-02,300779,14:10:00.000,19,output_10,168.0
2025-01-02,300779,14:20:00.000,20,output_10,179.0
2025-01-02,300779,14:30:00.000,21,output_10,180.0
2025-01-02,300779,14:40:00.000,22,output_10,191.0
2025-01-02,300779,14:50:00.000,23,output_10,191.0
2025-01-02,300779,14:56:00.000,24,output_10,176.0
2025-01-02,300779,14:57:05.000,25,output_10,178.0
2025-01-02,300779,15:05:00.000,26,output_10,173.0
2025-01-02,300816,09:31:00.000,0,output_10,41.0
2025-01-02,300816,09:40:00.000,1,output_10,77.0
2025-01-02,300816,09:50:00.000,2,output_10,93.0
2025-01-02,300816,10:00:00.000,3,output_10,101.0
2025-01-02,300816,10:10:00.000,4,output_10,115.0
2025-01-02,300816,10:20:00.000,5,output_10,101.0
2025-01-02,300816,10:30:00.000,6,output_10,97.0
2025-01-02,300816,10:40:00.000,7,output_10,108.0
2025-01-02,300816,10:50:00.000,8,output_10,104.0
2025-01-02,300816,11:00:00.000,9,output_10,105.0
2025-01-02,300816,11:10:00.000,10,output_10,101.0
2025-01-02,300816,11:20:00.000,11,output_10,88.0
2025-01-02,300816,11:30:05.000,12,output_10,77.0
2025-01-02,300816,13:10:00.000,13,output_10,88.0
2025-01-02,300816,13:20:00.000,14,output_10,63.0
2025-01-02,300816,13:30:00.000,15,output_10,82.0
2025-01-02,300816,13:40:00.000,16,output_10,83.0
2025-01-02,300816,13:50:00.000,17,output_10,59.0
2025-01-02,300816,14:00:00.000,18,output_10,72.0
2025-01-02,300816,14:10:00.000,19,output_10,59.0
2025-01-02,300816,14:20:00.000,20,output_10,69.0
2025-01-02,300816,14:30:00.000,21,output_10,80.0
2025-01-02,300816,14:40:00.000,22,output_10,56.0
2025-01-02,300816,14:50:00.000,23,output_10,56.0
2025-01-02,300816,14:56:00.000,24,output_10,46.0
2025-01-02,300816,14:57:05.000,25,output_10,53.0
2025-01-02,300816,15:05:00.000,26,output_10,62.0
2025-01-02,301157,09:31:00.000,0,output_10,187.0
2025-01-02,301157,09:40:00.000,1,output_10,133.0
2025-01-02,301157,09:50:00.000,2,output_10,176.0
2025-01-02,301157,10:00:00.000,3,output_10,200.0
2025-01-02,301157,10:10:00.000,4,output_10,210.0
2025-01-02,301157,10:20:00.000,5,output_10,242.0
2025-01-02,301157,10:30:00.000,6,output_10,228.0
2025-01-02,301157,10:40:00.000,7,output_10,268.0
2025-01-02,301157,10:50:00.000,8,output_10,265.0
2025-01-02,301157,11:00:00.000,9,output_10,266.0
2025-01-02,301157,11:10:00.000,10,output_10,264.0
2025-01-02,301157,11:20:00.000,11,output_10,278.0
2025-01-02,301157,11:30:05.000,12,output_10,273.0
2025-01-02,301157,13:10:00.000,13,output_10,252.0
2025-01-02,301157,13:20:00.000,14,output_10,282.0
2025-01-02,301157,13:30:00.000,15,output_10,263.0
2025-01-02,301157,13:40:00.000,16,output_10,255.0
2025-01-02,301157,13:50:00.000,17,output_10,210.0
2025-01-02,301157,14:00:00.000,18,output_10,239.0
2025-01-02,301157,14:10:00.000,19,output_10,216.0
2025-01-02,301157,14:20:00.000,20,output_10,224.0
2025-01-02,301157,14:30:00.000,21,output_10,221.0
2025-01-02,301157,14:40:00.000,22,output_10,194.0
2025-01-02,301157,14:50:00.000,23,output_10,172.0
2025-01-02,301157,14:56:00.000,24,output_10,178.0
2025-01-02,301157,14:57:05.000,25,output_10,185.0
2025-01-02,301157,15:05:00.000,26,output_10,251.0
2025-01-03,000548,09:31:00.000,0,output_10,127.0
2025-01-03,000548,09:40:00.000,1,output_10,187.0
2025-01-03,000548,09:50:00.000,2,output_10,191.0
2025-01-03,000548,10:00:00.000,3,output_10,247.0
2025-01-03,000548,10:10:00.000,4,output_10,252.0
2025-01-03,000548,10:20:00.000,5,output_10,310.0
2025-01-03,000548,10:30:00.000,6,output_10,347.0
2025-01-03,000548,10:40:00.000,7,output_10,312.0
2025-01-03,000548,10:50:00.000,8,output_10,336.0
2025-01-03,000548,11:00:00.000,9,output_10,335.0
2025-01-03,000548,11:10:00.000,10,output_10,357.0
2025-01-03,000548,11:20:00.000,11,output_10,356.0
2025-01-03,000548,11:30:05.000,12,output_10,312.0
2025-01-03,000548,13:10:00.000,13,output_10,321.0
2025-01-03,000548,13:20:00.000,14,output_10,337.0
2025-01-03,000548,13:30:00.000,15,output_10,355.0
2025-01-03,000548,13:40:00.000,16,output_10,345.0
2025-01-03,000548,13:50:00.000,17,output_10,271.0
2025-01-03,000548,14:00:00.000,18,output_10,214.0
2025-01-03,000548,14:10:00.000,19,output_10,246.0
2025-01-03,000548,14:20:00.000,20,output_10,210.0
2025-01-03,000548,14:30:00.000,21,output_10,257.0
2025-01-03,000548,14:40:00.000,22,output_10,221.0
2025-01-03,000548,14:50:00.000,23,output_10,152.0
2025-01-03,000548,14:56:00.000,24,output_10,241.0
2025-01-03,000548,14:57:05.000,25,output_10,132.0
2025-01-03,000548,15:05:00.000,26,output_10,150.0
2025-01-03,000677,09:31:00.000,0,output_10,132.0
2025-01-03,000677,09:40:00.000,1,output_10,224.0
2025-01-03,000677,09:50:00.000,2,output_10,174.0
2025-01-03,000677,10:00:00.000,3,output_10,282.0
2025-01-03,000677,10:10:00.000,4,output_10,290.0
2025-01-03,000677,10:20:00.000,5,output_10,352.0
2025-01-03,000677,10:30:00.000,6,output_10,364.0
2025-01-03,000677,10:40:00.000,7,output_10,363.0
2025-01-03,000677,10:50:00.000,8,output_10,373.0
2025-01-03,000677,11:00:00.000,9,output_10,369.0
2025-01-03,000677,11:10:00.000,10,output_10,417.0
2025-01-03,000677,11:20:00.000,11,output_10,428.0
2025-01-03,000677,11:30:05.000,12,output_10,341.0
2025-01-03,000677,13:10:00.000,13,output_10,472.0
2025-01-03,000677,13:20:00.000,14,output_10,387.0
2025-01-03,000677,13:30:00.000,15,output_10,384.0
2025-01-03,000677,13:40:00.000,16,output_10,384.0
2025-01-03,000677,13:50:00.000,17,output_10,318.0
2025-01-03,000677,14:00:00.000,18,output_10,268.0
2025-01-03,000677,14:10:00.000,19,output_10,242.0
2025-01-03,000677,14:20:00.000,20,output_10,228.0
2025-01-03,000677,14:30:00.000,21,output_10,251.0
2025-01-03,000677,14:40:00.000,22,output_10,243.0
2025-01-03,000677,14:50:00.000,23,output_10,258.0
2025-01-03,000677,14:56:00.000,24,output_10,327.0
2025-01-03,000677,14:57:05.000,25,output_10,232.0
2025-01-03,000677,15:05:00.000,26,output_10,253.0
2025-01-03,002079,09:31:00.000,0,output_10,358.0
2025-01-03,002079,09:40:00.000,1,output_10,353.0
2025-01-03,002079,09:50:00.000,2,output_10,409.0
2025-01-03,002079,10:00:00.000,3,output_10,576.0
2025-01-03,002079,10:10:00.000,4,output_10,655.0
2025-01-03,002079,10:20:00.000,5,output_10,742.0
2025-01-03,002079,10:30:00.000,6,output_10,875.0
2025-01-03,002079,10:40:00.000,7,output_10,826.0
2025-01-03,002079,10:50:00.000,8,output_10,873.0
2025-01-03,002079,11:00:00.000,9,output_10,865.0
2025-01-03,002079,11:10:00.000,10,output_10,905.0
2025-01-03,002079,11:20:00.000,11,output_10,914.0
2025-01-03,002079,11:30:05.000,12,output_10,789.0
2025-01-03,002079,13:10:00.000,13,output_10,861.0
2025-01-03,002079,13:20:00.000,14,output_10,842.0
2025-01-03,002079,13:30:00.000,15,output_10,861.0
2025-01-03,002079,13:40:00.000,16,output_10,582.0
2025-01-03,002079,13:50:00.000,17,output_10,570.0
2025-01-03,002079,14:00:00.000,18,output_10,515.0
2025-01-03,002079,14:10:00.000,19,output_10,542.0
2025-01-03,002079,14:20:00.000,20,output_10,394.0
2025-01-03,002079,14:30:00.000,21,output_10,457.0
2025-01-03,002079,14:40:00.000,22,output_10,491.0
2025-01-03,002079,14:50:00.000,23,output_10,489.0
2025-01-03,002079,14:56:00.000,24,output_10,477.0
2025-01-03,002079,14:57:05.000,25,output_10,419.0
2025-01-03,002079,15:05:00.000,26,output_10,528.0
2025-01-03,002177,09:31:00.000,0,output_10,207.0
2025-01-03,002177,09:40:00.000,1,output_10,463.0
2025-01-03,002177,09:50:00.000,2,output_10,408.0
2025-01-03,002177,10:00:00.000,3,output_10,667.0
2025-01-03,002177,10:10:00.000,4,output_10,686.0
2025-01-03,002177,10:20:00.000,5,output_10,841.0
2025-01-03,002177,10:30:00.000,6,output_10,978.0
2025-01-03,002177,10:40:00.000,7,output_10,943.0
2025-01-03,002177,10:50:00.000,8,output_10,1011.0
2025-01-03,002177,11:00:00.000,9,output_10,1044.0
2025-01-03,002177,11:10:00.000,10,output_10,1113.0
2025-01-03,002177,11:20:00.000,11,output_10,1133.0
2025-01-03,002177,11:30:05.000,12,output_10,1076.0
2025-01-03,002177,13:10:00.000,13,output_10,1052.0
2025-01-03,002177,13:20:00.000,14,output_10,962.0
2025-01-03,002177,13:30:00.000,15,output_10,965.0
2025-01-03,002177,13:40:00.000,16,output_10,953.0
2025-01-03,002177,13:50:00.000,17,output_10,855.0
2025-01-03,002177,14:00:00.000,18,output_10,709.0
2025-01-03,002177,14:10:00.000,19,output_10,794.0
2025-01-03,002177,14:20:00.000,20,output_10,802.0
2025-01-03,002177,14:30:00.000,21,output_10,831.0
2025-01-03,002177,14:40:00.000,22,output_10,760.0
2025-01-03,002177,14:50:00.000,23,output_10,580.0
2025-01-03,002177,14:56:00.000,24,output_10,636.0
2025-01-03,002177,14:57:05.000,25,output_10,512.0
2025-01-03,002177,15:05:00.000,26,output_10,628.0
2025-01-03,002311,09:31:00.000,0,output_10,83.0
2025-01-03,002311,09:40:00.000,1,output_10,96.0
2025-01-03,002311,09:50:00.000,2,output_10,119.0
2025-01-03,002311,10:00:00.000,3,output_10,131.0
2025-01-03,002311,10:10:00.000,4,output_10,128.0
2025-01-03,002311,10:20:00.000,5,output_10,152.0
2025-01-03,002311,10:30:00.000,6,output_10,146.0
2025-01-03,002311,10:40:00.000,7,output_10,154.0
2025-01-03,002311,10:50:00.000,8,output_10,184.0
2025-01-03,002311,11:00:00.000,9,output_10,155.0
2025-01-03,002311,11:10:00.000,10,output_10,179.0
2025-01-03,002311,11:20:00.000,11,output_10,167.0
2025-01-03,002311,11:30:05.000,12,output_10,148.0
2025-01-03,002311,13:10:00.000,13,output_10,180.0
2025-01-03,002311,13:20:00.000,14,output_10,173.0
2025-01-03,002311,13:30:00.000,15,output_10,173.0
2025-01-03,002311,13:40:00.000,16,output_10,189.0
2025-01-03,002311,13:50:00.000,17,output_10,182.0
2025-01-03,002311,14:00:00.000,18,output_10,169.0
2025-01-03,002311,14:10:00.000,19,output_10,150.0
2025-01-03,002311,14:20:00.000,20,output_10,100.0
2025-01-03,002311,14:30:00.000,21,output_10,100.0
2025-01-03,002311,14:40:00.000,22,output_10,109.0
2025-01-03,002311,14:50:00.000,23,output_10,97.0
2025-01-03,002311,14:56:00.000,24,output_10,74.0
2025-01-03,002311,14:57:05.000,25,output_10,71.0
2025-01-03,002311,15:05:00.000,26,output_10,82.0
2025-01-03,002876,09:31:00.000,0,output_10,105.0
2025-01-03,002876,09:40:00.000,1,output_10,143.0
2025-01-03,002876,09:50:00.000,2,output_10,145.0
2025-01-03,002876,10:00:00.000,3,output_10,203.0
2025-01-03,002876,10:10:00.000,4,output_10,214.0
2025-01-03,002876,10:20:00.000,5,output_10,216.0
2025-01-03,002876,10:30:00.000,6,output_10,219.0
2025-01-03,002876,10:40:00.000,7,output_10,226.0
2025-01-03,002876,10:50:00.000,8,output_10,229.0
2025-01-03,002876,11:00:00.000,9,output_10,240.0
2025-01-03,002876,11:10:00.000,10,output_10,238.0
2025-01-03,002876,11:20:00.000,11,output_10,247.0
2025-01-03,002876,11:30:05.000,12,output_10,218.0
2025-01-03,002876,13:10:00.000,13,output_10,206.0
2025-01-03,002876,13:20:00.000,14,output_10,200.0
2025-01-03,002876,13:30:00.000,15,output_10,202.0
2025-01-03,002876,13:40:00.000,16,output_10,178.0
2025-01-03,002876,13:50:00.000,17,output_10,166.0
2025-01-03,002876,14:00:00.000,18,output_10,140.0
2025-01-03,002876,14:10:00.000,19,output_10,140.0
2025-01-03,002876,14:20:00.000,20,output_10,133.0
2025-01-03,002876,14:30:00.000,21,output_10,122.0
2025-01-03,002876,14:40:00.000,22,output_10,148.0
2025-01-03,002876,14:50:00.000,23,output_10,125.0
2025-01-03,002876,14:56:00.000,24,output_10,64.0
2025-01-03,002876,14:57:05.000,25,output_10,71.0
2025-01-03,002876,15:05:00.000,26,output_10,104.0
2025-01-03,300967,09:31:00.000,0,output_10,40.0
2025-01-03,300967,09:40:00.000,1,output_10,95.0
2025-01-03,300967,09:50:00.000,2,output_10,91.0
2025-01-03,300967,10:00:00.000,3,output_10,107.0
2025-01-03,300967,10:10:00.000,4,output_10,109.0
2025-01-03,300967,10:20:00.000,5,output_10,123.0
2025-01-03,300967,10:30:00.000,6,output_10,130.0
2025-01-03,300967,10:40:00.000,7,output_10,116.0
2025-01-03,300967,10:50:00.000,8,output_10,135.0
2025-01-03,300967,11:00:00.000,9,output_10,139.0
2025-01-03,300967,11:10:00.000,10,output_10,140.0
2025-01-03,300967,11:20:00.000,11,output_10,151.0
2025-01-03,300967,11:30:05.000,12,output_10,112.0
2025-01-03,300967,13:10:00.000,13,output_10,127.0
2025-01-03,300967,13:20:00.000,14,output_10,134.0
2025-01-03,300967,13:30:00.000,15,output_10,123.0
2025-01-03,300967,13:40:00.000,16,output_10,116.0
2025-01-03,300967,13:50:00.000,17,output_10,110.0
2025-01-03,300967,14:00:00.000,18,output_10,93.0
2025-01-03,300967,14:10:00.000,19,output_10,89.0
2025-01-03,300967,14:20:00.000,20,output_10,121.0
2025-01-03,300967,14:30:00.000,21,output_10,81.0
2025-01-03,300967,14:40:00.000,22,output_10,83.0
2025-01-03,300967,14:50:00.000,23,output_10,73.0
2025-01-03,300967,14:56:00.000,24,output_10,55.0
2025-01-03,300967,14:57:05.000,25,output_10,51.0
2025-01-03,300967,15:05:00.000,26,output_10,58.0
2025-01-03,301035,09:31:00.000,0,output_10,30.0
2025-01-03,301035,09:40:00.000,1,output_10,56.0
2025-01-03,301035,09:50:00.000,2,output_10,48.0
2025-01-03,301035,10:00:00.000,3,output_10,47.0
2025-01-03,301035,10:10:00.000,4,output_10,42.0
2025-01-03,301035,10:20:00.000,5,output_10,41.0
2025-01-03,301035,10:30:00.000,6,output_10,54.0
2025-01-03,301035,10:40:00.000,7,output_10,50.0
2025-01-03,301035,10:50:00.000,8,output_10,44.0
2025-01-03,301035,11:00:00.000,9,output_10,37.0
2025-01-03,301035,11:10:00.000,10,output_10,38.0
2025-01-03,301035,11:20:00.000,11,output_10,39.0
2025-01-03,301035,11:30:05.000,12,output_10,32.0
2025-01-03,301035,13:10:00.000,13,output_10,52.0
2025-01-03,301035,13:20:00.000,14,output_10,34.0
2025-01-03,301035,13:30:00.000,15,output_10,38.0
2025-01-03,301035,13:40:00.000,16,output_10,39.0
2025-01-03,301035,13:50:00.000,17,output_10,46.0
2025-01-03,301035,14:00:00.000,18,output_10,29.0
2025-01-03,301035,14:10:00.000,19,output_10,33.0
2025-01-03,301035,14:20:00.000,20,output_10,32.0
2025-01-03,301035,14:30:00.000,21,output_10,38.0
2025-01-03,301035,14:40:00.000,22,output_10,36.0
2025-01-03,301035,14:50:00.000,23,output_10,32.0
2025-01-03,301035,14:56:00.000,24,output_10,44.0
2025-01-03,301035,14:57:05.000,25,output_10,37.0
2025-01-03,301035,15:05:00.000,26,output_10,38.0
2025-01-03,301049,09:31:00.000,0,output_10,42.0
2025-01-03,301049,09:40:00.000,1,output_10,54.0
2025-01-03,301049,09:50:00.000,2,output_10,63.0
2025-01-03,301049,10:00:00.000,3,output_10,84.0
2025-01-03,301049,10:10:00.000,4,output_10,53.0
2025-01-03,301049,10:20:00.000,5,output_10,71.0
2025-01-03,301049,10:30:00.000,6,output_10,129.0
2025-01-03,301049,10:40:00.000,7,output_10,70.0
2025-01-03,301049,10:50:00.000,8,output_10,87.0
2025-01-03,301049,11:00:00.000,9,output_10,71.0
2025-01-03,301049,11:10:00.000,10,output_10,76.0
2025-01-03,301049,11:20:00.000,11,output_10,77.0
2025-01-03,301049,11:30:05.000,12,output_10,71.0
2025-01-03,301049,13:10:00.000,13,output_10,73.0
2025-01-03,301049,13:20:00.000,14,output_10,76.0
2025-01-03,301049,13:30:00.000,15,output_10,77.0
2025-01-03,301049,13:40:00.000,16,output_10,75.0
2025-01-03,301049,13:50:00.000,17,output_10,70.0
2025-01-03,301049,14:00:00.000,18,output_10,72.0
2025-01-03,301049,14:10:00.000,19,output_10,65.0
2025-01-03,301049,14:20:00.000,20,output_10,63.0
2025-01-03,301049,14:30:00.000,21,output_10,68.0
2025-01-03,301049,14:40:00.000,22,output_10,73.0
2025-01-03,301049,14:50:00.000,23,output_10,57.0
2025-01-03,301049,14:56:00.000,24,output_10,47.0
2025-01-03,301049,14:57:05.000,25,output_10,59.0
2025-01-03,301049,15:05:00.000,26,output_10,69.0
2025-01-03,301393,09:31:00.000,0,output_10,53.0
2025-01-03,301393,09:40:00.000,1,output_10,70.0
2025-01-03,301393,09:50:00.000,2,output_10,82.0
2025-01-03,301393,10:00:00.000,3,output_10,94.0
2025-01-03,301393,10:10:00.000,4,output_10,76.0
2025-01-03,301393,10:20:00.000,5,output_10,89.0
2025-01-03,301393,10:30:00.000,6,output_10,111.0
2025-01-03,301393,10:40:00.000,7,output_10,98.0
2025-01-03,301393,10:50:00.000,8,output_10,114.0
2025-01-03,301393,11:00:00.000,9,output_10,107.0
2025-01-03,301393,11:10:00.000,10,output_10,107.0
2025-01-03,301393,11:20:00.000,11,output_10,121.0
2025-01-03,301393,11:30:05.000,12,output_10,94.0
2025-01-03,301393,13:10:00.000,13,output_10,93.0
2025-01-03,301393,13:20:00.000,14,output_10,79.0
2025-01-03,301393,13:30:00.000,15,output_10,85.0
2025-01-03,301393,13:40:00.000,16,output_10,82.0
2025-01-03,301393,13:50:00.000,17,output_10,83.0
2025-01-03,301393,14:00:00.000,18,output_10,68.0
2025-01-03,301393,14:10:00.000,19,output_10,74.0
2025-01-03,301393,14:20:00.000,20,output_10,72.0
2025-01-03,301393,14:30:00.000,21,output_10,71.0
2025-01-03,301393,14:40:00.000,22,output_10,70.0
2025-01-03,301393,14:50:00.000,23,output_10,59.0
2025-01-03,301393,14:56:00.000,24,output_10,53.0
2025-01-03,301393,14:57:05.000,25,output_10,55.0
2025-01-03,301393,15:05:00.000,26,output_10,61.0
2025-01-06,000848,09:31:00.000,0,output_10,131.0
2025-01-06,000848,09:40:00.000,1,output_10,282.0
2025-01-06,000848,09:50:00.000,2,output_10,294.0
2025-01-06,000848,10:00:00.000,3,output_10,302.0
2025-01-06,000848,10:10:00.000,4,output_10,322.0
2025-01-06,000848,10:20:00.000,5,output_10,332.0
2025-01-06,000848,10:30:00.000,6,output_10,336.0
2025-01-06,000848,10:40:00.000,7,output_10,346.0
2025-01-06,000848,10:50:00.000,8,output_10,377.0
2025-01-06,000848,11:00:00.000,9,output_10,342.0
2025-01-06,000848,11:10:00.000,10,output_10,338.0
2025-01-06,000848,11:20:00.000,11,output_10,336.0
2025-01-06,000848,11:30:05.000,12,output_10,348.0
2025-01-06,000848,13:10:00.000,13,output_10,382.0
2025-01-06,000848,13:20:00.000,14,output_10,467.0
2025-01-06,000848,13:30:00.000,15,output_10,363.0
2025-01-06,000848,13:40:00.000,16,output_10,407.0
2025-01-06,000848,13:50:00.000,17,output_10,378.0
2025-01-06,000848,14:00:00.000,18,output_10,387.0
2025-01-06,000848,14:10:00.000,19,output_10,389.0
2025-01-06,000848,14:20:00.000,20,output_10,427.0
2025-01-06,000848,14:30:00.000,21,output_10,338.0
2025-01-06,000848,14:40:00.000,22,output_10,351.0
2025-01-06,000848,14:50:00.000,23,output_10,347.0
2025-01-06,000848,14:56:00.000,24,output_10,293.0
2025-01-06,000848,14:57:05.000,25,output_10,283.0
2025-01-06,000848,15:05:00.000,26,output_10,293.0
2025-01-06,000949,09:31:00.000,0,output_10,411.0
2025-01-06,000949,09:40:00.000,1,output_10,508.0
2025-01-06,000949,09:50:00.000,2,output_10,685.0
2025-01-06,000949,10:00:00.000,3,output_10,729.0
2025-01-06,000949,10:10:00.000,4,output_10,828.0
2025-01-06,000949,10:20:00.000,5,output_10,853.0
2025-01-06,000949,10:30:00.000,6,output_10,895.0
2025-01-06,000949,10:40:00.000,7,output_10,853.0
2025-01-06,000949,10:50:00.000,8,output_10,768.0
2025-01-06,000949,11:00:00.000,9,output_10,865.0
2025-01-06,000949,11:10:00.000,10,output_10,967.0
2025-01-06,000949,11:20:00.000,11,output_10,592.0
2025-01-06,000949,11:30:05.000,12,output_10,666.0
2025-01-06,000949,13:10:00.000,13,output_10,819.0
2025-01-06,000949,13:20:00.000,14,output_10,850.0
2025-01-06,000949,13:30:00.000,15,output_10,888.0
2025-01-06,000949,13:40:00.000,16,output_10,911.0
2025-01-06,000949,13:50:00.000,17,output_10,949.0
2025-01-06,000949,14:00:00.000,18,output_10,977.0
2025-01-06,000949,14:10:00.000,19,output_10,999.0
2025-01-06,000949,14:20:00.000,20,output_10,987.0
2025-01-06,000949,14:30:00.000,21,output_10,1050.0
2025-01-06,000949,14:40:00.000,22,output_10,1041.0
2025-01-06,000949,14:50:00.000,23,output_10,1088.0
2025-01-06,000949,14:56:00.000,24,output_10,1008.0
2025-01-06,000949,14:57:05.000,25,output_10,978.0
2025-01-06,000949,15:05:00.000,26,output_10,992.0
2025-01-06,002307,09:31:00.000,0,output_10,168.0
2025-01-06,002307,09:40:00.000,1,output_10,386.0
2025-01-06,002307,09:50:00.000,2,output_10,527.0
2025-01-06,002307,10:00:00.000,3,output_10,554.0
2025-01-06,002307,10:10:00.000,4,output_10,643.0
2025-01-06,002307,10:20:00.000,5,output_10,711.0
2025-01-06,002307,10:30:00.000,6,output_10,754.0
2025-01-06,002307,10:40:00.000,7,output_10,744.0
2025-01-06,002307,10:50:00.000,8,output_10,709.0
2025-01-06,002307,11:00:00.000,9,output_10,733.0
2025-01-06,002307,11:10:00.000,10,output_10,779.0
2025-01-06,002307,11:20:00.000,11,output_10,725.0
2025-01-06,002307,11:30:05.000,12,output_10,720.0
2025-01-06,002307,13:10:00.000,13,output_10,776.0
2025-01-06,002307,13:20:00.000,14,output_10,732.0
2025-01-06,002307,13:30:00.000,15,output_10,693.0
2025-01-06,002307,13:40:00.000,16,output_10,664.0
2025-01-06,002307,13:50:00.000,17,output_10,710.0
2025-01-06,002307,14:00:00.000,18,output_10,720.0
2025-01-06,002307,14:10:00.000,19,output_10,736.0
2025-01-06,002307,14:20:00.000,20,output_10,721.0
2025-01-06,002307,14:30:00.000,21,output_10,735.0
2025-01-06,002307,14:40:00.000,22,output_10,676.0
2025-01-06,002307,14:50:00.000,23,output_10,720.0
2025-01-06,002307,14:56:00.000,24,output_10,706.0
2025-01-06,002307,14:57:05.000,25,output_10,690.0
2025-01-06,002307,15:05:00.000,26,output_10,697.0
2025-01-06,300284,09:31:00.000,0,output_10,199.0
2025-01-06,300284,09:40:00.000,1,output_10,238.0
2025-01-06,300284,09:50:00.000,2,output_10,333.0
2025-01-06,300284,10:00:00.000,3,output_10,353.0
2025-01-06,300284,10:10:00.000,4,output_10,372.0
2025-01-06,300284,10:20:00.000,5,output_10,390.0
2025-01-06,300284,10:30:00.000,6,output_10,408.0
2025-01-06,300284,10:40:00.000,7,output_10,391.0
2025-01-06,300284,10:50:00.000,8,output_10,414.0
2025-01-06,300284,11:00:00.000,9,output_10,445.0
2025-01-06,300284,11:10:00.000,10,output_10,442.0
2025-01-06,300284,11:20:00.000,11,output_10,455.0
2025-01-06,300284,11:30:05.000,12,output_10,496.0
2025-01-06,300284,13:10:00.000,13,output_10,495.0
2025-01-06,300284,13:20:00.000,14,output_10,503.0
2025-01-06,300284,13:30:00.000,15,output_10,484.0
2025-01-06,300284,13:40:00.000,16,output_10,402.0
2025-01-06,300284,13:50:00.000,17,output_10,444.0
2025-01-06,300284,14:00:00.000,18,output_10,443.0
2025-01-06,300284,14:10:00.000,19,output_10,439.0
2025-01-06,300284,14:20:00.000,20,output_10,461.0
2025-01-06,300284,14:30:00.000,21,output_10,531.0
2025-01-06,300284,14:40:00.000,22,output_10,394.0
2025-01-06,300284,14:50:00.000,23,output_10,443.0
2025-01-06,300284,14:56:00.000,24,output_10,355.0
2025-01-06,300284,14:57:05.000,25,output_10,319.0
2025-01-06,300284,15:05:00.000,26,output_10,358.0
2025-01-06,300329,09:31:00.000,0,output_10,42.0
2025-01-06,300329,09:40:00.000,1,output_10,105.0
2025-01-06,300329,09:50:00.000,2,output_10,112.0
2025-01-06,300329,10:00:00.000,3,output_10,134.0
2025-01-06,300329,10:10:00.000,4,output_10,143.0
2025-01-06,300329,10:20:00.000,5,output_10,142.0
2025-01-06,300329,10:30:00.000,6,output_10,145.0
2025-01-06,300329,10:40:00.000,7,output_10,137.0
2025-01-06,300329,10:50:00.000,8,output_10,143.0
2025-01-06,300329,11:00:00.000,9,output_10,137.0
2025-01-06,300329,11:10:00.000,10,output_10,129.0
2025-01-06,300329,11:20:00.000,11,output_10,129.0
2025-01-06,300329,11:30:05.000,12,output_10,139.0
2025-01-06,300329,13:10:00.000,13,output_10,140.0
2025-01-06,300329,13:20:00.000,14,output_10,135.0
2025-01-06,300329,13:30:00.000,15,output_10,129.0
2025-01-06,300329,13:40:00.000,16,output_10,136.0
2025-01-06,300329,13:50:00.000,17,output_10,138.0
2025-01-06,300329,14:00:00.000,18,output_10,131.0
2025-01-06,300329,14:10:00.000,19,output_10,134.0
2025-01-06,300329,14:20:00.000,20,output_10,126.0
2025-01-06,300329,14:30:00.000,21,output_10,138.0
2025-01-06,300329,14:40:00.000,22,output_10,148.0
2025-01-06,300329,14:50:00.000,23,output_10,176.0
2025-01-06,300329,14:56:00.000,24,output_10,119.0
2025-01-06,300329,14:57:05.000,25,output_10,103.0
2025-01-06,300329,15:05:00.000,26,output_10,99.0
2025-01-06,300584,09:31:00.000,0,output_10,94.0
2025-01-06,300584,09:40:00.000,1,output_10,130.0
2025-01-06,300584,09:50:00.000,2,output_10,160.0
2025-01-06,300584,10:00:00.000,3,output_10,175.0
2025-01-06,300584,10:10:00.000,4,output_10,192.0
2025-01-06,300584,10:20:00.000,5,output_10,197.0
2025-01-06,300584,10:30:00.000,6,output_10,197.0
2025-01-06,300584,10:40:00.000,7,output_10,196.0
2025-01-06,300584,10:50:00.000,8,output_10,206.0
2025-01-06,300584,11:00:00.000,9,output_10,220.0
2025-01-06,300584,11:10:00.000,10,output_10,226.0
2025-01-06,300584,11:20:00.000,11,output_10,218.0
2025-01-06,300584,11:30:05.000,12,output_10,214.0
2025-01-06,300584,13:10:00.000,13,output_10,226.0
2025-01-06,300584,13:20:00.000,14,output_10,215.0
2025-01-06,300584,13:30:00.000,15,output_10,220.0
2025-01-06,300584,13:40:00.000,16,output_10,209.0
2025-01-06,300584,13:50:00.000,17,output_10,167.0
2025-01-06,300584,14:00:00.000,18,output_10,183.0
2025-01-06,300584,14:10:00.000,19,output_10,204.0
2025-01-06,300584,14:20:00.000,20,output_10,201.0
2025-01-06,300584,14:30:00.000,21,output_10,209.0
2025-01-06,300584,14:40:00.000,22,output_10,208.0
2025-01-06,300584,14:50:00.000,23,output_10,236.0
2025-01-06,300584,14:56:00.000,24,output_10,206.0
2025-01-06,300584,14:57:05.000,25,output_10,222.0
2025-01-06,300584,15:05:00.000,26,output_10,247.0
2025-01-06,300947,09:31:00.000,0,output_10,142.0
2025-01-06,300947,09:40:00.000,1,output_10,176.0
2025-01-06,300947,09:50:00.000,2,output_10,214.0
2025-01-06,300947,10:00:00.000,3,output_10,223.0
2025-01-06,300947,10:10:00.000,4,output_10,271.0
2025-01-06,300947,10:20:00.000,5,output_10,296.0
2025-01-06,300947,10:30:00.000,6,output_10,273.0
2025-01-06,300947,10:40:00.000,7,output_10,280.0
2025-01-06,300947,10:50:00.000,8,output_10,260.0
2025-01-06,300947,11:00:00.000,9,output_10,299.0
2025-01-06,300947,11:10:00.000,10,output_10,299.0
2025-01-06,300947,11:20:00.000,11,output_10,276.0
2025-01-06,300947,11:30:05.000,12,output_10,270.0
2025-01-06,300947,13:10:00.000,13,output_10,297.0
2025-01-06,300947,13:20:00.000,14,output_10,245.0
2025-01-06,300947,13:30:00.000,15,output_10,245.0
2025-01-06,300947,13:40:00.000,16,output_10,235.0
2025-01-06,300947,13:50:00.000,17,output_10,258.0
2025-01-06,300947,14:00:00.000,18,output_10,277.0
2025-01-06,300947,14:10:00.000,19,output_10,272.0
2025-01-06,300947,14:20:00.000,20,output_10,275.0
2025-01-06,300947,14:30:00.000,21,output_10,296.0
2025-01-06,300947,14:40:00.000,22,output_10,270.0
2025-01-06,300947,14:50:00.000,23,output_10,270.0
2025-01-06,300947,14:56:00.000,24,output_10,272.0
2025-01-06,300947,14:57:05.000,25,output_10,298.0
2025-01-06,300947,15:05:00.000,26,output_10,389.0
2025-01-06,301005,09:31:00.000,0,output_10,61.0
2025-01-06,301005,09:40:00.000,1,output_10,123.0
2025-01-06,301005,09:50:00.000,2,output_10,160.0
2025-01-06,301005,10:00:00.000,3,output_10,147.0
2025-01-06,301005,10:10:00.000,4,output_10,158.0
2025-01-06,301005,10:20:00.000,5,output_10,151.0
2025-01-06,301005,10:30:00.000,6,output_10,164.0
2025-01-06,301005,10:40:00.000,7,output_10,153.0
2025-01-06,301005,10:50:00.000,8,output_10,152.0
2025-01-06,301005,11:00:00.000,9,output_10,152.0
2025-01-06,301005,11:10:00.000,10,output_10,147.0
2025-01-06,301005,11:20:00.000,11,output_10,126.0
2025-01-06,301005,11:30:05.000,12,output_10,139.0
2025-01-06,301005,13:10:00.000,13,output_10,146.0
2025-01-06,301005,13:20:00.000,14,output_10,140.0
2025-01-06,301005,13:30:00.000,15,output_10,148.0
2025-01-06,301005,13:40:00.000,16,output_10,155.0
2025-01-06,301005,13:50:00.000,17,output_10,159.0
2025-01-06,301005,14:00:00.000,18,output_10,163.0
2025-01-06,301005,14:10:00.000,19,output_10,169.0
2025-01-06,301005,14:20:00.000,20,output_10,158.0
2025-01-06,301005,14:30:00.000,21,output_10,154.0
2025-01-06,301005,14:40:00.000,22,output_10,158.0
2025-01-06,301005,14:50:00.000,23,output_10,155.0
2025-01-06,301005,14:56:00.000,24,output_10,143.0
2025-01-06,301005,14:57:05.000,25,output_10,142.0
2025-01-06,301005,15:05:00.000,26,output_10,158.0
2025-01-06,301552,09:31:00.000,0,output_10,108.0
2025-01-06,301552,09:40:00.000,1,output_10,156.0
2025-01-06,301552,09:50:00.000,2,output_10,187.0
2025-01-06,301552,10:00:00.000,3,output_10,188.0
2025-01-06,301552,10:10:00.000,4,output_10,194.0
2025-01-06,301552,10:20:00.000,5,output_10,192.0
2025-01-06,301552,10:30:00.000,6,output_10,211.0
2025-01-06,301552,10:40:00.000,7,output_10,186.0
2025-01-06,301552,10:50:00.000,8,output_10,201.0
2025-01-06,301552,11:00:00.000,9,output_10,204.0
2025-01-06,301552,11:10:00.000,10,output_10,199.0
2025-01-06,301552,11:20:00.000,11,output_10,180.0
2025-01-06,301552,11:30:05.000,12,output_10,190.0
2025-01-06,301552,13:10:00.000,13,output_10,205.0
2025-01-06,301552,13:20:00.000,14,output_10,176.0
2025-01-06,301552,13:30:00.000,15,output_10,180.0
2025-01-06,301552,13:40:00.000,16,output_10,163.0
2025-01-06,301552,13:50:00.000,17,output_10,183.0
2025-01-06,301552,14:00:00.000,18,output_10,199.0
2025-01-06,301552,14:10:00.000,19,output_10,191.0
2025-01-06,301552,14:20:00.000,20,output_10,180.0
2025-01-06,301552,14:30:00.000,21,output_10,194.0
2025-01-06,301552,14:40:00.000,22,output_10,167.0
2025-01-06,301552,14:50:00.000,23,output_10,163.0
2025-01-06,301552,14:56:00.000,24,output_10,157.0
2025-01-06,301552,14:57:05.000,25,output_10,150.0
2025-01-06,301552,15:05:00.000,26,output_10,153.0
2025-01-06,301578,09:31:00.000,0,output_10,47.0
2025-01-06,301578,09:40:00.000,1,output_10,106.0
2025-01-06,301578,09:50:00.000,2,output_10,116.0
2025-01-06,301578,10:00:00.000,3,output_10,123.0
2025-01-06,301578,10:10:00.000,4,output_10,141.0
2025-01-06,301578,10:20:00.000,5,output_10,139.0
2025-01-06,301578,10:30:00.000,6,output_10,152.0
2025-01-06,301578,10:40:00.000,7,output_10,152.0
2025-01-06,301578,10:50:00.000,8,output_10,137.0
2025-01-06,301578,11:00:00.000,9,output_10,144.0
2025-01-06,301578,11:10:00.000,10,output_10,145.0
2025-01-06,301578,11:20:00.000,11,output_10,127.0
2025-01-06,301578,11:30:05.000,12,output_10,131.0
2025-01-06,301578,13:10:00.000,13,output_10,135.0
2025-01-06,301578,13:20:00.000,14,output_10,119.0
2025-01-06,301578,13:30:00.000,15,output_10,110.0
2025-01-06,301578,13:40:00.000,16,output_10,110.0
2025-01-06,301578,13:50:00.000,17,output_10,114.0
2025-01-06,301578,14:00:00.000,18,output_10,117.0
2025-01-06,301578,14:10:00.000,19,output_10,121.0
2025-01-06,301578,14:20:00.000,20,output_10,115.0
2025-01-06,301578,14:30:00.000,21,output_10,125.0
2025-01-06,301578,14:40:00.000,22,output_10,121.0
2025-01-06,301578,14:50:00.000,23,output_10,129.0
2025-01-06,301578,14:56:00.000,24,output_10,109.0
2025-01-06,301578,14:57:05.000,25,output_10,113.0
2025-01-06,301578,15:05:00.000,26,output_10,119.0
2025-01-02,000690,09:31:00.000,0,output_11,10764.01875
2025-01-02,000690,09:40:00.000,1,output_11,10350.72286374134
2025-01-02,000690,09:50:00.000,2,output_11,13420.0625
2025-01-02,000690,10:00:00.000,3,output_11,12650.673684210526
2025-01-02,000690,10:10:00.000,4,output_11,14931.56
2025-01-02,000690,10:20:00.000,5,output_11,5906.392215568862
2025-01-02,000690,10:30:00.000,6,output_11,10228.89156626506
2025-01-02,000690,10:40:00.000,7,output_11,8452.698492462312
2025-01-02,000690,10:50:00.000,8,output_11,2145.0934579439254
2025-01-02,000690,11:00:00.000,9,output_11,14576.436170212766
2025-01-02,000690,11:10:00.000,10,output_11,1938.8360389610389
2025-01-02,000690,11:20:00.000,11,output_11,5716.560747663551
2025-01-02,000690,11:30:05.000,12,output_11,3237.940972222222
2025-01-02,000690,13:10:00.000,13,output_11,4160.022857142857
2025-01-02,000690,13:20:00.000,14,output_11,3562.8140845070425
2025-01-02,000690,13:30:00.000,15,output_11,4069.081300813008
2025-01-02,000690,13:40:00.000,16,output_11,6213.970711297071
2025-01-02,000690,13:50:00.000,17,output_11,6882.287735849057
2025-01-02,000690,14:00:00.000,18,output_11,7986.847222222223
2025-01-02,000690,14:10:00.000,19,output_11,8064.9009433962265
2025-01-02,000690,14:20:00.000,20,output_11,10373.60773480663
2025-01-02,000690,14:30:00.000,21,output_11,11054.8
2025-01-02,000690,14:40:00.000,22,output_11,3814.8058076225047
2025-01-02,000690,14:50:00.000,23,output_11,5737.457364341085
2025-01-02,000690,14:56:00.000,24,output_11,7875.608187134503
2025-01-02,000690,14:57:05.000,25,output_11,16749.933333333334
2025-01-02,000690,15:05:00.000,26,output_11,15176.0
2025-01-02,001389,09:31:00.000,0,output_11,6344.473154362416
2025-01-02,001389,09:40:00.000,1,output_11,9185.32427184466
2025-01-02,001389,09:50:00.000,2,output_11,9743.533149171271
2025-01-02,001389,10:00:00.000,3,output_11,9728.664206642066
2025-01-02,001389,10:10:00.000,4,output_11,10769.115879828327
2025-01-02,001389,10:20:00.000,5,output_11,11220.079545454546
2025-01-02,001389,10:30:00.000,6,output_11,8727.336633663366
2025-01-02,001389,10:40:00.000,7,output_11,10325.095808383234
2025-01-02,001389,10:50:00.000,8,output_11,8847.451219512195
2025-01-02,001389,11:00:00.000,9,output_11,4451.159874608151
2025-01-02,001389,11:10:00.000,10,output_11,4142.768456375839
2025-01-02,001389,11:20:00.000,11,output_11,3995.8385093167703
2025-01-02,001389,11:30:05.000,12,output_11,7242.6766917293235
2025-01-02,001389,13:10:00.000,13,output_11,8194.065217391304
2025-01-02,001389,13:20:00.000,14,output_11,13303.485148514852
2025-01-02,001389,13:30:00.000,15,output_11,13163.177419354839
2025-01-02,001389,13:40:00.000,16,output_11,5618.715789473684
2025-01-02,001389,13:50:00.000,17,output_11,4141.324175824176
2025-01-02,001389,14:00:00.000,18,output_11,5279.960960960961
2025-01-02,001389,14:10:00.000,19,output_11,4797.0
2025-01-02,001389,14:20:00.000,20,output_11,6830.014084507042
2025-01-02,001389,14:30:00.000,21,output_11,9459.25
2025-01-02,001389,14:40:00.000,22,output_11,6460.312320916905
2025-01-02,001389,14:50:00.000,23,output_11,8462.996336996337
2025-01-02,001389,14:56:00.000,24,output_11,8322.733333333334
2025-01-02,001389,14:57:05.000,25,output_11,5456.982758620689
2025-01-02,001389,15:05:00.000,26,output_11,15065.272727272728
2025-01-02,002782,09:31:00.000,0,output_11,6777.57337883959
2025-01-02,002782,09:40:00.000,1,output_11,6748.815934065934
2025-01-02,002782,09:50:00.000,2,output_11,9968.257452574526
2025-01-02,002782,10:00:00.000,3,output_11,6088.837528604119
2025-01-02,002782,10:10:00.000,4,output_11,11581.12037037037
2025-01-02,002782,10:20:00.000,5,output_11,8852.462745098039
2025-01-02,002782,10:30:00.000,6,output_11,11816.4375
2025-01-02,002782,10:40:00.000,7,output_11,8662.796116504855
2025-01-02,002782,10:50:00.000,8,output_11,9047.207100591717
2025-01-02,002782,11:00:00.000,9,output_11,5354.621428571429
2025-01-02,002782,11:10:00.000,10,output_11,14188.666666666666
2025-01-02,002782,11:20:00.000,11,output_11,11562.230088495575
2025-01-02,002782,11:30:05.000,12,output_11,7621.895161290323
2025-01-02,002782,13:10:00.000,13,output_11,10112.97972972973
2025-01-02,002782,13:20:00.000,14,output_11,9206.388888888889
2025-01-02,002782,13:30:00.000,15,output_11,10074.832298136645
2025-01-02,002782,13:40:00.000,16,output_11,6107.02371541502
2025-01-02,002782,13:50:00.000,17,output_11,7189.488479262673
2025-01-02,002782,14:00:00.000,18,output_11,13695.48905109489
2025-01-02,002782,14:10:00.000,19,output_11,8861.957746478873
2025-01-02,002782,14:20:00.000,20,output_11,9686.743961352657
2025-01-02,002782,14:30:00.000,21,output_11,4132.7807017543855
2025-01-02,002782,14:40:00.000,22,output_11,5782.694789081886
2025-01-02,002782,14:50:00.000,23,output_11,8170.315436241611
2025-01-02,002782,14:56:00.000,24,output_11,13748.574074074075
2025-01-02,002782,14:57:05.000,25,output_11,9240.558823529413
2025-01-02,002782,15:05:00.000,26,output_11,61942.333333333336
2025-01-02,002852,09:31:00.000,0,output_11,16321.358490566037
2025-01-02,002852,09:40:00.000,1,output_11,10019.047619047618
2025-01-02,002852,09:50:00.000,2,output_11,16639.015228426397
2025-01-02,002852,10:00:00.000,3,output_11,12687.615789473684
2025-01-02,002852,10:10:00.000,4,output_11,5392.95652173913
2025-01-02,002852,10:20:00.000,5,output_11,9138.774647887323
2025-01-02,002852,10:30:00.000,6,output_11,14484.57264957265
2025-01-02,002852,10:40:00.000,7,output_11,5960.031358885018
2025-01-02,002852,10:50:00.000,8,output_11,5035.049822064057
2025-01-02,002852,11:00:00.000,9,output_11,6526.891089108911
2025-01-02,002852,11:10:00.000,10,output_11,8655.125
2025-01-02,002852,11:20:00.000,11,output_11,8613.885135135135
2025-01-02,002852,11:30:05.000,12,output_11,7242.5317460317465
2025-01-02,002852,13:10:00.000,13,output_11,10083.993055555555
2025-01-02,002852,13:20:00.000,14,output_11,3989.91167192429
2025-01-02,002852,13:30:00.000,15,output_11,7114.419811320755
2025-01-02,002852,13:40:00.000,16,output_11,6493.969696969697
2025-01-02,002852,13:50:00.000,17,output_11,6278.931192660551
2025-01-02,002852,14:00:00.000,18,output_11,5686.2006269592475
2025-01-02,002852,14:10:00.000,19,output_11,5136.483483483484
2025-01-02,002852,14:20:00.000,20,output_11,4928.102150537635
2025-01-02,002852,14:30:00.000,21,output_11,7000.109311740891
2025-01-02,002852,14:40:00.000,22,output_11,4613.934782608696
2025-01-02,002852,14:50:00.000,23,output_11,5226.335697399527
2025-01-02,002852,14:56:00.000,24,output_11,5420.65306122449
2025-01-02,002852,14:57:05.000,25,output_11,14258.473684210527
2025-01-02,002852,15:05:00.000,26,output_11,29921.4
2025-01-02,300046,09:31:00.000,0,output_11,4557.328042328042
2025-01-02,300046,09:40:00.000,1,output_11,2005.635267857143
2025-01-02,300046,09:50:00.000,2,output_11,2864.3039215686276
2025-01-02,300046,10:00:00.000,3,output_11,2692.3148558758317
2025-01-02,300046,10:10:00.000,4,output_11,2879.77545691906
2025-01-02,300046,10:20:00.000,5,output_11,5667.317142857143
2025-01-02,300046,10:30:00.000,6,output_11,4286.37064676617
2025-01-02,300046,10:40:00.000,7,output_11,3539.093220338983
2025-01-02,300046,10:50:00.000,8,output_11,3707.8359375
2025-01-02,300046,11:00:00.000,9,output_11,3683.620786516854
2025-01-02,300046,11:10:00.000,10,output_11,4102.910034602076
2025-01-02,300046,11:20:00.000,11,output_11,3217.062015503876
2025-01-02,300046,11:30:05.000,12,output_11,3927.573275862069
2025-01-02,300046,13:10:00.000,13,output_11,2680.4238532110094
2025-01-02,300046,13:20:00.000,14,output_11,2218.538732394366
2025-01-02,300046,13:30:00.000,15,output_11,2029.1807228915663
2025-01-02,300046,13:40:00.000,16,output_11,2627.478108581436
2025-01-02,300046,13:50:00.000,17,output_11,3978.9416666666666
2025-01-02,300046,14:00:00.000,18,output_11,3667.9856262833678
2025-01-02,300046,14:10:00.000,19,output_11,3096.657355679702
2025-01-02,300046,14:20:00.000,20,output_11,2660.753561253561
2025-01-02,300046,14:30:00.000,21,output_11,3738.0021881838074
2025-01-02,300046,14:40:00.000,22,output_11,3361.18759936407
2025-01-02,300046,14:50:00.000,23,output_11,3141.6590584878745
2025-01-02,300046,14:56:00.000,24,output_11,2919.877419354839
2025-01-02,300046,14:57:05.000,25,output_11,2056.5227272727275
2025-01-02,300046,15:05:00.000,26,output_11,9504.133333333333
2025-01-02,300100,09:31:00.000,0,output_11,5208.196721311476
2025-01-02,300100,09:40:00.000,1,output_11,4017.836866359447
2025-01-02,300100,09:50:00.000,2,output_11,3851.4325637910083
2025-01-02,300100,10:00:00.000,3,output_11,2113.41529105126
2025-01-02,300100,10:10:00.000,4,output_11,2831.8929503916447
2025-01-02,300100,10:20:00.000,5,output_11,1438.251770259638
2025-01-02,300100,10:30:00.000,6,output_11,2235.3379923761117
2025-01-02,300100,10:40:00.000,7,output_11,1074.6823607427057
2025-01-02,300100,10:50:00.000,8,output_11,965.1501457725948
2025-01-02,300100,11:00:00.000,9,output_11,609.1712598425197
2025-01-02,300100,11:10:00.000,10,output_11,1029.0816143497757
2025-01-02,300100,11:20:00.000,11,output_11,1626.2929155313352
2025-01-02,300100,11:30:05.000,12,output_11,2151.520190023753
2025-01-02,300100,13:10:00.000,13,output_11,2534.6593806921674
2025-01-02,300100,13:20:00.000,14,output_11,2923.1893203883496
2025-01-02,300100,13:30:00.000,15,output_11,3502.869879518072
2025-01-02,300100,13:40:00.000,16,output_11,1751.777920410783
2025-01-02,300100,13:50:00.000,17,output_11,4951.3948339483395
2025-01-02,300100,14:00:00.000,18,output_11,3598.861171366594
2025-01-02,300100,14:10:00.000,19,output_11,3403.186440677966
2025-01-02,300100,14:20:00.000,20,output_11,2928.9630818619585
2025-01-02,300100,14:30:00.000,21,output_11,3281.2553606237816
2025-01-02,300100,14:40:00.000,22,output_11,3446.3050847457625
2025-01-02,300100,14:50:00.000,23,output_11,2676.915211970075
2025-01-02,300100,14:56:00.000,24,output_11,2294.5519591141397
2025-01-02,300100,14:57:05.000,25,output_11,3965.1971830985917
2025-01-02,300100,15:05:00.000,26,output_11,27953.8
2025-01-02,300214,09:31:00.000,0,output_11,21948.24096385542
2025-01-02,300214,09:40:00.000,1,output_11,19188.908
2025-01-02,300214,09:50:00.000,2,output_11,13831.667984189724
2025-01-02,300214,10:00:00.000,3,output_11,12097.114155251142
2025-01-02,300214,10:10:00.000,4,output_11,19977.024
2025-01-02,300214,10:20:00.000,5,output_11,12874.46794871795
2025-01-02,300214,10:30:00.000,6,output_11,13721.15873015873
2025-01-02,300214,10:40:00.000,7,output_11,11637.834437086092
2025-01-02,300214,10:50:00.000,8,output_11,13662.699029126214
2025-01-02,300214,11:00:00.000,9,output_11,15749.945652173914
2025-01-02,300214,11:10:00.000,10,output_11,1375.687707641196
2025-01-02,300214,11:20:00.000,11,output_11,2709.2344398340247
2025-01-02,300214,11:30:05.000,12,output_11,1945.0262626262627
2025-01-02,300214,13:10:00.000,13,output_11,2921.1631067961166
2025-01-02,300214,13:20:00.000,14,output_11,4337.814696485623
2025-01-02,300214,13:30:00.000,15,output_11,7362.415525114156
2025-01-02,300214,13:40:00.000,16,output_11,4021.4893617021276
2025-01-02,300214,13:50:00.000,17,output_11,5873.918819188192
2025-01-02,300214,14:00:00.000,18,output_11,7563.0847457627115
2025-01-02,300214,14:10:00.000,19,output_11,5929.732203389831
2025-01-02,300214,14:20:00.000,20,output_11,8971.826291079813
2025-01-02,300214,14:30:00.000,21,output_11,12483.364864864865
2025-01-02,300214,14:40:00.000,22,output_11,10775.048076923076
2025-01-02,300214,14:50:00.000,23,output_11,7761.892976588629
2025-01-02,300214,14:56:00.000,24,output_11,8512.522471910112
2025-01-02,300214,14:57:05.000,25,output_11,5276.910714285715
2025-01-02,300214,15:05:00.000,26,output_11,57893.333333333336
2025-01-02,300779,09:31:00.000,0,output_11,21110.407894736843
2025-01-02,300779,09:40:00.000,1,output_11,9311.572961373391
2025-01-02,300779,09:50:00.000,2,output_11,8262.727034120735
2025-01-02,300779,10:00:00.000,3,output_11,12768.124352331606
2025-01-02,300779,10:10:00.000,4,output_11,5589.02842377261
2025-01-02,300779,10:20:00.000,5,output_11,7539.643442622951
2025-01-02,300779,10:30:00.000,6,output_11,11265.290322580646
2025-01-02,300779,10:40:00.000,7,output_11,11542.457142857143
2025-01-02,300779,10:50:00.000,8,output_11,15855.25
2025-01-02,300779,11:00:00.000,9,output_11,15965.160493827161
2025-01-02,300779,11:10:00.000,10,output_11,9034.626984126984
2025-01-02,300779,11:20:00.000,11,output_11,15498.116883116883
2025-01-02,300779,11:30:05.000,12,output_11,14144.969230769231
2025-01-02,300779,13:10:00.000,13,output_11,11899.112068965518
2025-01-02,300779,13:20:00.000,14,output_11,7852.361842105263
2025-01-02,300779,13:30:00.000,15,output_11,26206.28846153846
2025-01-02,300779,13:40:00.000,16,output_11,23337.885245901638
2025-01-02,300779,13:50:00.000,17,output_11,22211.06779661017
2025-01-02,300779,14:00:00.000,18,output_11,11999.45390070922
2025-01-02,300779,14:10:00.000,19,output_11,16128.801980198019
2025-01-02,300779,14:20:00.000,20,output_11,27211.402985074626
2025-01-02,300779,14:30:00.000,21,output_11,10454.323170731708
2025-01-02,300779,14:40:00.000,22,output_11,6658.111842105263
2025-01-02,300779,14:50:00.000,23,output_11,18750.13913043478
2025-01-02,300779,14:56:00.000,24,output_11,13626.489795918367
2025-01-02,300779,14:57:05.000,25,output_11,22807.454545454544
2025-01-02,300779,15:05:00.000,26,output_11,30214.0
2025-01-02,300816,09:31:00.000,0,output_11,7312.159817351599
2025-01-02,300816,09:40:00.000,1,output_11,11524.257978723404
2025-01-02,300816,09:50:00.000,2,output_11,24409.232558139534
2025-01-02,300816,10:00:00.000,3,output_11,8987.670588235294
2025-01-02,300816,10:10:00.000,4,output_11,19073.860655737706
2025-01-02,300816,10:20:00.000,5,output_11,14262.527131782947
2025-01-02,300816,10:30:00.000,6,output_11,13596.527559055117
2025-01-02,300816,10:40:00.000,7,output_11,23699.67142857143
2025-01-02,300816,10:50:00.000,8,output_11,17061.571428571428
2025-01-02,300816,11:00:00.000,9,output_11,24922.34
2025-01-02,300816,11:10:00.000,10,output_11,18638.816666666666
2025-01-02,300816,11:20:00.000,11,output_11,11921.450980392157
2025-01-02,300816,11:30:05.000,12,output_11,17104.98113207547
2025-01-02,300816,13:10:00.000,13,output_11,15726.85393258427
2025-01-02,300816,13:20:00.000,14,output_11,9230.084615384616
2025-01-02,300816,13:30:00.000,15,output_11,14438.02
2025-01-02,300816,13:40:00.000,16,output_11,14493.677777777777
2025-01-02,300816,13:50:00.000,17,output_11,24304.563636363637
2025-01-02,300816,14:00:00.000,18,output_11,17454.40425531915
2025-01-02,300816,14:10:00.000,19,output_11,18874.944444444445
2025-01-02,300816,14:20:00.000,20,output_11,16532.357798165136
2025-01-02,300816,14:30:00.000,21,output_11,19761.13253012048
2025-01-02,300816,14:40:00.000,22,output_11,16374.141732283464
2025-01-02,300816,14:50:00.000,23,output_11,15653.615942028986
2025-01-02,300816,14:56:00.000,24,output_11,17584.25974025974
2025-01-02,300816,14:57:05.000,25,output_11,10331.72
2025-01-02,300816,15:05:00.000,26,output_11,18594.444444444445
2025-01-02,301157,09:31:00.000,0,output_11,16037.650943396226
2025-01-02,301157,09:40:00.000,1,output_11,12317.32970027248
2025-01-02,301157,09:50:00.000,2,output_11,17181.36559139785
2025-01-02,301157,10:00:00.000,3,output_11,16155.092715231787
2025-01-02,301157,10:10:00.000,4,output_11,24032.728260869564
2025-01-02,301157,10:20:00.000,5,output_11,11234.818181818182
2025-01-02,301157,10:30:00.000,6,output_11,14758.547008547008
2025-01-02,301157,10:40:00.000,7,output_11,18479.296703296703
2025-01-02,301157,10:50:00.000,8,output_11,22424.645161290322
2025-01-02,301157,11:00:00.000,9,output_11,21270.16129032258
2025-01-02,301157,11:10:00.000,10,output_11,5176.560344827586
2025-01-02,301157,11:20:00.000,11,output_11,4507.6618181818185
2025-01-02,301157,11:30:05.000,12,output_11,10011.358695652174
2025-01-02,301157,13:10:00.000,13,output_11,10194.594405594406
2025-01-02,301157,13:20:00.000,14,output_11,17141.178082191782
2025-01-02,301157,13:30:00.000,15,output_11,12801.57627118644
2025-01-02,301157,13:40:00.000,16,output_11,19647.766233766233
2025-01-02,301157,13:50:00.000,17,output_11,18653.844155844155
2025-01-02,301157,14:00:00.000,18,output_11,23073.333333333332
2025-01-02,301157,14:10:00.000,19,output_11,21900.410256410258
2025-01-02,301157,14:20:00.000,20,output_11,27141.260869565216
2025-01-02,301157,14:30:00.000,21,output_11,22556.24
2025-01-02,301157,14:40:00.000,22,output_11,19013.144144144146
2025-01-02,301157,14:50:00.000,23,output_11,15151.544827586207
2025-01-02,301157,14:56:00.000,24,output_11,14863.282608695652
2025-01-02,301157,14:57:05.000,25,output_11,5953.541666666667
2025-01-02,301157,15:05:00.000,26,output_11,14363.3
2025-01-03,000548,09:31:00.000,0,output_11,13057.552631578947
2025-01-03,000548,09:40:00.000,1,output_11,4579.5736
2025-01-03,000548,09:50:00.000,2,output_11,6503.9642276422765
2025-01-03,000548,10:00:00.000,3,output_11,8375.44575471698
2025-01-03,000548,10:10:00.000,4,output_11,6827.188976377953
2025-01-03,000548,10:20:00.000,5,output_11,8531.108108108108
2025-01-03,000548,10:30:00.000,6,output_11,12761.904458598727
2025-01-03,000548,10:40:00.000,7,output_11,6992.036
2025-01-03,000548,10:50:00.000,8,output_11,9498.699115044248
2025-01-03,000548,11:00:00.000,9,output_11,22651.522727272728
2025-01-03,000548,11:10:00.000,10,output_11,8648.276422764227
2025-01-03,000548,11:20:00.000,11,output_11,3461.223107569721
2025-01-03,000548,11:30:05.000,12,output_11,5647.764705882353
2025-01-03,000548,13:10:00.000,13,output_11,4650.105084745763
2025-01-03,000548,13:20:00.000,14,output_11,4767.056818181818
2025-01-03,000548,13:30:00.000,15,output_11,15146.804347826086
2025-01-03,000548,13:40:00.000,16,output_11,6327.5625
2025-01-03,000548,13:50:00.000,17,output_11,7800.673333333333
2025-01-03,000548,14:00:00.000,18,output_11,9359.939560439561
2025-01-03,000548,14:10:00.000,19,output_11,6136.278169014085
2025-01-03,000548,14:20:00.000,20,output_11,5878.571428571428
2025-01-03,000548,14:30:00.000,21,output_11,10133.142045454546
2025-01-03,000548,14:40:00.000,22,output_11,5337.619760479042
2025-01-03,000548,14:50:00.000,23,output_11,5396.3899204244035
2025-01-03,000548,14:56:00.000,24,output_11,8973.277777777777
2025-01-03,000548,14:57:05.000,25,output_11,11804.045454545454
2025-01-03,000548,15:05:00.000,26,output_11,9108.727272727272
2025-01-03,000677,09:31:00.000,0,output_11,15309.42857142857
2025-01-03,000677,09:40:00.000,1,output_11,6016.904559915164
2025-01-03,000677,09:50:00.000,2,output_11,5552.939310344827
2025-01-03,000677,10:00:00.000,3,output_11,9768.107648725212
2025-01-03,000677,10:10:00.000,4,output_11,4122.162866449511
2025-01-03,000677,10:20:00.000,5,output_11,8990.033980582524
2025-01-03,000677,10:30:00.000,6,output_11,30939.06349206349
2025-01-03,000677,10:40:00.000,7,output_11,5819.5472972972975
2025-01-03,000677,10:50:00.000,8,output_11,24414.520833333332
2025-01-03,000677,11:00:00.000,9,output_11,9946.946236559139
2025-01-03,000677,11:10:00.000,10,output_11,6654.88961038961
2025-01-03,000677,11:20:00.000,11,output_11,12167.809523809523
2025-01-03,000677,11:30:05.000,12,output_11,2371.8236658932715
2025-01-03,000677,13:10:00.000,13,output_11,5700.551094890511
2025-01-03,000677,13:20:00.000,14,output_11,3772.9505494505493
2025-01-03,000677,13:30:00.000,15,output_11,8677.931972789116
2025-01-03,000677,13:40:00.000,16,output_11,3651.9464788732394
2025-01-03,000677,13:50:00.000,17,output_11,2495.4666666666667
2025-01-03,000677,14:00:00.000,18,output_11,5593.973333333333
2025-01-03,000677,14:10:00.000,19,output_11,3192.5614678899083
2025-01-03,000677,14:20:00.000,20,output_11,5073.225714285714
2025-01-03,000677,14:30:00.000,21,output_11,4331.067331670823
2025-01-03,000677,14:40:00.000,22,output_11,4324.564044943821
2025-01-03,000677,14:50:00.000,23,output_11,6158.213414634146
2025-01-03,000677,14:56:00.000,24,output_11,4741.418604651163
2025-01-03,000677,14:57:05.000,25,output_11,11955.035714285714
2025-01-03,000677,15:05:00.000,26,output_11,14894.0
2025-01-03,002079,09:31:00.000,0,output_11,12744.468531468532
2025-01-03,002079,09:40:00.000,1,output_11,4711.543209876543
2025-01-03,002079,09:50:00.000,2,output_11,6320.7456
2025-01-03,002079,10:00:00.000,3,output_11,7822.92654028436
2025-01-03,002079,10:10:00.000,4,output_11,10863.35807860262
2025-01-03,002079,10:20:00.000,5,output_11,12178.875
2025-01-03,002079,10:30:00.000,6,output_11,7238.223021582734
2025-01-03,002079,10:40:00.000,7,output_11,6178.128113879004
2025-01-03,002079,10:50:00.000,8,output_11,14231.277108433735
2025-01-03,002079,11:00:00.000,9,output_11,11002.852272727272
2025-01-03,002079,11:10:00.000,10,output_11,8894.906779661016
2025-01-03,002079,11:20:00.000,11,output_11,7576.90243902439
2025-01-03,002079,11:30:05.000,12,output_11,5537.843575418994
2025-01-03,002079,13:10:00.000,13,output_11,8127.03867403315
2025-01-03,002079,13:20:00.000,14,output_11,7202.196629213483
2025-01-03,002079,13:30:00.000,15,output_11,7206.658227848101
2025-01-03,002079,13:40:00.000,16,output_11,5952.962962962963
2025-01-03,002079,13:50:00.000,17,output_11,5721.015
2025-01-03,002079,14:00:00.000,18,output_11,3674.079069767442
2025-01-03,002079,14:10:00.000,19,output_11,4631.197101449276
2025-01-03,002079,14:20:00.000,20,output_11,4770.413597733711
2025-01-03,002079,14:30:00.000,21,output_11,5418.636363636364
2025-01-03,002079,14:40:00.000,22,output_11,3924.612288135593
2025-01-03,002079,14:50:00.000,23,output_11,3863.9897959183672
2025-01-03,002079,14:56:00.000,24,output_11,7500.935960591133
2025-01-03,002079,14:57:05.000,25,output_11,19578.466666666667
2025-01-03,002079,15:05:00.000,26,output_11,19677.88888888889
2025-01-03,002177,09:31:00.000,0,output_11,10659.7807486631
2025-01-03,002177,09:40:00.000,1,output_11,3343.0754827384435
2025-01-03,002177,09:50:00.000,2,output_11,3159.9567269866247
2025-01-03,002177,10:00:00.000,3,output_11,3104.1506968641115
2025-01-03,002177,10:10:00.000,4,output_11,3054.1611374407585
2025-01-03,002177,10:20:00.000,5,output_11,2409.6012658227846
2025-01-03,002177,10:30:00.000,6,output_11,2792.673582295989
2025-01-03,002177,10:40:00.000,7,output_11,3725.6385281385283
2025-01-03,002177,10:50:00.000,8,output_11,5762.029702970297
2025-01-03,002177,11:00:00.000,9,output_11,8429.618181818181
2025-01-03,002177,11:10:00.000,10,output_11,4975.598958333333
2025-01-03,002177,11:20:00.000,11,output_11,6149.587878787879
2025-01-03,002177,11:30:05.000,12,output_11,2486.1846522781775
2025-01-03,002177,13:10:00.000,13,output_11,4791.190476190476
2025-01-03,002177,13:20:00.000,14,output_11,2541.8776699029127
2025-01-03,002177,13:30:00.000,15,output_11,2823.002380952381
2025-01-03,002177,13:40:00.000,16,output_11,2276.934456928839
2025-01-03,002177,13:50:00.000,17,output_11,2886.310776942356
2025-01-03,002177,14:00:00.000,18,output_11,2936.3777777777777
2025-01-03,002177,14:10:00.000,19,output_11,4293.940594059406
2025-01-03,002177,14:20:00.000,20,output_11,4411.604316546763
2025-01-03,002177,14:30:00.000,21,output_11,3152.145132743363
2025-01-03,002177,14:40:00.000,22,output_11,3071.8530805687205
2025-01-03,002177,14:50:00.000,23,output_11,3049.699842022117
2025-01-03,002177,14:56:00.000,24,output_11,3606.9372093023258
2025-01-03,002177,14:57:05.000,25,output_11,3384.6043956043954
2025-01-03,002177,15:05:00.000,26,output_11,10137.0
2025-01-03,002311,09:31:00.000,0,output_11,8167.84375
2025-01-03,002311,09:40:00.000,1,output_11,9477.69557522124
2025-01-03,002311,09:50:00.000,2,output_11,7684.49115913556
2025-01-03,002311,10:00:00.000,3,output_11,7438.210762331839
2025-01-03,002311,10:10:00.000,4,output_11,7046.849002849003
2025-01-03,002311,10:20:00.000,5,output_11,5883.109034267913
2025-01-03,002311,10:30:00.000,6,output_11,7326.477777777778
2025-01-03,002311,10:40:00.000,7,output_11,5733.683006535948
2025-01-03,002311,10:50:00.000,8,output_11,4305.5309090909095
2025-01-03,002311,11:00:00.000,9,output_11,3978.8713692946058
2025-01-03,002311,11:10:00.000,10,output_11,5360.5
2025-01-03,002311,11:20:00.000,11,output_11,2923.1423948220063
2025-01-03,002311,11:30:05.000,12,output_11,3099.5665634674924
2025-01-03,002311,13:10:00.000,13,output_11,3459.815789473684
2025-01-03,002311,13:20:00.000,14,output_11,2503.480769230769
2025-01-03,002311,13:30:00.000,15,output_11,3793.8233333333333
2025-01-03,002311,13:40:00.000,16,output_11,4065.8512658227846
2025-01-03,002311,13:50:00.000,17,output_11,2830.1175
2025-01-03,002311,14:00:00.000,18,output_11,4375.116343490305
2025-01-03,002311,14:10:00.000,19,output_11,3466.590618336887
2025-01-03,002311,14:20:00.000,20,output_11,3248.780718336484
2025-01-03,002311,14:30:00.000,21,output_11,3474.3153526970955
2025-01-03,002311,14:40:00.000,22,output_11,4329.981220657277
2025-01-03,002311,14:50:00.000,23,output_11,4230.67191011236
2025-01-03,002311,14:56:00.000,24,output_11,7811.608040201005
2025-01-03,002311,14:57:05.000,25,output_11,11921.521739130434
2025-01-03,002311,15:05:00.000,26,output_11,25593.85714285714
2025-01-03,002876,09:31:00.000,0,output_11,23015.172839506173
2025-01-03,002876,09:40:00.000,1,output_11,5786.923238696109
2025-01-03,002876,09:50:00.000,2,output_11,7511.127541589649
2025-01-03,002876,10:00:00.000,3,output_11,8610.317135549873
2025-01-03,002876,10:10:00.000,4,output_11,13774.505434782608
2025-01-03,002876,10:20:00.000,5,output_11,11996.54193548387
2025-01-03,002876,10:30:00.000,6,output_11,13068.570422535211
2025-01-03,002876,10:40:00.000,7,output_11,10514.76129032258
2025-01-03,002876,10:50:00.000,8,output_11,11434.45
2025-01-03,002876,11:00:00.000,9,output_11,5785.8
2025-01-03,002876,11:10:00.000,10,output_11,8722.395161290322
2025-01-03,002876,11:20:00.000,11,output_11,8392.504504504504
2025-01-03,002876,11:30:05.000,12,output_11,7461.760563380281
2025-01-03,002876,13:10:00.000,13,output_11,7261.161904761905
2025-01-03,002876,13:20:00.000,14,output_11,9953.678832116788
2025-01-03,002876,13:30:00.000,15,output_11,12411.387755102041
2025-01-03,002876,13:40:00.000,16,output_11,5139.469635627531
2025-01-03,002876,13:50:00.000,17,output_11,7210.959064327485
2025-01-03,002876,14:00:00.000,18,output_11,7067.9958847736625
2025-01-03,002876,14:10:00.000,19,output_11,11313.6125
2025-01-03,002876,14:20:00.000,20,output_11,7064.738805970149
2025-01-03,002876,14:30:00.000,21,output_11,7654.923404255319
2025-01-03,002876,14:40:00.000,22,output_11,7830.810483870968
2025-01-03,002876,14:50:00.000,23,output_11,4226.591208791208
2025-01-03,002876,14:56:00.000,24,output_11,5264.046204620462
2025-01-03,002876,14:57:05.000,25,output_11,10978.481481481482
2025-01-03,002876,15:05:00.000,26,output_11,10118.0
2025-01-03,300967,09:31:00.000,0,output_11,18952.75257731959
2025-01-03,300967,09:40:00.000,1,output_11,9144.180194805194
2025-01-03,300967,09:50:00.000,2,output_11,15955.132530120482
2025-01-03,300967,10:00:00.000,3,output_11,18831.374331550804
2025-01-03,300967,10:10:00.000,4,output_11,11171.325991189427
2025-01-03,300967,10:20:00.000,5,output_11,20320.652173913044
2025-01-03,300967,10:30:00.000,6,output_11,32569.98305084746
2025-01-03,300967,10:40:00.000,7,output_11,14203.07438016529
2025-01-03,300967,10:50:00.000,8,output_11,20128.881355932204
2025-01-03,300967,11:00:00.000,9,output_11,26224.416666666668
2025-01-03,300967,11:10:00.000,10,output_11,21504.117647058825
2025-01-03,300967,11:20:00.000,11,output_11,20043.782608695652
2025-01-03,300967,11:30:05.000,12,output_11,8218.870229007634
2025-01-03,300967,13:10:00.000,13,output_11,8578.324022346369
2025-01-03,300967,13:20:00.000,14,output_11,20835.090909090908
2025-01-03,300967,13:30:00.000,15,output_11,19628.015625
2025-01-03,300967,13:40:00.000,16,output_11,10479.560975609756
2025-01-03,300967,13:50:00.000,17,output_11,13802.793103448275
2025-01-03,300967,14:00:00.000,18,output_11,18448.462365591397
2025-01-03,300967,14:10:00.000,19,output_11,16570.51485148515
2025-01-03,300967,14:20:00.000,20,output_11,17252.69230769231
2025-01-03,300967,14:30:00.000,21,output_11,12163.620689655172
2025-01-03,300967,14:40:00.000,22,output_11,10358.561497326204
2025-01-03,300967,14:50:00.000,23,output_11,7578.268939393939
2025-01-03,300967,14:56:00.000,24,output_11,13390.15
2025-01-03,300967,14:57:05.000,25,output_11,8418.8
2025-01-03,300967,15:05:00.000,26,output_11,74666.0
2025-01-03,301035,09:31:00.000,0,output_11,15853.107142857143
2025-01-03,301035,09:40:00.000,1,output_11,22361.858921161827
2025-01-03,301035,09:50:00.000,2,output_11,23950.20731707317
2025-01-03,301035,10:00:00.000,3,output_11,16513.52261306533
2025-01-03,301035,10:10:00.000,4,output_11,19739.929133858266
2025-01-03,301035,10:20:00.000,5,output_11,28391.698412698413
2025-01-03,301035,10:30:00.000,6,output_11,33150.269841269845
2025-01-03,301035,10:40:00.000,7,output_11,24586.098591549297
2025-01-03,301035,10:50:00.000,8,output_11,25952.577777777777
2025-01-03,301035,11:00:00.000,9,output_11,36663.769230769234
2025-01-03,301035,11:10:00.000,10,output_11,52449.19047619047
2025-01-03,301035,11:20:00.000,11,output_11,18358.979591836734
2025-01-03,301035,11:30:05.000,12,output_11,9529.134020618556
2025-01-03,301035,13:10:00.000,13,output_11,31450.224489795917
2025-01-03,301035,13:20:00.000,14,output_11,16521.805194805194
2025-01-03,301035,13:30:00.000,15,output_11,14269.337662337663
2025-01-03,301035,13:40:00.000,16,output_11,27551.27659574468
2025-01-03,301035,13:50:00.000,17,output_11,21323.490566037737
2025-01-03,301035,14:00:00.000,18,output_11,13075.224
2025-01-03,301035,14:10:00.000,19,output_11,13988.387931034482
2025-01-03,301035,14:20:00.000,20,output_11,10407.91156462585
2025-01-03,301035,14:30:00.000,21,output_11,14059.204545454546
2025-01-03,301035,14:40:00.000,22,output_11,16609.747747747748
2025-01-03,301035,14:50:00.000,23,output_11,6899.6407407407405
2025-01-03,301035,14:56:00.000,24,output_11,8091.786458333333
2025-01-03,301035,14:57:05.000,25,output_11,11842.5
2025-01-03,301035,15:05:00.000,26,output_11,39636.2
2025-01-03,301049,09:31:00.000,0,output_11,59196.05882352941
2025-01-03,301049,09:40:00.000,1,output_11,22050.84496124031
2025-01-03,301049,09:50:00.000,2,output_11,46525.44705882353
2025-01-03,301049,10:00:00.000,3,output_11,39985.10227272727
2025-01-03,301049,10:10:00.000,4,output_11,18983.272727272728
2025-01-03,301049,10:20:00.000,5,output_11,34232.43636363636
2025-01-03,301049,10:30:00.000,6,output_11,8159.548387096775
2025-01-03,301049,10:40:00.000,7,output_11,10177.27922077922
2025-01-03,301049,10:50:00.000,8,output_11,18501.061538461538
2025-01-03,301049,11:00:00.000,9,output_11,29679.81818181818
2025-01-03,301049,11:10:00.000,10,output_11,21146.72
2025-01-03,301049,11:20:00.000,11,output_11,19561.65306122449
2025-01-03,301049,11:30:05.000,12,output_11,15556.60606060606
2025-01-03,301049,13:10:00.000,13,output_11,14956.122448979591
2025-01-03,301049,13:20:00.000,14,output_11,26789.56
2025-01-03,301049,13:30:00.000,15,output_11,20862.39285714286
2025-01-03,301049,13:40:00.000,16,output_11,13221.760869565218
2025-01-03,301049,13:50:00.000,17,output_11,31665.394736842107
2025-01-03,301049,14:00:00.000,18,output_11,32631.245283018867
2025-01-03,301049,14:10:00.000,19,output_11,16896.49
2025-01-03,301049,14:20:00.000,20,output_11,31135.0
2025-01-03,301049,14:30:00.000,21,output_11,17363.13888888889
2025-01-03,301049,14:40:00.000,22,output_11,36689.56862745098
2025-01-03,301049,14:50:00.000,23,output_11,21389.947368421053
2025-01-03,301049,14:56:00.000,24,output_11,19429.653846153848
2025-01-03,301049,14:57:05.000,25,output_11,37713.444444444445
2025-01-03,301049,15:05:00.000,26,output_11,77577.0
2025-01-03,301393,09:31:00.000,0,output_11,53192.32352941176
2025-01-03,301393,09:40:00.000,1,output_11,30382.323863636364
2025-01-03,301393,09:50:00.000,2,output_11,24824.27564102564
2025-01-03,301393,10:00:00.000,3,output_11,28617.756756756757
2025-01-03,301393,10:10:00.000,4,output_11,26160.650485436894
2025-01-03,301393,10:20:00.000,5,output_11,40919.34090909091
2025-01-03,301393,10:30:00.000,6,output_11,128398.625
2025-01-03,301393,10:40:00.000,7,output_11,45809.94736842105
2025-01-03,301393,10:50:00.000,8,output_11,53046.57142857143
2025-01-03,301393,11:00:00.000,9,output_11,30847.333333333332
2025-01-03,301393,11:10:00.000,10,output_11,53984.4
2025-01-03,301393,11:20:00.000,11,output_11,38236.0
2025-01-03,301393,11:30:05.000,12,output_11,13483.871428571429
2025-01-03,301393,13:10:00.000,13,output_11,16994.75641025641
2025-01-03,301393,13:20:00.000,14,output_11,21052.85714285714
2025-01-03,301393,13:30:00.000,15,output_11,32971.566666666666
2025-01-03,301393,13:40:00.000,16,output_11,81330.3125
2025-01-03,301393,13:50:00.000,17,output_11,22919.8
2025-01-03,301393,14:00:00.000,18,output_11,17663.0
2025-01-03,301393,14:10:00.000,19,output_11,31134.617021276597
2025-01-03,301393,14:20:00.000,20,output_11,19564.0
2025-01-03,301393,14:30:00.000,21,output_11,46044.25
2025-01-03,301393,14:40:00.000,22,output_11,39333.52173913043
2025-01-03,301393,14:50:00.000,23,output_11,19790.23157894737
2025-01-03,301393,14:56:00.000,24,output_11,42137.51351351351
2025-01-03,301393,14:57:05.000,25,output_11,49389.333333333336
2025-01-03,301393,15:05:00.000,26,output_11,31508.166666666668
2025-01-06,000848,09:31:00.000,0,output_11,4165.16
2025-01-06,000848,09:40:00.000,1,output_11,7931.196629213483
2025-01-06,000848,09:50:00.000,2,output_11,6296.9715242881075
2025-01-06,000848,10:00:00.000,3,output_11,5659.57734204793
2025-01-06,000848,10:10:00.000,4,output_11,7401.473214285715
2025-01-06,000848,10:20:00.000,5,output_11,5770.5698630136985
2025-01-06,000848,10:30:00.000,6,output_11,4805.9625
2025-01-06,000848,10:40:00.000,7,output_11,2972.320833333333
2025-01-06,000848,10:50:00.000,8,output_11,7963.721212121212
2025-01-06,000848,11:00:00.000,9,output_11,6832.586826347306
2025-01-06,000848,11:10:00.000,10,output_11,6340.7588235294115
2025-01-06,000848,11:20:00.000,11,output_11,2713.635616438356
2025-01-06,000848,11:30:05.000,12,output_11,6932.854651162791
2025-01-06,000848,13:10:00.000,13,output_11,4172.670769230769
2025-01-06,000848,13:20:00.000,14,output_11,4919.688073394495
2025-01-06,000848,13:30:00.000,15,output_11,4269.315789473684
2025-01-06,000848,13:40:00.000,16,output_11,4738.795454545455
2025-01-06,000848,13:50:00.000,17,output_11,4471.650190114068
2025-01-06,000848,14:00:00.000,18,output_11,5199.392045454545
2025-01-06,000848,14:10:00.000,19,output_11,4543.946808510638
2025-01-06,000848,14:20:00.000,20,output_11,3314.325842696629
2025-01-06,000848,14:30:00.000,21,output_11,3603.861952861953
2025-01-06,000848,14:40:00.000,22,output_11,3195.6787878787877
2025-01-06,000848,14:50:00.000,23,output_11,4645.33426183844
2025-01-06,000848,14:56:00.000,24,output_11,2529.6437768240344
2025-01-06,000848,14:57:05.000,25,output_11,6846.657142857143
2025-01-06,000848,15:05:00.000,26,output_11,7112.368421052632
2025-01-06,000949,09:31:00.000,0,output_11,10478.646153846154
2025-01-06,000949,09:40:00.000,1,output_11,6719.885913853318
2025-01-06,000949,09:50:00.000,2,output_11,6555.093577981651
2025-01-06,000949,10:00:00.000,3,output_11,4729.213503649635
2025-01-06,000949,10:10:00.000,4,output_11,10409.451327433628
2025-01-06,000949,10:20:00.000,5,output_11,7844.262295081967
2025-01-06,000949,10:30:00.000,6,output_11,8012.764705882353
2025-01-06,000949,10:40:00.000,7,output_11,7342.535885167464
2025-01-06,000949,10:50:00.000,8,output_11,3914.174157303371
2025-01-06,000949,11:00:00.000,9,output_11,5306.819004524887
2025-01-06,000949,11:10:00.000,10,output_11,5056.735849056604
2025-01-06,000949,11:20:00.000,11,output_11,1790.8971332209105
2025-01-06,000949,11:30:05.000,12,output_11,2778.5506493506496
2025-01-06,000949,13:10:00.000,13,output_11,3663.094986807388
2025-01-06,000949,13:20:00.000,14,output_11,3460.5352564102564
2025-01-06,000949,13:30:00.000,15,output_11,3075.655737704918
2025-01-06,000949,13:40:00.000,16,output_11,1966.7674074074075
2025-01-06,000949,13:50:00.000,17,output_11,4237.906810035843
2025-01-06,000949,14:00:00.000,18,output_11,6167.3489932885905
2025-01-06,000949,14:10:00.000,19,output_11,8765.657718120805
2025-01-06,000949,14:20:00.000,20,output_11,5519.175757575757
2025-01-06,000949,14:30:00.000,21,output_11,15283.04411764706
2025-01-06,000949,14:40:00.000,22,output_11,4430.5854341736695
2025-01-06,000949,14:50:00.000,23,output_11,9404.668571428572
2025-01-06,000949,14:56:00.000,24,output_11,6725.426229508197
2025-01-06,000949,14:57:05.000,25,output_11,3522.234375
2025-01-06,000949,15:05:00.000,26,output_11,45396.666666666664
2025-01-06,002307,09:31:00.000,0,output_11,11590.567415730337
2025-01-06,002307,09:40:00.000,1,output_11,10486.285211267606
2025-01-06,002307,09:50:00.000,2,output_11,19025.361256544504
2025-01-06,002307,10:00:00.000,3,output_11,15706.035714285714
2025-01-06,002307,10:10:00.000,4,output_11,32549.0875
2025-01-06,002307,10:20:00.000,5,output_11,31582.430555555555
2025-01-06,002307,10:30:00.000,6,output_11,25779.03448275862
2025-01-06,002307,10:40:00.000,7,output_11,35948.475
2025-01-06,002307,10:50:00.000,8,output_11,18701.333333333332
2025-01-06,002307,11:00:00.000,9,output_11,45415.692307692305
2025-01-06,002307,11:10:00.000,10,output_11,80586.76923076923
2025-01-06,002307,11:20:00.000,11,output_11,28363.0
2025-01-06,002307,11:30:05.000,12,output_11,13716.893333333333
2025-01-06,002307,13:10:00.000,13,output_11,105486.35714285714
2025-01-06,002307,13:20:00.000,14,output_11,15798.957746478873
2025-01-06,002307,13:30:00.000,15,output_11,12413.24
2025-01-06,002307,13:40:00.000,16,output_11,31302.04651162791
2025-01-06,002307,13:50:00.000,17,output_11,36781.757575757576
2025-01-06,002307,14:00:00.000,18,output_11,23220.714285714286
2025-01-06,002307,14:10:00.000,19,output_11,42876.48387096774
2025-01-06,002307,14:20:00.000,20,output_11,32276.333333333332
2025-01-06,002307,14:30:00.000,21,output_11,29058.17142857143
2025-01-06,002307,14:40:00.000,22,output_11,10637.838028169013
2025-01-06,002307,14:50:00.000,23,output_11,36783.583333333336
2025-01-06,002307,14:56:00.000,24,output_11,18392.727272727272
2025-01-06,002307,14:57:05.000,25,output_11,10669.181818181818
2025-01-06,002307,15:05:00.000,26,output_11,36635.5
2025-01-06,300284,09:31:00.000,0,output_11,10170.0
2025-01-06,300284,09:40:00.000,1,output_11,5462.6200378071835
2025-01-06,300284,09:50:00.000,2,output_11,9131.1608040201
2025-01-06,300284,10:00:00.000,3,output_11,9282.307692307691
2025-01-06,300284,10:10:00.000,4,output_11,8895.75451263538
2025-01-06,300284,10:20:00.000,5,output_11,8172.482014388489
2025-01-06,300284,10:30:00.000,6,output_11,9092.3
2025-01-06,300284,10:40:00.000,7,output_11,7494.228571428572
2025-01-06,300284,10:50:00.000,8,output_11,8353.716049382716
2025-01-06,300284,11:00:00.000,9,output_11,9863.731092436974
2025-01-06,300284,11:10:00.000,10,output_11,7300.0
2025-01-06,300284,11:20:00.000,11,output_11,10421.029702970298
2025-01-06,300284,11:30:05.000,12,output_11,6454.473053892216
2025-01-06,300284,13:10:00.000,13,output_11,7810.931818181818
2025-01-06,300284,13:20:00.000,14,output_11,7154.705882352941
2025-01-06,300284,13:30:00.000,15,output_11,7974.892857142857
2025-01-06,300284,13:40:00.000,16,output_11,7428.072222222222
2025-01-06,300284,13:50:00.000,17,output_11,9753.702479338843
2025-01-06,300284,14:00:00.000,18,output_11,7425.622047244095
2025-01-06,300284,14:10:00.000,19,output_11,6338.185365853658
2025-01-06,300284,14:20:00.000,20,output_11,7873.239316239316
2025-01-06,300284,14:30:00.000,21,output_11,6540.174193548387
2025-01-06,300284,14:40:00.000,22,output_11,4399.952247191011
2025-01-06,300284,14:50:00.000,23,output_11,7785.143518518518
2025-01-06,300284,14:56:00.000,24,output_11,5917.225490196079
2025-01-06,300284,14:57:05.000,25,output_11,4892.617021276596
2025-01-06,300284,15:05:00.000,26,output_11,21150.0
2025-01-06,300329,09:31:00.000,0,output_11,7934.905882352941
2025-01-06,300329,09:40:00.000,1,output_11,13298.43953488372
2025-01-06,300329,09:50:00.000,2,output_11,8618.403712296984
2025-01-06,300329,10:00:00.000,3,output_11,10177.63453815261
2025-01-06,300329,10:10:00.000,4,output_11,13412.108695652174
2025-01-06,300329,10:20:00.000,5,output_11,14202.798742138364
2025-01-06,300329,10:30:00.000,6,output_11,13389.754098360656
2025-01-06,300329,10:40:00.000,7,output_11,8346.904761904761
2025-01-06,300329,10:50:00.000,8,output_11,7093.1325301204815
2025-01-06,300329,11:00:00.000,9,output_11,13655.795918367347
2025-01-06,300329,11:10:00.000,10,output_11,11293.827956989247
2025-01-06,300329,11:20:00.000,11,output_11,13259.22891566265
2025-01-06,300329,11:30:05.000,12,output_11,9433.756756756757
2025-01-06,300329,13:10:00.000,13,output_11,12801.41
2025-01-06,300329,13:20:00.000,14,output_11,9613.891666666666
2025-01-06,300329,13:30:00.000,15,output_11,10181.611111111111
2025-01-06,300329,13:40:00.000,16,output_11,13969.009900990099
2025-01-06,300329,13:50:00.000,17,output_11,9605.902912621359
2025-01-06,300329,14:00:00.000,18,output_11,12457.318181818182
2025-01-06,300329,14:10:00.000,19,output_11,11383.771186440677
2025-01-06,300329,14:20:00.000,20,output_11,9227.173913043478
2025-01-06,300329,14:30:00.000,21,output_11,12630.528735632184
2025-01-06,300329,14:40:00.000,22,output_11,12785.44347826087
2025-01-06,300329,14:50:00.000,23,output_11,12965.530769230769
2025-01-06,300329,14:56:00.000,24,output_11,15707.938271604939
2025-01-06,300329,14:57:05.000,25,output_11,5187.333333333333
2025-01-06,300329,15:05:00.000,26,output_11,46478.666666666664
2025-01-06,300584,09:31:00.000,0,output_11,21848.612903225807
2025-01-06,300584,09:40:00.000,1,output_11,6625.204571428571
2025-01-06,300584,09:50:00.000,2,output_11,8593.732227488152
2025-01-06,300584,10:00:00.000,3,output_11,7489.0353982300885
2025-01-06,300584,10:10:00.000,4,output_11,12990.813829787234
2025-01-06,300584,10:20:00.000,5,output_11,12937.634285714286
2025-01-06,300584,10:30:00.000,6,output_11,13855.905982905982
2025-01-06,300584,10:40:00.000,7,output_11,10548.86
2025-01-06,300584,10:50:00.000,8,output_11,18556.426666666666
2025-01-06,300584,11:00:00.000,9,output_11,10868.801886792453
2025-01-06,300584,11:10:00.000,10,output_11,12744.64705882353
2025-01-06,300584,11:20:00.000,11,output_11,10586.23
2025-01-06,300584,11:30:05.000,12,output_11,13061.432098765432
2025-01-06,300584,13:10:00.000,13,output_11,14932.782608695652
2025-01-06,300584,13:20:00.000,14,output_11,10285.37962962963
2025-01-06,300584,13:30:00.000,15,output_11,20121.703703703704
2025-01-06,300584,13:40:00.000,16,output_11,9956.608695652174
2025-01-06,300584,13:50:00.000,17,output_11,13254.438202247191
2025-01-06,300584,14:00:00.000,18,output_11,8820.980952380953
2025-01-06,300584,14:10:00.000,19,output_11,16740.5
2025-01-06,300584,14:20:00.000,20,output_11,14221.888888888889
2025-01-06,300584,14:30:00.000,21,output_11,9022.206896551725
2025-01-06,300584,14:40:00.000,22,output_11,15389.871287128713
2025-01-06,300584,14:50:00.000,23,output_11,13114.923076923076
2025-01-06,300584,14:56:00.000,24,output_11,9141.715384615385
2025-01-06,300584,14:57:05.000,25,output_11,9050.153846153846
2025-01-06,300584,15:05:00.000,26,output_11,33202.0
2025-01-06,300947,09:31:00.000,0,output_11,6815.132450331126
2025-01-06,300947,09:40:00.000,1,output_11,6447.702058504876
2025-01-06,300947,09:50:00.000,2,output_11,4734.5696517412935
2025-01-06,300947,10:00:00.000,3,output_11,7715.534328358209
2025-01-06,300947,10:10:00.000,4,output_11,6486.224747474747
2025-01-06,300947,10:20:00.000,5,output_11,7265.750819672131
2025-01-06,300947,10:30:00.000,6,output_11,5492.416666666667
2025-01-06,300947,10:40:00.000,7,output_11,6287.4051724137935
2025-01-06,300947,10:50:00.000,8,output_11,8204.948571428571
2025-01-06,300947,11:00:00.000,9,output_11,9596.98319327731
2025-01-06,300947,11:10:00.000,10,output_11,1953.0528233151183
2025-01-06,300947,11:20:00.000,11,output_11,2503.319512195122
2025-01-06,300947,11:30:05.000,12,output_11,7987.174825174825
2025-01-06,300947,13:10:00.000,13,output_11,9725.668965517241
2025-01-06,300947,13:20:00.000,14,output_11,4041.2757352941176
2025-01-06,300947,13:30:00.000,15,output_11,11655.796116504855
2025-01-06,300947,13:40:00.000,16,output_11,11912.345132743363
2025-01-06,300947,13:50:00.000,17,output_11,8841.957746478873
2025-01-06,300947,14:00:00.000,18,output_11,4407.424107142857
2025-01-06,300947,14:10:00.000,19,output_11,4462.081081081081
2025-01-06,300947,14:20:00.000,20,output_11,4444.106280193237
2025-01-06,300947,14:30:00.000,21,output_11,7746.992753623188
2025-01-06,300947,14:40:00.000,22,output_11,5510.732394366197
2025-01-06,300947,14:50:00.000,23,output_11,4050.5942028985505
2025-01-06,300947,14:56:00.000,24,output_11,2484.75
2025-01-06,300947,14:57:05.000,25,output_11,1231.3010204081634
2025-01-06,300947,15:05:00.000,26,output_11,7765.222222222223
2025-01-06,301005,09:31:00.000,0,output_11,31766.14285714286
2025-01-06,301005,09:40:00.000,1,output_11,22423.350746268658
2025-01-06,301005,09:50:00.000,2,output_11,34890.88785046729
2025-01-06,301005,10:00:00.000,3,output_11,31361.833333333332
2025-01-06,301005,10:10:00.000,4,output_11,37602.835820895525
2025-01-06,301005,10:20:00.000,5,output_11,20017.48245614035
2025-01-06,301005,10:30:00.000,6,output_11,25071.620689655174
2025-01-06,301005,10:40:00.000,7,output_11,18253.540229885057
2025-01-06,301005,10:50:00.000,8,output_11,39470.45714285714
2025-01-06,301005,11:00:00.000,9,output_11,29253.4358974359
2025-01-06,301005,11:10:00.000,10,output_11,24590.347826086956
2025-01-06,301005,11:20:00.000,11,output_11,10888.82142857143
2025-01-06,301005,11:30:05.000,12,output_11,26710.044444444444
2025-01-06,301005,13:10:00.000,13,output_11,34790.92682926829
2025-01-06,301005,13:20:00.000,14,output_11,25662.204545454544
2025-01-06,301005,13:30:00.000,15,output_11,26412.739130434784
2025-01-06,301005,13:40:00.000,16,output_11,24512.236363636363
2025-01-06,301005,13:50:00.000,17,output_11,39601.12903225807
2025-01-06,301005,14:00:00.000,18,output_11,46350.380952380954
2025-01-06,301005,14:10:00.000,19,output_11,33531.8
2025-01-06,301005,14:20:00.000,20,output_11,22354.35714285714
2025-01-06,301005,14:30:00.000,21,output_11,35042.166666666664
2025-01-06,301005,14:40:00.000,22,output_11,23783.43076923077
2025-01-06,301005,14:50:00.000,23,output_11,49657.64705882353
2025-01-06,301005,14:56:00.000,24,output_11,28061.093023255813
2025-01-06,301005,14:57:05.000,25,output_11,41502.8
2025-01-06,301005,15:05:00.000,26,output_11,48327.75
2025-01-06,301552,09:31:00.000,0,output_11,31831.333333333332
2025-01-06,301552,09:40:00.000,1,output_11,27886.376744186047
2025-01-06,301552,09:50:00.000,2,output_11,45409.96341463415
2025-01-06,301552,10:00:00.000,3,output_11,35337.11842105263
2025-01-06,301552,10:10:00.000,4,output_11,29219.80459770115
2025-01-06,301552,10:20:00.000,5,output_11,33381.818181818184
2025-01-06,301552,10:30:00.000,6,output_11,29820.4375
2025-01-06,301552,10:40:00.000,7,output_11,13736.582608695651
2025-01-06,301552,10:50:00.000,8,output_11,17501.703703703704
2025-01-06,301552,11:00:00.000,9,output_11,24471.9
2025-01-06,301552,11:10:00.000,10,output_11,19188.754716981133
2025-01-06,301552,11:20:00.000,11,output_11,9669.18018018018
2025-01-06,301552,11:30:05.000,12,output_11,53600.666666666664
2025-01-06,301552,13:10:00.000,13,output_11,21367.328125
2025-01-06,301552,13:20:00.000,14,output_11,16940.833333333332
2025-01-06,301552,13:30:00.000,15,output_11,15263.121951219513
2025-01-06,301552,13:40:00.000,16,output_11,13419.653465346535
2025-01-06,301552,13:50:00.000,17,output_11,40981.42857142857
2025-01-06,301552,14:00:00.000,18,output_11,29054.63888888889
2025-01-06,301552,14:10:00.000,19,output_11,48289.53571428572
2025-01-06,301552,14:20:00.000,20,output_11,26268.382352941175
2025-01-06,301552,14:30:00.000,21,output_11,37780.48275862069
2025-01-06,301552,14:40:00.000,22,output_11,17022.255555555555
2025-01-06,301552,14:50:00.000,23,output_11,51816.121212121216
2025-01-06,301552,14:56:00.000,24,output_11,20419.677966101695
2025-01-06,301552,14:57:05.000,25,output_11,19673.846153846152
2025-01-06,301552,15:05:00.000,26,output_11,24464.6
2025-01-06,301578,09:31:00.000,0,output_11,29042.782608695652
2025-01-06,301578,09:40:00.000,1,output_11,23276.456
2025-01-06,301578,09:50:00.000,2,output_11,47883.17105263158
2025-01-06,301578,10:00:00.000,3,output_11,22569.98214285714
2025-01-06,301578,10:10:00.000,4,output_11,33226.86301369863
2025-01-06,301578,10:20:00.000,5,output_11,32969.75
2025-01-06,301578,10:30:00.000,6,output_11,42560.775
2025-01-06,301578,10:40:00.000,7,output_11,19716.367088607596
2025-01-06,301578,10:50:00.000,8,output_11,32213.697674418603
2025-01-06,301578,11:00:00.000,9,output_11,25917.909090909092
2025-01-06,301578,11:10:00.000,10,output_11,26028.0
2025-01-06,301578,11:20:00.000,11,output_11,21683.88
2025-01-06,301578,11:30:05.000,12,output_11,23972.911111111112
2025-01-06,301578,13:10:00.000,13,output_11,30188.155555555557
2025-01-06,301578,13:20:00.000,14,output_11,26633.325
2025-01-06,301578,13:30:00.000,15,output_11,39566.03448275862
2025-01-06,301578,13:40:00.000,16,output_11,16693.817073170732
2025-01-06,301578,13:50:00.000,17,output_11,36396.25
2025-01-06,301578,14:00:00.000,18,output_11,28501.333333333332
2025-01-06,301578,14:10:00.000,19,output_11,22674.074074074073
2025-01-06,301578,14:20:00.000,20,output_11,28342.472222222223
2025-01-06,301578,14:30:00.000,21,output_11,24271.238095238095
2025-01-06,301578,14:40:00.000,22,output_11,13793.354545454546
2025-01-06,301578,14:50:00.000,23,output_11,78257.22727272728
2025-01-06,301578,14:56:00.000,24,output_11,30313.79487179487
2025-01-06,301578,14:57:05.000,25,output_11,20393.333333333332
2025-01-06,301578,15:05:00.000,26,output_11,34845.75
2025-01-02,000690,09:31:00.000,0,output_12,160.0
2025-01-02,000690,09:40:00.000,1,output_12,433.0
2025-01-02,000690,09:50:00.000,2,output_12,240.0
2025-01-02,000690,10:00:00.000,3,output_12,190.0
2025-01-02,000690,10:10:00.000,4,output_12,150.0
2025-01-02,000690,10:20:00.000,5,output_12,334.0
2025-01-02,000690,10:30:00.000,6,output_12,166.0
2025-01-02,000690,10:40:00.000,7,output_12,199.0
2025-01-02,000690,10:50:00.000,8,output_12,642.0
2025-01-02,000690,11:00:00.000,9,output_12,94.0
2025-01-02,000690,11:10:00.000,10,output_12,616.0
2025-01-02,000690,11:20:00.000,11,output_12,214.0
2025-01-02,000690,11:30:05.000,12,output_12,288.0
2025-01-02,000690,13:10:00.000,13,output_12,350.0
2025-01-02,000690,13:20:00.000,14,output_12,355.0
2025-01-02,000690,13:30:00.000,15,output_12,369.0
2025-01-02,000690,13:40:00.000,16,output_12,239.0
2025-01-02,000690,13:50:00.000,17,output_12,212.0
2025-01-02,000690,14:00:00.000,18,output_12,216.0
2025-01-02,000690,14:10:00.000,19,output_12,212.0
2025-01-02,000690,14:20:00.000,20,output_12,181.0
2025-01-02,000690,14:30:00.000,21,output_12,155.0
2025-01-02,000690,14:40:00.000,22,output_12,551.0
2025-01-02,000690,14:50:00.000,23,output_12,387.0
2025-01-02,000690,14:56:00.000,24,output_12,171.0
2025-01-02,000690,14:57:05.000,25,output_12,15.0
2025-01-02,000690,15:05:00.000,26,output_12,11.0
2025-01-02,001389,09:31:00.000,0,output_12,298.0
2025-01-02,001389,09:40:00.000,1,output_12,515.0
2025-01-02,001389,09:50:00.000,2,output_12,362.0
2025-01-02,001389,10:00:00.000,3,output_12,271.0
2025-01-02,001389,10:10:00.000,4,output_12,233.0
2025-01-02,001389,10:20:00.000,5,output_12,176.0
2025-01-02,001389,10:30:00.000,6,output_12,202.0
2025-01-02,001389,10:40:00.000,7,output_12,167.0
2025-01-02,001389,10:50:00.000,8,output_12,164.0
2025-01-02,001389,11:00:00.000,9,output_12,319.0
2025-01-02,001389,11:10:00.000,10,output_12,298.0
2025-01-02,001389,11:20:00.000,11,output_12,322.0
2025-01-02,001389,11:30:05.000,12,output_12,133.0
2025-01-02,001389,13:10:00.000,13,output_12,184.0
2025-01-02,001389,13:20:00.000,14,output_12,101.0
2025-01-02,001389,13:30:00.000,15,output_12,124.0
2025-01-02,001389,13:40:00.000,16,output_12,285.0
2025-01-02,001389,13:50:00.000,17,output_12,364.0
2025-01-02,001389,14:00:00.000,18,output_12,333.0
2025-01-02,001389,14:10:00.000,19,output_12,363.0
2025-01-02,001389,14:20:00.000,20,output_12,284.0
2025-01-02,001389,14:30:00.000,21,output_12,196.0
2025-01-02,001389,14:40:00.000,22,output_12,349.0
2025-01-02,001389,14:50:00.000,23,output_12,273.0
2025-01-02,001389,14:56:00.000,24,output_12,180.0
2025-01-02,001389,14:57:05.000,25,output_12,58.0
2025-01-02,001389,15:05:00.000,26,output_12,11.0
2025-01-02,002782,09:31:00.000,0,output_12,293.0
2025-01-02,002782,09:40:00.000,1,output_12,728.0
2025-01-02,002782,09:50:00.000,2,output_12,369.0
2025-01-02,002782,10:00:00.000,3,output_12,437.0
2025-01-02,002782,10:10:00.000,4,output_12,216.0
2025-01-02,002782,10:20:00.000,5,output_12,255.0
2025-01-02,002782,10:30:00.000,6,output_12,160.0
2025-01-02,002782,10:40:00.000,7,output_12,206.0
2025-01-02,002782,10:50:00.000,8,output_12,169.0
2025-01-02,002782,11:00:00.000,9,output_12,280.0
2025-01-02,002782,11:10:00.000,10,output_12,90.0
2025-01-02,002782,11:20:00.000,11,output_12,113.0
2025-01-02,002782,11:30:05.000,12,output_12,124.0
2025-01-02,002782,13:10:00.000,13,output_12,148.0
2025-01-02,002782,13:20:00.000,14,output_12,144.0
2025-01-02,002782,13:30:00.000,15,output_12,161.0
2025-01-02,002782,13:40:00.000,16,output_12,253.0
2025-01-02,002782,13:50:00.000,17,output_12,217.0
2025-01-02,002782,14:00:00.000,18,output_12,137.0
2025-01-02,002782,14:10:00.000,19,output_12,213.0
2025-01-02,002782,14:20:00.000,20,output_12,207.0
2025-01-02,002782,14:30:00.000,21,output_12,456.0
2025-01-02,002782,14:40:00.000,22,output_12,403.0
2025-01-02,002782,14:50:00.000,23,output_12,298.0
2025-01-02,002782,14:56:00.000,24,output_12,108.0
2025-01-02,002782,14:57:05.000,25,output_12,34.0
2025-01-02,002782,15:05:00.000,26,output_12,3.0
2025-01-02,002852,09:31:00.000,0,output_12,106.0
2025-01-02,002852,09:40:00.000,1,output_12,441.0
2025-01-02,002852,09:50:00.000,2,output_12,197.0
2025-01-02,002852,10:00:00.000,3,output_12,190.0
2025-01-02,002852,10:10:00.000,4,output_12,414.0
2025-01-02,002852,10:20:00.000,5,output_12,213.0
2025-01-02,002852,10:30:00.000,6,output_12,117.0
2025-01-02,002852,10:40:00.000,7,output_12,287.0
2025-01-02,002852,10:50:00.000,8,output_12,281.0
2025-01-02,002852,11:00:00.000,9,output_12,202.0
2025-01-02,002852,11:10:00.000,10,output_12,136.0
2025-01-02,002852,11:20:00.000,11,output_12,148.0
2025-01-02,002852,11:30:05.000,12,output_12,126.0
2025-01-02,002852,13:10:00.000,13,output_12,144.0
2025-01-02,002852,13:20:00.000,14,output_12,317.0
2025-01-02,002852,13:30:00.000,15,output_12,212.0
2025-01-02,002852,13:40:00.000,16,output_12,231.0
2025-01-02,002852,13:50:00.000,17,output_12,218.0
2025-01-02,002852,14:00:00.000,18,output_12,319.0
2025-01-02,002852,14:10:00.000,19,output_12,333.0
2025-01-02,002852,14:20:00.000,20,output_12,372.0
2025-01-02,002852,14:30:00.000,21,output_12,247.0
2025-01-02,002852,14:40:00.000,22,output_12,460.0
2025-01-02,002852,14:50:00.000,23,output_12,423.0
2025-01-02,002852,14:56:00.000,24,output_12,245.0
2025-01-02,002852,14:57:05.000,25,output_12,19.0
2025-01-02,002852,15:05:00.000,26,output_12,5.0
2025-01-02,300046,09:31:00.000,0,output_12,378.0
2025-01-02,300046,09:40:00.000,1,output_12,2240.0
2025-01-02,300046,09:50:00.000,2,output_12,1122.0
2025-01-02,300046,10:00:00.000,3,output_12,902.0
2025-01-02,300046,10:10:00.000,4,output_12,766.0
2025-01-02,300046,10:20:00.000,5,output_12,350.0
2025-01-02,300046,10:30:00.000,6,output_12,402.0
2025-01-02,300046,10:40:00.000,7,output_12,472.0
2025-01-02,300046,10:50:00.000,8,output_12,384.0
2025-01-02,300046,11:00:00.000,9,output_12,356.0
2025-01-02,300046,11:10:00.000,10,output_12,289.0
2025-01-02,300046,11:20:00.000,11,output_12,387.0
2025-01-02,300046,11:30:05.000,12,output_12,232.0
2025-01-02,300046,13:10:00.000,13,output_12,545.0
2025-01-02,300046,13:20:00.000,14,output_12,568.0
2025-01-02,300046,13:30:00.000,15,output_12,747.0
2025-01-02,300046,13:40:00.000,16,output_12,571.0
2025-01-02,300046,13:50:00.000,17,output_12,360.0
2025-01-02,300046,14:00:00.000,18,output_12,487.0
2025-01-02,300046,14:10:00.000,19,output_12,537.0
2025-01-02,300046,14:20:00.000,20,output_12,702.0
2025-01-02,300046,14:30:00.000,21,output_12,457.0
2025-01-02,300046,14:40:00.000,22,output_12,629.0
2025-01-02,300046,14:50:00.000,23,output_12,701.0
2025-01-02,300046,14:56:00.000,24,output_12,465.0
2025-01-02,300046,14:57:05.000,25,output_12,132.0
2025-01-02,300046,15:05:00.000,26,output_12,15.0
2025-01-02,300100,09:31:00.000,0,output_12,305.0
2025-01-02,300100,09:40:00.000,1,output_12,1085.0
2025-01-02,300100,09:50:00.000,2,output_12,823.0
2025-01-02,300100,10:00:00.000,3,output_12,1151.0
2025-01-02,300100,10:10:00.000,4,output_12,766.0
2025-01-02,300100,10:20:00.000,5,output_12,1271.0
2025-01-02,300100,10:30:00.000,6,output_12,787.0
2025-01-02,300100,10:40:00.000,7,output_12,1508.0
2025-01-02,300100,10:50:00.000,8,output_12,1372.0
2025-01-02,300100,11:00:00.000,9,output_12,2032.0
2025-01-02,300100,11:10:00.000,10,output_12,1115.0
2025-01-02,300100,11:20:00.000,11,output_12,734.0
2025-01-02,300100,11:30:05.000,12,output_12,421.0
2025-01-02,300100,13:10:00.000,13,output_12,549.0
2025-01-02,300100,13:20:00.000,14,output_12,412.0
2025-01-02,300100,13:30:00.000,15,output_12,415.0
2025-01-02,300100,13:40:00.000,16,output_12,779.0
2025-01-02,300100,13:50:00.000,17,output_12,271.0
2025-01-02,300100,14:00:00.000,18,output_12,461.0
2025-01-02,300100,14:10:00.000,19,output_12,472.0
2025-01-02,300100,14:20:00.000,20,output_12,623.0
2025-01-02,300100,14:30:00.000,21,output_12,513.0
2025-01-02,300100,14:40:00.000,22,output_12,590.0
2025-01-02,300100,14:50:00.000,23,output_12,802.0
2025-01-02,300100,14:56:00.000,24,output_12,587.0
2025-01-02,300100,14:57:05.000,25,output_12,71.0
2025-01-02,300100,15:05:00.000,26,output_12,5.0
2025-01-02,300214,09:31:00.000,0,output_12,83.0
2025-01-02,300214,09:40:00.000,1,output_12,250.0
2025-01-02,300214,09:50:00.000,2,output_12,253.0
2025-01-02,300214,10:00:00.000,3,output_12,219.0
2025-01-02,300214,10:10:00.000,4,output_12,125.0
2025-01-02,300214,10:20:00.000,5,output_12,156.0
2025-01-02,300214,10:30:00.000,6,output_12,126.0
2025-01-02,300214,10:40:00.000,7,output_12,151.0
2025-01-02,300214,10:50:00.000,8,output_12,103.0
2025-01-02,300214,11:00:00.000,9,output_12,92.0
2025-01-02,300214,11:10:00.000,10,output_12,903.0
2025-01-02,300214,11:20:00.000,11,output_12,482.0
2025-01-02,300214,11:30:05.000,12,output_12,495.0
2025-01-02,300214,13:10:00.000,13,output_12,515.0
2025-01-02,300214,13:20:00.000,14,output_12,313.0
2025-01-02,300214,13:30:00.000,15,output_12,219.0
2025-01-02,300214,13:40:00.000,16,output_12,376.0
2025-01-02,300214,13:50:00.000,17,output_12,271.0
2025-01-02,300214,14:00:00.000,18,output_12,236.0
2025-01-02,300214,14:10:00.000,19,output_12,295.0
2025-01-02,300214,14:20:00.000,20,output_12,213.0
2025-01-02,300214,14:30:00.000,21,output_12,148.0
2025-01-02,300214,14:40:00.000,22,output_12,208.0
2025-01-02,300214,14:50:00.000,23,output_12,299.0
2025-01-02,300214,14:56:00.000,24,output_12,178.0
2025-01-02,300214,14:57:05.000,25,output_12,56.0
2025-01-02,300214,15:05:00.000,26,output_12,3.0
2025-01-02,300779,09:31:00.000,0,output_12,76.0
2025-01-02,300779,09:40:00.000,1,output_12,466.0
2025-01-02,300779,09:50:00.000,2,output_12,381.0
2025-01-02,300779,10:00:00.000,3,output_12,193.0
2025-01-02,300779,10:10:00.000,4,output_12,387.0
2025-01-02,300779,10:20:00.000,5,output_12,244.0
2025-01-02,300779,10:30:00.000,6,output_12,155.0
2025-01-02,300779,10:40:00.000,7,output_12,140.0
2025-01-02,300779,10:50:00.000,8,output_12,80.0
2025-01-02,300779,11:00:00.000,9,output_12,81.0
2025-01-02,300779,11:10:00.000,10,output_12,126.0
2025-01-02,300779,11:20:00.000,11,output_12,77.0
2025-01-02,300779,11:30:05.000,12,output_12,65.0
2025-01-02,300779,13:10:00.000,13,output_12,116.0
2025-01-02,300779,13:20:00.000,14,output_12,152.0
2025-01-02,300779,13:30:00.000,15,output_12,52.0
2025-01-02,300779,13:40:00.000,16,output_12,61.0
2025-01-02,300779,13:50:00.000,17,output_12,59.0
2025-01-02,300779,14:00:00.000,18,output_12,141.0
2025-01-02,300779,14:10:00.000,19,output_12,101.0
2025-01-02,300779,14:20:00.000,20,output_12,67.0
2025-01-02,300779,14:30:00.000,21,output_12,164.0
2025-01-02,300779,14:40:00.000,22,output_12,304.0
2025-01-02,300779,14:50:00.000,23,output_12,115.0
2025-01-02,300779,14:56:00.000,24,output_12,98.0
2025-01-02,300779,14:57:05.000,25,output_12,11.0
2025-01-02,300779,15:05:00.000,26,output_12,6.0
2025-01-02,300816,09:31:00.000,0,output_12,219.0
2025-01-02,300816,09:40:00.000,1,output_12,376.0
2025-01-02,300816,09:50:00.000,2,output_12,129.0
2025-01-02,300816,10:00:00.000,3,output_12,255.0
2025-01-02,300816,10:10:00.000,4,output_12,122.0
2025-01-02,300816,10:20:00.000,5,output_12,129.0
2025-01-02,300816,10:30:00.000,6,output_12,127.0
2025-01-02,300816,10:40:00.000,7,output_12,70.0
2025-01-02,300816,10:50:00.000,8,output_12,77.0
2025-01-02,300816,11:00:00.000,9,output_12,50.0
2025-01-02,300816,11:10:00.000,10,output_12,60.0
2025-01-02,300816,11:20:00.000,11,output_12,102.0
2025-01-02,300816,11:30:05.000,12,output_12,53.0
2025-01-02,300816,13:10:00.000,13,output_12,89.0
2025-01-02,300816,13:20:00.000,14,output_12,130.0
2025-01-02,300816,13:30:00.000,15,output_12,100.0
2025-01-02,300816,13:40:00.000,16,output_12,90.0
2025-01-02,300816,13:50:00.000,17,output_12,55.0
2025-01-02,300816,14:00:00.000,18,output_12,94.0
2025-01-02,300816,14:10:00.000,19,output_12,90.0
2025-01-02,300816,14:20:00.000,20,output_12,109.0
2025-01-02,300816,14:30:00.000,21,output_12,83.0
2025-01-02,300816,14:40:00.000,22,output_12,127.0
2025-01-02,300816,14:50:00.000,23,output_12,138.0
2025-01-02,300816,14:56:00.000,24,output_12,77.0
2025-01-02,300816,14:57:05.000,25,output_12,25.0
2025-01-02,300816,15:05:00.000,26,output_12,9.0
2025-01-02,301157,09:31:00.000,0,output_12,106.0
2025-01-02,301157,09:40:00.000,1,output_12,367.0
2025-01-02,301157,09:50:00.000,2,output_12,186.0
2025-01-02,301157,10:00:00.000,3,output_12,151.0
2025-01-02,301157,10:10:00.000,4,output_12,92.0
2025-01-02,301157,10:20:00.000,5,output_12,176.0
2025-01-02,301157,10:30:00.000,6,output_12,117.0
2025-01-02,301157,10:40:00.000,7,output_12,91.0
2025-01-02,301157,10:50:00.000,8,output_12,62.0
2025-01-02,301157,11:00:00.000,9,output_12,62.0
2025-01-02,301157,11:10:00.000,10,output_12,232.0
2025-01-02,301157,11:20:00.000,11,output_12,275.0
2025-01-02,301157,11:30:05.000,12,output_12,92.0
2025-01-02,301157,13:10:00.000,13,output_12,143.0
2025-01-02,301157,13:20:00.000,14,output_12,73.0
2025-01-02,301157,13:30:00.000,15,output_12,118.0
2025-01-02,301157,13:40:00.000,16,output_12,77.0
2025-01-02,301157,13:50:00.000,17,output_12,77.0
2025-01-02,301157,14:00:00.000,18,output_12,75.0
2025-01-02,301157,14:10:00.000,19,output_12,78.0
2025-01-02,301157,14:20:00.000,20,output_12,69.0
2025-01-02,301157,14:30:00.000,21,output_12,75.0
2025-01-02,301157,14:40:00.000,22,output_12,111.0
2025-01-02,301157,14:50:00.000,23,output_12,145.0
2025-01-02,301157,14:56:00.000,24,output_12,92.0
2025-01-02,301157,14:57:05.000,25,output_12,48.0
2025-01-02,301157,15:05:00.000,26,output_12,10.0
2025-01-03,000548,09:31:00.000,0,output_12,152.0
2025-01-03,000548,09:40:00.000,1,output_12,1250.0
2025-01-03,000548,09:50:00.000,2,output_12,615.0
2025-01-03,000548,10:00:00.000,3,output_12,424.0
2025-01-03,000548,10:10:00.000,4,output_12,381.0
2025-01-03,000548,10:20:00.000,5,output_12,222.0
2025-01-03,000548,10:30:00.000,6,output_12,157.0
2025-01-03,000548,10:40:00.000,7,output_12,250.0
2025-01-03,000548,10:50:00.000,8,output_12,113.0
2025-01-03,000548,11:00:00.000,9,output_12,44.0
2025-01-03,000548,11:10:00.000,10,output_12,123.0
2025-01-03,000548,11:20:00.000,11,output_12,251.0
2025-01-03,000548,11:30:05.000,12,output_12,187.0
2025-01-03,000548,13:10:00.000,13,output_12,295.0
2025-01-03,000548,13:20:00.000,14,output_12,264.0
2025-01-03,000548,13:30:00.000,15,output_12,92.0
2025-01-03,000548,13:40:00.000,16,output_12,192.0
2025-01-03,000548,13:50:00.000,17,output_12,150.0
2025-01-03,000548,14:00:00.000,18,output_12,182.0
2025-01-03,000548,14:10:00.000,19,output_12,284.0
2025-01-03,000548,14:20:00.000,20,output_12,315.0
2025-01-03,000548,14:30:00.000,21,output_12,176.0
2025-01-03,000548,14:40:00.000,22,output_12,334.0
2025-01-03,000548,14:50:00.000,23,output_12,377.0
2025-01-03,000548,14:56:00.000,24,output_12,180.0
2025-01-03,000548,14:57:05.000,25,output_12,22.0
2025-01-03,000548,15:05:00.000,26,output_12,22.0
2025-01-03,000677,09:31:00.000,0,output_12,119.0
2025-01-03,000677,09:40:00.000,1,output_12,943.0
2025-01-03,000677,09:50:00.000,2,output_12,725.0
2025-01-03,000677,10:00:00.000,3,output_12,353.0
2025-01-03,000677,10:10:00.000,4,output_12,614.0
2025-01-03,000677,10:20:00.000,5,output_12,206.0
2025-01-03,000677,10:30:00.000,6,output_12,63.0
2025-01-03,000677,10:40:00.000,7,output_12,296.0
2025-01-03,000677,10:50:00.000,8,output_12,48.0
2025-01-03,000677,11:00:00.000,9,output_12,93.0
2025-01-03,000677,11:10:00.000,10,output_12,154.0
2025-01-03,000677,11:20:00.000,11,output_12,84.0
2025-01-03,000677,11:30:05.000,12,output_12,431.0
2025-01-03,000677,13:10:00.000,13,output_12,274.0
2025-01-03,000677,13:20:00.000,14,output_12,364.0
2025-01-03,000677,13:30:00.000,15,output_12,147.0
2025-01-03,000677,13:40:00.000,16,output_12,355.0
2025-01-03,000677,13:50:00.000,17,output_12,480.0
2025-01-03,000677,14:00:00.000,18,output_12,300.0
2025-01-03,000677,14:10:00.000,19,output_12,545.0
2025-01-03,000677,14:20:00.000,20,output_12,350.0
2025-01-03,000677,14:30:00.000,21,output_12,401.0
2025-01-03,000677,14:40:00.000,22,output_12,445.0
2025-01-03,000677,14:50:00.000,23,output_12,328.0
2025-01-03,000677,14:56:00.000,24,output_12,344.0
2025-01-03,000677,14:57:05.000,25,output_12,28.0
2025-01-03,000677,15:05:00.000,26,output_12,11.0
2025-01-03,002079,09:31:00.000,0,output_12,143.0
2025-01-03,002079,09:40:00.000,1,output_12,1134.0
2025-01-03,002079,09:50:00.000,2,output_12,625.0
2025-01-03,002079,10:00:00.000,3,output_12,422.0
2025-01-03,002079,10:10:00.000,4,output_12,229.0
2025-01-03,002079,10:20:00.000,5,output_12,152.0
2025-01-03,002079,10:30:00.000,6,output_12,278.0
2025-01-03,002079,10:40:00.000,7,output_12,281.0
2025-01-03,002079,10:50:00.000,8,output_12,83.0
2025-01-03,002079,11:00:00.000,9,output_12,88.0
2025-01-03,002079,11:10:00.000,10,output_12,118.0
2025-01-03,002079,11:20:00.000,11,output_12,123.0
2025-01-03,002079,11:30:05.000,12,output_12,179.0
2025-01-03,002079,13:10:00.000,13,output_12,181.0
2025-01-03,002079,13:20:00.000,14,output_12,178.0
2025-01-03,002079,13:30:00.000,15,output_12,158.0
2025-01-03,002079,13:40:00.000,16,output_12,216.0
2025-01-03,002079,13:50:00.000,17,output_12,200.0
2025-01-03,002079,14:00:00.000,18,output_12,430.0
2025-01-03,002079,14:10:00.000,19,output_12,345.0
2025-01-03,002079,14:20:00.000,20,output_12,353.0
2025-01-03,002079,14:30:00.000,21,output_12,319.0
2025-01-03,002079,14:40:00.000,22,output_12,472.0
2025-01-03,002079,14:50:00.000,23,output_12,490.0
2025-01-03,002079,14:56:00.000,24,output_12,203.0
2025-01-03,002079,14:57:05.000,25,output_12,15.0
2025-01-03,002079,15:05:00.000,26,output_12,9.0
2025-01-03,002177,09:31:00.000,0,output_12,187.0
2025-01-03,002177,09:40:00.000,1,output_12,1709.0
2025-01-03,002177,09:50:00.000,2,output_12,1271.0
2025-01-03,002177,10:00:00.000,3,output_12,1148.0
2025-01-03,002177,10:10:00.000,4,output_12,844.0
2025-01-03,002177,10:20:00.000,5,output_12,790.0
2025-01-03,002177,10:30:00.000,6,output_12,723.0
2025-01-03,002177,10:40:00.000,7,output_12,462.0
2025-01-03,002177,10:50:00.000,8,output_12,202.0
2025-01-03,002177,11:00:00.000,9,output_12,110.0
2025-01-03,002177,11:10:00.000,10,output_12,192.0
2025-01-03,002177,11:20:00.000,11,output_12,165.0
2025-01-03,002177,11:30:05.000,12,output_12,417.0
2025-01-03,002177,13:10:00.000,13,output_12,315.0
2025-01-03,002177,13:20:00.000,14,output_12,515.0
2025-01-03,002177,13:30:00.000,15,output_12,420.0
2025-01-03,002177,13:40:00.000,16,output_12,534.0
2025-01-03,002177,13:50:00.000,17,output_12,399.0
2025-01-03,002177,14:00:00.000,18,output_12,585.0
2025-01-03,002177,14:10:00.000,19,output_12,404.0
2025-01-03,002177,14:20:00.000,20,output_12,417.0
2025-01-03,002177,14:30:00.000,21,output_12,565.0
2025-01-03,002177,14:40:00.000,22,output_12,633.0
2025-01-03,002177,14:50:00.000,23,output_12,633.0
2025-01-03,002177,14:56:00.000,24,output_12,430.0
2025-01-03,002177,14:57:05.000,25,output_12,91.0
2025-01-03,002177,15:05:00.000,26,output_12,16.0
2025-01-03,002311,09:31:00.000,0,output_12,224.0
2025-01-03,002311,09:40:00.000,1,output_12,565.0
2025-01-03,002311,09:50:00.000,2,output_12,509.0
2025-01-03,002311,10:00:00.000,3,output_12,446.0
2025-01-03,002311,10:10:00.000,4,output_12,351.0
2025-01-03,002311,10:20:00.000,5,output_12,321.0
2025-01-03,002311,10:30:00.000,6,output_12,270.0
2025-01-03,002311,10:40:00.000,7,output_12,306.0
2025-01-03,002311,10:50:00.000,8,output_12,275.0
2025-01-03,002311,11:00:00.000,9,output_12,241.0
2025-01-03,002311,11:10:00.000,10,output_12,202.0
2025-01-03,002311,11:20:00.000,11,output_12,309.0
2025-01-03,002311,11:30:05.000,12,output_12,323.0
2025-01-03,002311,13:10:00.000,13,output_12,418.0
2025-01-03,002311,13:20:00.000,14,output_12,520.0
2025-01-03,002311,13:30:00.000,15,output_12,300.0
2025-01-03,002311,13:40:00.000,16,output_12,316.0
2025-01-03,002311,13:50:00.000,17,output_12,400.0
2025-01-03,002311,14:00:00.000,18,output_12,361.0
2025-01-03,002311,14:10:00.000,19,output_12,469.0
2025-01-03,002311,14:20:00.000,20,output_12,529.0
2025-01-03,002311,14:30:00.000,21,output_12,482.0
2025-01-03,002311,14:40:00.000,22,output_12,426.0
2025-01-03,002311,14:50:00.000,23,output_12,445.0
2025-01-03,002311,14:56:00.000,24,output_12,199.0
2025-01-03,002311,14:57:05.000,25,output_12,23.0
2025-01-03,002311,15:05:00.000,26,output_12,7.0
2025-01-03,002876,09:31:00.000,0,output_12,81.0
2025-01-03,002876,09:40:00.000,1,output_12,951.0
2025-01-03,002876,09:50:00.000,2,output_12,541.0
2025-01-03,002876,10:00:00.000,3,output_12,391.0
2025-01-03,002876,10:10:00.000,4,output_12,184.0
2025-01-03,002876,10:20:00.000,5,output_12,155.0
2025-01-03,002876,10:30:00.000,6,output_12,142.0
2025-01-03,002876,10:40:00.000,7,output_12,155.0
2025-01-03,002876,10:50:00.000,8,output_12,100.0
2025-01-03,002876,11:00:00.000,9,output_12,165.0
2025-01-03,002876,11:10:00.000,10,output_12,124.0
2025-01-03,002876,11:20:00.000,11,output_12,111.0
2025-01-03,002876,11:30:05.000,12,output_12,142.0
2025-01-03,002876,13:10:00.000,13,output_12,210.0
2025-01-03,002876,13:20:00.000,14,output_12,137.0
2025-01-03,002876,13:30:00.000,15,output_12,98.0
2025-01-03,002876,13:40:00.000,16,output_12,247.0
2025-01-03,002876,13:50:00.000,17,output_12,171.0
2025-01-03,002876,14:00:00.000,18,output_12,243.0
2025-01-03,002876,14:10:00.000,19,output_12,160.0
2025-01-03,002876,14:20:00.000,20,output_12,268.0
2025-01-03,002876,14:30:00.000,21,output_12,235.0
2025-01-03,002876,14:40:00.000,22,output_12,248.0
2025-01-03,002876,14:50:00.000,23,output_12,455.0
2025-01-03,002876,14:56:00.000,24,output_12,303.0
2025-01-03,002876,14:57:05.000,25,output_12,27.0
2025-01-03,002876,15:05:00.000,26,output_12,15.0
2025-01-03,300967,09:31:00.000,0,output_12,97.0
2025-01-03,300967,09:40:00.000,1,output_12,616.0
2025-01-03,300967,09:50:00.000,2,output_12,249.0
2025-01-03,300967,10:00:00.000,3,output_12,187.0
2025-01-03,300967,10:10:00.000,4,output_12,227.0
2025-01-03,300967,10:20:00.000,5,output_12,92.0
2025-01-03,300967,10:30:00.000,6,output_12,59.0
2025-01-03,300967,10:40:00.000,7,output_12,121.0
2025-01-03,300967,10:50:00.000,8,output_12,59.0
2025-01-03,300967,11:00:00.000,9,output_12,36.0
2025-01-03,300967,11:10:00.000,10,output_12,51.0
2025-01-03,300967,11:20:00.000,11,output_12,46.0
2025-01-03,300967,11:30:05.000,12,output_12,131.0
2025-01-03,300967,13:10:00.000,13,output_12,179.0
2025-01-03,300967,13:20:00.000,14,output_12,66.0
2025-01-03,300967,13:30:00.000,15,output_12,64.0
2025-01-03,300967,13:40:00.000,16,output_12,123.0
2025-01-03,300967,13:50:00.000,17,output_12,87.0
2025-01-03,300967,14:00:00.000,18,output_12,93.0
2025-01-03,300967,14:10:00.000,19,output_12,101.0
2025-01-03,300967,14:20:00.000,20,output_12,104.0
2025-01-03,300967,14:30:00.000,21,output_12,145.0
2025-01-03,300967,14:40:00.000,22,output_12,187.0
2025-01-03,300967,14:50:00.000,23,output_12,264.0
2025-01-03,300967,14:56:00.000,24,output_12,120.0
2025-01-03,300967,14:57:05.000,25,output_12,35.0
2025-01-03,300967,15:05:00.000,26,output_12,3.0
2025-01-03,301035,09:31:00.000,0,output_12,112.0
2025-01-03,301035,09:40:00.000,1,output_12,241.0
2025-01-03,301035,09:50:00.000,2,output_12,164.0
2025-01-03,301035,10:00:00.000,3,output_12,199.0
2025-01-03,301035,10:10:00.000,4,output_12,127.0
2025-01-03,301035,10:20:00.000,5,output_12,63.0
2025-01-03,301035,10:30:00.000,6,output_12,63.0
2025-01-03,301035,10:40:00.000,7,output_12,71.0
2025-01-03,301035,10:50:00.000,8,output_12,45.0
2025-01-03,301035,11:00:00.000,9,output_12,26.0
2025-01-03,301035,11:10:00.000,10,output_12,21.0
2025-01-03,301035,11:20:00.000,11,output_12,49.0
2025-01-03,301035,11:30:05.000,12,output_12,97.0
2025-01-03,301035,13:10:00.000,13,output_12,49.0
2025-01-03,301035,13:20:00.000,14,output_12,77.0
2025-01-03,301035,13:30:00.000,15,output_12,77.0
2025-01-03,301035,13:40:00.000,16,output_12,47.0
2025-01-03,301035,13:50:00.000,17,output_12,53.0
2025-01-03,301035,14:00:00.000,18,output_12,125.0
2025-01-03,301035,14:10:00.000,19,output_12,116.0
2025-01-03,301035,14:20:00.000,20,output_12,147.0
2025-01-03,301035,14:30:00.000,21,output_12,132.0
2025-01-03,301035,14:40:00.000,22,output_12,111.0
2025-01-03,301035,14:50:00.000,23,output_12,270.0
2025-01-03,301035,14:56:00.000,24,output_12,192.0
2025-01-03,301035,14:57:05.000,25,output_12,24.0
2025-01-03,301035,15:05:00.000,26,output_12,5.0
2025-01-03,301049,09:31:00.000,0,output_12,34.0
2025-01-03,301049,09:40:00.000,1,output_12,258.0
2025-01-03,301049,09:50:00.000,2,output_12,85.0
2025-01-03,301049,10:00:00.000,3,output_12,88.0
2025-01-03,301049,10:10:00.000,4,output_12,143.0
2025-01-03,301049,10:20:00.000,5,output_12,55.0
2025-01-03,301049,10:30:00.000,6,output_12,248.0
2025-01-03,301049,10:40:00.000,7,output_12,154.0
2025-01-03,301049,10:50:00.000,8,output_12,65.0
2025-01-03,301049,11:00:00.000,9,output_12,33.0
2025-01-03,301049,11:10:00.000,10,output_12,50.0
2025-01-03,301049,11:20:00.000,11,output_12,49.0
2025-01-03,301049,11:30:05.000,12,output_12,66.0
2025-01-03,301049,13:10:00.000,13,output_12,98.0
2025-01-03,301049,13:20:00.000,14,output_12,50.0
2025-01-03,301049,13:30:00.000,15,output_12,56.0
2025-01-03,301049,13:40:00.000,16,output_12,92.0
2025-01-03,301049,13:50:00.000,17,output_12,38.0
2025-01-03,301049,14:00:00.000,18,output_12,53.0
2025-01-03,301049,14:10:00.000,19,output_12,100.0
2025-01-03,301049,14:20:00.000,20,output_12,56.0
2025-01-03,301049,14:30:00.000,21,output_12,108.0
2025-01-03,301049,14:40:00.000,22,output_12,51.0
2025-01-03,301049,14:50:00.000,23,output_12,95.0
2025-01-03,301049,14:56:00.000,24,output_12,78.0
2025-01-03,301049,14:57:05.000,25,output_12,9.0
2025-01-03,301049,15:05:00.000,26,output_12,2.0
2025-01-03,301393,09:31:00.000,0,output_12,34.0
2025-01-03,301393,09:40:00.000,1,output_12,176.0
2025-01-03,301393,09:50:00.000,2,output_12,156.0
2025-01-03,301393,10:00:00.000,3,output_12,111.0
2025-01-03,301393,10:10:00.000,4,output_12,103.0
2025-01-03,301393,10:20:00.000,5,output_12,44.0
2025-01-03,301393,10:30:00.000,6,output_12,16.0
2025-01-03,301393,10:40:00.000,7,output_12,38.0
2025-01-03,301393,10:50:00.000,8,output_12,21.0
2025-01-03,301393,11:00:00.000,9,output_12,33.0
2025-01-03,301393,11:10:00.000,10,output_12,20.0
2025-01-03,301393,11:20:00.000,11,output_12,24.0
2025-01-03,301393,11:30:05.000,12,output_12,70.0
2025-01-03,301393,13:10:00.000,13,output_12,78.0
2025-01-03,301393,13:20:00.000,14,output_12,70.0
2025-01-03,301393,13:30:00.000,15,output_12,30.0
2025-01-03,301393,13:40:00.000,16,output_12,16.0
2025-01-03,301393,13:50:00.000,17,output_12,55.0
2025-01-03,301393,14:00:00.000,18,output_12,90.0
2025-01-03,301393,14:10:00.000,19,output_12,47.0
2025-01-03,301393,14:20:00.000,20,output_12,88.0
2025-01-03,301393,14:30:00.000,21,output_12,40.0
2025-01-03,301393,14:40:00.000,22,output_12,46.0
2025-01-03,301393,14:50:00.000,23,output_12,95.0
2025-01-03,301393,14:56:00.000,24,output_12,37.0
2025-01-03,301393,14:57:05.000,25,output_12,6.0
2025-01-03,301393,15:05:00.000,26,output_12,6.0
2025-01-06,000848,09:31:00.000,0,output_12,475.0
2025-01-06,000848,09:40:00.000,1,output_12,712.0
2025-01-06,000848,09:50:00.000,2,output_12,597.0
2025-01-06,000848,10:00:00.000,3,output_12,459.0
2025-01-06,000848,10:10:00.000,4,output_12,336.0
2025-01-06,000848,10:20:00.000,5,output_12,365.0
2025-01-06,000848,10:30:00.000,6,output_12,320.0
2025-01-06,000848,10:40:00.000,7,output_12,480.0
2025-01-06,000848,10:50:00.000,8,output_12,165.0
2025-01-06,000848,11:00:00.000,9,output_12,167.0
2025-01-06,000848,11:10:00.000,10,output_12,170.0
2025-01-06,000848,11:20:00.000,11,output_12,365.0
2025-01-06,000848,11:30:05.000,12,output_12,172.0
2025-01-06,000848,13:10:00.000,13,output_12,325.0
2025-01-06,000848,13:20:00.000,14,output_12,218.0
2025-01-06,000848,13:30:00.000,15,output_12,247.0
2025-01-06,000848,13:40:00.000,16,output_12,264.0
2025-01-06,000848,13:50:00.000,17,output_12,263.0
2025-01-06,000848,14:00:00.000,18,output_12,176.0
2025-01-06,000848,14:10:00.000,19,output_12,282.0
2025-01-06,000848,14:20:00.000,20,output_12,267.0
2025-01-06,000848,14:30:00.000,21,output_12,297.0
2025-01-06,000848,14:40:00.000,22,output_12,495.0
2025-01-06,000848,14:50:00.000,23,output_12,359.0
2025-01-06,000848,14:56:00.000,24,output_12,466.0
2025-01-06,000848,14:57:05.000,25,output_12,35.0
2025-01-06,000848,15:05:00.000,26,output_12,19.0
2025-01-06,000949,09:31:00.000,0,output_12,195.0
2025-01-06,000949,09:40:00.000,1,output_12,859.0
2025-01-06,000949,09:50:00.000,2,output_12,545.0
2025-01-06,000949,10:00:00.000,3,output_12,548.0
2025-01-06,000949,10:10:00.000,4,output_12,226.0
2025-01-06,000949,10:20:00.000,5,output_12,305.0
2025-01-06,000949,10:30:00.000,6,output_12,204.0
2025-01-06,000949,10:40:00.000,7,output_12,209.0
2025-01-06,000949,10:50:00.000,8,output_12,356.0
2025-01-06,000949,11:00:00.000,9,output_12,221.0
2025-01-06,000949,11:10:00.000,10,output_12,212.0
2025-01-06,000949,11:20:00.000,11,output_12,593.0
2025-01-06,000949,11:30:05.000,12,output_12,385.0
2025-01-06,000949,13:10:00.000,13,output_12,379.0
2025-01-06,000949,13:20:00.000,14,output_12,312.0
2025-01-06,000949,13:30:00.000,15,output_12,366.0
2025-01-06,000949,13:40:00.000,16,output_12,675.0
2025-01-06,000949,13:50:00.000,17,output_12,279.0
2025-01-06,000949,14:00:00.000,18,output_12,149.0
2025-01-06,000949,14:10:00.000,19,output_12,149.0
2025-01-06,000949,14:20:00.000,20,output_12,165.0
2025-01-06,000949,14:30:00.000,21,output_12,68.0
2025-01-06,000949,14:40:00.000,22,output_12,357.0
2025-01-06,000949,14:50:00.000,23,output_12,175.0
2025-01-06,000949,14:56:00.000,24,output_12,183.0
2025-01-06,000949,14:57:05.000,25,output_12,64.0
2025-01-06,000949,15:05:00.000,26,output_12,3.0
2025-01-06,002307,09:31:00.000,0,output_12,178.0
2025-01-06,002307,09:40:00.000,1,output_12,568.0
2025-01-06,002307,09:50:00.000,2,output_12,191.0
2025-01-06,002307,10:00:00.000,3,output_12,168.0
2025-01-06,002307,10:10:00.000,4,output_12,80.0
2025-01-06,002307,10:20:00.000,5,output_12,72.0
2025-01-06,002307,10:30:00.000,6,output_12,58.0
2025-01-06,002307,10:40:00.000,7,output_12,40.0
2025-01-06,002307,10:50:00.000,8,output_12,81.0
2025-01-06,002307,11:00:00.000,9,output_12,26.0
2025-01-06,002307,11:10:00.000,10,output_12,13.0
2025-01-06,002307,11:20:00.000,11,output_12,37.0
2025-01-06,002307,11:30:05.000,12,output_12,75.0
2025-01-06,002307,13:10:00.000,13,output_12,14.0
2025-01-06,002307,13:20:00.000,14,output_12,71.0
2025-01-06,002307,13:30:00.000,15,output_12,100.0
2025-01-06,002307,13:40:00.000,16,output_12,43.0
2025-01-06,002307,13:50:00.000,17,output_12,33.0
2025-01-06,002307,14:00:00.000,18,output_12,42.0
2025-01-06,002307,14:10:00.000,19,output_12,31.0
2025-01-06,002307,14:20:00.000,20,output_12,30.0
2025-01-06,002307,14:30:00.000,21,output_12,35.0
2025-01-06,002307,14:40:00.000,22,output_12,142.0
2025-01-06,002307,14:50:00.000,23,output_12,48.0
2025-01-06,002307,14:56:00.000,24,output_12,66.0
2025-01-06,002307,14:57:05.000,25,output_12,22.0
2025-01-06,002307,15:05:00.000,26,output_12,4.0
2025-01-06,300284,09:31:00.000,0,output_12,201.0
2025-01-06,300284,09:40:00.000,1,output_12,1058.0
2025-01-06,300284,09:50:00.000,2,output_12,398.0
2025-01-06,300284,10:00:00.000,3,output_12,273.0
2025-01-06,300284,10:10:00.000,4,output_12,277.0
2025-01-06,300284,10:20:00.000,5,output_12,278.0
2025-01-06,300284,10:30:00.000,6,output_12,180.0
2025-01-06,300284,10:40:00.000,7,output_12,210.0
2025-01-06,300284,10:50:00.000,8,output_12,162.0
2025-01-06,300284,11:00:00.000,9,output_12,119.0
2025-01-06,300284,11:10:00.000,10,output_12,147.0
2025-01-06,300284,11:20:00.000,11,output_12,101.0
2025-01-06,300284,11:30:05.000,12,output_12,167.0
2025-01-06,300284,13:10:00.000,13,output_12,176.0
2025-01-06,300284,13:20:00.000,14,output_12,153.0
2025-01-06,300284,13:30:00.000,15,output_12,140.0
2025-01-06,300284,13:40:00.000,16,output_12,180.0
2025-01-06,300284,13:50:00.000,17,output_12,121.0
2025-01-06,300284,14:00:00.000,18,output_12,127.0
2025-01-06,300284,14:10:00.000,19,output_12,205.0
2025-01-06,300284,14:20:00.000,20,output_12,117.0
2025-01-06,300284,14:30:00.000,21,output_12,155.0
2025-01-06,300284,14:40:00.000,22,output_12,356.0
2025-01-06,300284,14:50:00.000,23,output_12,216.0
2025-01-06,300284,14:56:00.000,24,output_12,204.0
2025-01-06,300284,14:57:05.000,25,output_12,47.0
2025-01-06,300284,15:05:00.000,26,output_12,6.0
2025-01-06,300329,09:31:00.000,0,output_12,255.0
2025-01-06,300329,09:40:00.000,1,output_12,430.0
2025-01-06,300329,09:50:00.000,2,output_12,431.0
2025-01-06,300329,10:00:00.000,3,output_12,249.0
2025-01-06,300329,10:10:00.000,4,output_12,184.0
2025-01-06,300329,10:20:00.000,5,output_12,159.0
2025-01-06,300329,10:30:00.000,6,output_12,122.0
2025-01-06,300329,10:40:00.000,7,output_12,189.0
2025-01-06,300329,10:50:00.000,8,output_12,166.0
2025-01-06,300329,11:00:00.000,9,output_12,98.0
2025-01-06,300329,11:10:00.000,10,output_12,93.0
2025-01-06,300329,11:20:00.000,11,output_12,83.0
2025-01-06,300329,11:30:05.000,12,output_12,111.0
2025-01-06,300329,13:10:00.000,13,output_12,100.0
2025-01-06,300329,13:20:00.000,14,output_12,120.0
2025-01-06,300329,13:30:00.000,15,output_12,108.0
2025-01-06,300329,13:40:00.000,16,output_12,101.0
2025-01-06,300329,13:50:00.000,17,output_12,103.0
2025-01-06,300329,14:00:00.000,18,output_12,88.0
2025-01-06,300329,14:10:00.000,19,output_12,118.0
2025-01-06,300329,14:20:00.000,20,output_12,92.0
2025-01-06,300329,14:30:00.000,21,output_12,87.0
2025-01-06,300329,14:40:00.000,22,output_12,115.0
2025-01-06,300329,14:50:00.000,23,output_12,130.0
2025-01-06,300329,14:56:00.000,24,output_12,81.0
2025-01-06,300329,14:57:05.000,25,output_12,45.0
2025-01-06,300329,15:05:00.000,26,output_12,3.0
2025-01-06,300584,09:31:00.000,0,output_12,93.0
2025-01-06,300584,09:40:00.000,1,output_12,875.0
2025-01-06,300584,09:50:00.000,2,output_12,422.0
2025-01-06,300584,10:00:00.000,3,output_12,339.0
2025-01-06,300584,10:10:00.000,4,output_12,188.0
2025-01-06,300584,10:20:00.000,5,output_12,175.0
2025-01-06,300584,10:30:00.000,6,output_12,117.0
2025-01-06,300584,10:40:00.000,7,output_12,150.0
2025-01-06,300584,10:50:00.000,8,output_12,75.0
2025-01-06,300584,11:00:00.000,9,output_12,106.0
2025-01-06,300584,11:10:00.000,10,output_12,85.0
2025-01-06,300584,11:20:00.000,11,output_12,100.0
2025-01-06,300584,11:30:05.000,12,output_12,81.0
2025-01-06,300584,13:10:00.000,13,output_12,92.0
2025-01-06,300584,13:20:00.000,14,output_12,108.0
2025-01-06,300584,13:30:00.000,15,output_12,54.0
2025-01-06,300584,13:40:00.000,16,output_12,138.0
2025-01-06,300584,13:50:00.000,17,output_12,89.0
2025-01-06,300584,14:00:00.000,18,output_12,105.0
2025-01-06,300584,14:10:00.000,19,output_12,78.0
2025-01-06,300584,14:20:00.000,20,output_12,63.0
2025-01-06,300584,14:30:00.000,21,output_12,116.0
2025-01-06,300584,14:40:00.000,22,output_12,101.0
2025-01-06,300584,14:50:00.000,23,output_12,130.0
2025-01-06,300584,14:56:00.000,24,output_12,130.0
2025-01-06,300584,14:57:05.000,25,output_12,26.0
2025-01-06,300584,15:05:00.000,26,output_12,4.0
2025-01-06,300947,09:31:00.000,0,output_12,302.0
2025-01-06,300947,09:40:00.000,1,output_12,923.0
2025-01-06,300947,09:50:00.000,2,output_12,804.0
2025-01-06,300947,10:00:00.000,3,output_12,335.0
2025-01-06,300947,10:10:00.000,4,output_12,396.0
2025-01-06,300947,10:20:00.000,5,output_12,305.0
2025-01-06,300947,10:30:00.000,6,output_12,288.0
2025-01-06,300947,10:40:00.000,7,output_12,232.0
2025-01-06,300947,10:50:00.000,8,output_12,175.0
2025-01-06,300947,11:00:00.000,9,output_12,119.0
2025-01-06,300947,11:10:00.000,10,output_12,549.0
2025-01-06,300947,11:20:00.000,11,output_12,410.0
2025-01-06,300947,11:30:05.000,12,output_12,143.0
2025-01-06,300947,13:10:00.000,13,output_12,145.0
2025-01-06,300947,13:20:00.000,14,output_12,272.0
2025-01-06,300947,13:30:00.000,15,output_12,103.0
2025-01-06,300947,13:40:00.000,16,output_12,113.0
2025-01-06,300947,13:50:00.000,17,output_12,142.0
2025-01-06,300947,14:00:00.000,18,output_12,224.0
2025-01-06,300947,14:10:00.000,19,output_12,296.0
2025-01-06,300947,14:20:00.000,20,output_12,207.0
2025-01-06,300947,14:30:00.000,21,output_12,138.0
2025-01-06,300947,14:40:00.000,22,output_12,284.0
2025-01-06,300947,14:50:00.000,23,output_12,414.0
2025-01-06,300947,14:56:00.000,24,output_12,488.0
2025-01-06,300947,14:57:05.000,25,output_12,196.0
2025-01-06,300947,15:05:00.000,26,output_12,18.0
2025-01-06,301005,09:31:00.000,0,output_12,63.0
2025-01-06,301005,09:40:00.000,1,output_12,268.0
2025-01-06,301005,09:50:00.000,2,output_12,107.0
2025-01-06,301005,10:00:00.000,3,output_12,84.0
2025-01-06,301005,10:10:00.000,4,output_12,67.0
2025-01-06,301005,10:20:00.000,5,output_12,114.0
2025-01-06,301005,10:30:00.000,6,output_12,58.0
2025-01-06,301005,10:40:00.000,7,output_12,87.0
2025-01-06,301005,10:50:00.000,8,output_12,35.0
2025-01-06,301005,11:00:00.000,9,output_12,39.0
2025-01-06,301005,11:10:00.000,10,output_12,46.0
2025-01-06,301005,11:20:00.000,11,output_12,84.0
2025-01-06,301005,11:30:05.000,12,output_12,45.0
2025-01-06,301005,13:10:00.000,13,output_12,41.0
2025-01-06,301005,13:20:00.000,14,output_12,44.0
2025-01-06,301005,13:30:00.000,15,output_12,46.0
2025-01-06,301005,13:40:00.000,16,output_12,55.0
2025-01-06,301005,13:50:00.000,17,output_12,31.0
2025-01-06,301005,14:00:00.000,18,output_12,21.0
2025-01-06,301005,14:10:00.000,19,output_12,40.0
2025-01-06,301005,14:20:00.000,20,output_12,42.0
2025-01-06,301005,14:30:00.000,21,output_12,30.0
2025-01-06,301005,14:40:00.000,22,output_12,65.0
2025-01-06,301005,14:50:00.000,23,output_12,34.0
2025-01-06,301005,14:56:00.000,24,output_12,43.0
2025-01-06,301005,14:57:05.000,25,output_12,5.0
2025-01-06,301005,15:05:00.000,26,output_12,4.0
2025-01-06,301552,09:31:00.000,0,output_12,63.0
2025-01-06,301552,09:40:00.000,1,output_12,215.0
2025-01-06,301552,09:50:00.000,2,output_12,82.0
2025-01-06,301552,10:00:00.000,3,output_12,76.0
2025-01-06,301552,10:10:00.000,4,output_12,87.0
2025-01-06,301552,10:20:00.000,5,output_12,66.0
2025-01-06,301552,10:30:00.000,6,output_12,48.0
2025-01-06,301552,10:40:00.000,7,output_12,115.0
2025-01-06,301552,10:50:00.000,8,output_12,81.0
2025-01-06,301552,11:00:00.000,9,output_12,50.0
2025-01-06,301552,11:10:00.000,10,output_12,53.0
2025-01-06,301552,11:20:00.000,11,output_12,111.0
2025-01-06,301552,11:30:05.000,12,output_12,21.0
2025-01-06,301552,13:10:00.000,13,output_12,64.0
2025-01-06,301552,13:20:00.000,14,output_12,66.0
2025-01-06,301552,13:30:00.000,15,output_12,82.0
2025-01-06,301552,13:40:00.000,16,output_12,101.0
2025-01-06,301552,13:50:00.000,17,output_12,28.0
2025-01-06,301552,14:00:00.000,18,output_12,36.0
2025-01-06,301552,14:10:00.000,19,output_12,28.0
2025-01-06,301552,14:20:00.000,20,output_12,34.0
2025-01-06,301552,14:30:00.000,21,output_12,29.0
2025-01-06,301552,14:40:00.000,22,output_12,90.0
2025-01-06,301552,14:50:00.000,23,output_12,33.0
2025-01-06,301552,14:56:00.000,24,output_12,59.0
2025-01-06,301552,14:57:05.000,25,output_12,13.0
2025-01-06,301552,15:05:00.000,26,output_12,5.0
2025-01-06,301578,09:31:00.000,0,output_12,69.0
2025-01-06,301578,09:40:00.000,1,output_12,250.0
2025-01-06,301578,09:50:00.000,2,output_12,76.0
2025-01-06,301578,10:00:00.000,3,output_12,112.0
2025-01-06,301578,10:10:00.000,4,output_12,73.0
2025-01-06,301578,10:20:00.000,5,output_12,68.0
2025-01-06,301578,10:30:00.000,6,output_12,40.0
2025-01-06,301578,10:40:00.000,7,output_12,79.0
2025-01-06,301578,10:50:00.000,8,output_12,43.0
2025-01-06,301578,11:00:00.000,9,output_12,44.0
2025-01-06,301578,11:10:00.000,10,output_12,40.0
2025-01-06,301578,11:20:00.000,11,output_12,50.0
2025-01-06,301578,11:30:05.000,12,output_12,45.0
2025-01-06,301578,13:10:00.000,13,output_12,45.0
2025-01-06,301578,13:20:00.000,14,output_12,40.0
2025-01-06,301578,13:30:00.000,15,output_12,29.0
2025-01-06,301578,13:40:00.000,16,output_12,82.0
2025-01-06,301578,13:50:00.000,17,output_12,32.0
2025-01-06,301578,14:00:00.000,18,output_12,33.0
2025-01-06,301578,14:10:00.000,19,output_12,54.0
2025-01-06,301578,14:20:00.000,20,output_12,36.0
2025-01-06,301578,14:30:00.000,21,output_12,42.0
2025-01-06,301578,14:40:00.000,22,output_12,110.0
2025-01-06,301578,14:50:00.000,23,output_12,22.0
2025-01-06,301578,14:56:00.000,24,output_12,39.0
2025-01-06,301578,14:57:05.000,25,output_12,12.0
2025-01-06,301578,15:05:00.000,26,output_12,4.0
2025-01-02,000690,09:31:00.000,0,output_13,36.0
2025-01-02,000690,09:40:00.000,1,output_13,92.0
2025-01-02,000690,09:50:00.000,2,output_13,54.0
2025-01-02,000690,10:00:00.000,3,output_13,82.0
2025-01-02,000690,10:10:00.000,4,output_13,73.0
2025-01-02,000690,10:20:00.000,5,output_13,19.0
2025-01-02,000690,10:30:00.000,6,output_13,56.0
2025-01-02,000690,10:40:00.000,7,output_13,27.0
2025-01-02,000690,10:50:00.000,8,output_13,15.0
2025-01-02,000690,11:00:00.000,9,output_13,14.0
2025-01-02,000690,11:10:00.000,10,output_13,11.0
2025-01-02,000690,11:20:00.000,11,output_13,14.0
2025-01-02,000690,11:30:05.000,12,output_13,9.0
2025-01-02,000690,13:10:00.000,13,output_13,13.0
2025-01-02,000690,13:20:00.000,14,output_13,12.0
2025-01-02,000690,13:30:00.000,15,output_13,31.0
2025-01-02,000690,13:40:00.000,16,output_13,109.0
2025-01-02,000690,13:50:00.000,17,output_13,27.0
2025-01-02,000690,14:00:00.000,18,output_13,131.0
2025-01-02,000690,14:10:00.000,19,output_13,36.0
2025-01-02,000690,14:20:00.000,20,output_13,48.0
2025-01-02,000690,14:30:00.000,21,output_13,74.0
2025-01-02,000690,14:40:00.000,22,output_13,12.0
2025-01-02,000690,14:50:00.000,23,output_13,32.0
2025-01-02,000690,14:56:00.000,24,output_13,21.0
2025-01-02,000690,14:57:05.000,25,output_13,10.0
2025-01-02,000690,15:05:00.000,26,output_13,51.0
2025-01-02,001389,09:31:00.000,0,output_13,26.0
2025-01-02,001389,09:40:00.000,1,output_13,31.0
2025-01-02,001389,09:50:00.000,2,output_13,21.0
2025-01-02,001389,10:00:00.000,3,output_13,62.0
2025-01-02,001389,10:10:00.000,4,output_13,23.0
2025-01-02,001389,10:20:00.000,5,output_13,72.0
2025-01-02,001389,10:30:00.000,6,output_13,14.0
2025-01-02,001389,10:40:00.000,7,output_13,38.0
2025-01-02,001389,10:50:00.000,8,output_13,46.0
2025-01-02,001389,11:00:00.000,9,output_13,88.0
2025-01-02,001389,11:10:00.000,10,output_13,23.0
2025-01-02,001389,11:20:00.000,11,output_13,35.0
2025-01-02,001389,11:30:05.000,12,output_13,18.0
2025-01-02,001389,13:10:00.000,13,output_13,62.0
2025-01-02,001389,13:20:00.000,14,output_13,17.0
2025-01-02,001389,13:30:00.000,15,output_13,24.0
2025-01-02,001389,13:40:00.000,16,output_13,46.0
2025-01-02,001389,13:50:00.000,17,output_13,28.0
2025-01-02,001389,14:00:00.000,18,output_13,23.0
2025-01-02,001389,14:10:00.000,19,output_13,27.0
2025-01-02,001389,14:20:00.000,20,output_13,32.0
2025-01-02,001389,14:30:00.000,21,output_13,25.0
2025-01-02,001389,14:40:00.000,22,output_13,34.0
2025-01-02,001389,14:50:00.000,23,output_13,26.0
2025-01-02,001389,14:56:00.000,24,output_13,32.0
2025-01-02,001389,14:57:05.000,25,output_13,12.0
2025-01-02,001389,15:05:00.000,26,output_13,5.0
2025-01-02,002782,09:31:00.000,0,output_13,21.0
2025-01-02,002782,09:40:00.000,1,output_13,84.0
2025-01-02,002782,09:50:00.000,2,output_13,79.0
2025-01-02,002782,10:00:00.000,3,output_13,60.0
2025-01-02,002782,10:10:00.000,4,output_13,31.0
2025-01-02,002782,10:20:00.000,5,output_13,29.0
2025-01-02,002782,10:30:00.000,6,output_13,25.0
2025-01-02,002782,10:40:00.000,7,output_13,102.0
2025-01-02,002782,10:50:00.000,8,output_13,93.0
2025-01-02,002782,11:00:00.000,9,output_13,48.0
2025-01-02,002782,11:10:00.000,10,output_13,89.0
2025-01-02,002782,11:20:00.000,11,output_13,76.0
2025-01-02,002782,11:30:05.000,12,output_13,66.0
2025-01-02,002782,13:10:00.000,13,output_13,48.0
2025-01-02,002782,13:20:00.000,14,output_13,21.0
2025-01-02,002782,13:30:00.000,15,output_13,48.0
2025-01-02,002782,13:40:00.000,16,output_13,71.0
2025-01-02,002782,13:50:00.000,17,output_13,23.0
2025-01-02,002782,14:00:00.000,18,output_13,40.0
2025-01-02,002782,14:10:00.000,19,output_13,27.0
2025-01-02,002782,14:20:00.000,20,output_13,70.0
2025-01-02,002782,14:30:00.000,21,output_13,112.0
2025-01-02,002782,14:40:00.000,22,output_13,65.0
2025-01-02,002782,14:50:00.000,23,output_13,50.0
2025-01-02,002782,14:56:00.000,24,output_13,59.0
2025-01-02,002782,14:57:05.000,25,output_13,21.0
2025-01-02,002782,15:05:00.000,26,output_13,7.0
2025-01-02,002852,09:31:00.000,0,output_13,60.0
2025-01-02,002852,09:40:00.000,1,output_13,92.0
2025-01-02,002852,09:50:00.000,2,output_13,84.0
2025-01-02,002852,10:00:00.000,3,output_13,136.0
2025-01-02,002852,10:10:00.000,4,output_13,64.0
2025-01-02,002852,10:20:00.000,5,output_13,53.0
2025-01-02,002852,10:30:00.000,6,output_13,70.0
2025-01-02,002852,10:40:00.000,7,output_13,59.0
2025-01-02,002852,10:50:00.000,8,output_13,27.0
2025-01-02,002852,11:00:00.000,9,output_13,13.0
2025-01-02,002852,11:10:00.000,10,output_13,62.0
2025-01-02,002852,11:20:00.000,11,output_13,34.0
2025-01-02,002852,11:30:05.000,12,output_13,31.0
2025-01-02,002852,13:10:00.000,13,output_13,35.0
2025-01-02,002852,13:20:00.000,14,output_13,32.0
2025-01-02,002852,13:30:00.000,15,output_13,34.0
2025-01-02,002852,13:40:00.000,16,output_13,24.0
2025-01-02,002852,13:50:00.000,17,output_13,75.0
2025-01-02,002852,14:00:00.000,18,output_13,21.0
2025-01-02,002852,14:10:00.000,19,output_13,43.0
2025-01-02,002852,14:20:00.000,20,output_13,61.0
2025-01-02,002852,14:30:00.000,21,output_13,67.0
2025-01-02,002852,14:40:00.000,22,output_13,43.0
2025-01-02,002852,14:50:00.000,23,output_13,49.0
2025-01-02,002852,14:56:00.000,24,output_13,18.0
2025-01-02,002852,14:57:05.000,25,output_13,6.0
2025-01-02,002852,15:05:00.000,26,output_13,4.0
2025-01-02,300046,09:31:00.000,0,output_13,25.0
2025-01-02,300046,09:40:00.000,1,output_13,130.0
2025-01-02,300046,09:50:00.000,2,output_13,127.0
2025-01-02,300046,10:00:00.000,3,output_13,101.0
2025-01-02,300046,10:10:00.000,4,output_13,137.0
2025-01-02,300046,10:20:00.000,5,output_13,77.0
2025-01-02,300046,10:30:00.000,6,output_13,48.0
2025-01-02,300046,10:40:00.000,7,output_13,35.0
2025-01-02,300046,10:50:00.000,8,output_13,88.0
2025-01-02,300046,11:00:00.000,9,output_13,32.0
2025-01-02,300046,11:10:00.000,10,output_13,82.0
2025-01-02,300046,11:20:00.000,11,output_13,64.0
2025-01-02,300046,11:30:05.000,12,output_13,36.0
2025-01-02,300046,13:10:00.000,13,output_13,54.0
2025-01-02,300046,13:20:00.000,14,output_13,114.0
2025-01-02,300046,13:30:00.000,15,output_13,103.0
2025-01-02,300046,13:40:00.000,16,output_13,37.0
2025-01-02,300046,13:50:00.000,17,output_13,50.0
2025-01-02,300046,14:00:00.000,18,output_13,68.0
2025-01-02,300046,14:10:00.000,19,output_13,41.0
2025-01-02,300046,14:20:00.000,20,output_13,59.0
2025-01-02,300046,14:30:00.000,21,output_13,29.0
2025-01-02,300046,14:40:00.000,22,output_13,49.0
2025-01-02,300046,14:50:00.000,23,output_13,78.0
2025-01-02,300046,14:56:00.000,24,output_13,52.0
2025-01-02,300046,14:57:05.000,25,output_13,112.0
2025-01-02,300046,15:05:00.000,26,output_13,11.0
2025-01-02,300100,09:31:00.000,0,output_13,52.0
2025-01-02,300100,09:40:00.000,1,output_13,75.0
2025-01-02,300100,09:50:00.000,2,output_13,92.0
2025-01-02,300100,10:00:00.000,3,output_13,40.0
2025-01-02,300100,10:10:00.000,4,output_13,77.0
2025-01-02,300100,10:20:00.000,5,output_13,98.0
2025-01-02,300100,10:30:00.000,6,output_13,29.0
2025-01-02,300100,10:40:00.000,7,output_13,20.0
2025-01-02,300100,10:50:00.000,8,output_13,33.0
2025-01-02,300100,11:00:00.000,9,output_13,26.0
2025-01-02,300100,11:10:00.000,10,output_13,20.0
2025-01-02,300100,11:20:00.000,11,output_13,52.0
2025-01-02,300100,11:30:05.000,12,output_13,20.0
2025-01-02,300100,13:10:00.000,13,output_13,59.0
2025-01-02,300100,13:20:00.000,14,output_13,98.0
2025-01-02,300100,13:30:00.000,15,output_13,98.0
2025-01-02,300100,13:40:00.000,16,output_13,117.0
2025-01-02,300100,13:50:00.000,17,output_13,41.0
2025-01-02,300100,14:00:00.000,18,output_13,85.0
2025-01-02,300100,14:10:00.000,19,output_13,47.0
2025-01-02,300100,14:20:00.000,20,output_13,188.0
2025-01-02,300100,14:30:00.000,21,output_13,117.0
2025-01-02,300100,14:40:00.000,22,output_13,64.0
2025-01-02,300100,14:50:00.000,23,output_13,77.0
2025-01-02,300100,14:56:00.000,24,output_13,133.0
2025-01-02,300100,14:57:05.000,25,output_13,20.0
2025-01-02,300100,15:05:00.000,26,output_13,8.0
2025-01-02,300214,09:31:00.000,0,output_13,9.0
2025-01-02,300214,09:40:00.000,1,output_13,41.0
2025-01-02,300214,09:50:00.000,2,output_13,44.0
2025-01-02,300214,10:00:00.000,3,output_13,48.0
2025-01-02,300214,10:10:00.000,4,output_13,47.0
2025-01-02,300214,10:20:00.000,5,output_13,55.0
2025-01-02,300214,10:30:00.000,6,output_13,16.0
2025-01-02,300214,10:40:00.000,7,output_13,39.0
2025-01-02,300214,10:50:00.000,8,output_13,39.0
2025-01-02,300214,11:00:00.000,9,output_13,23.0
2025-01-02,300214,11:10:00.000,10,output_13,67.0
2025-01-02,300214,11:20:00.000,11,output_13,49.0
2025-01-02,300214,11:30:05.000,12,output_13,64.0
2025-01-02,300214,13:10:00.000,13,output_13,19.0
2025-01-02,300214,13:20:00.000,14,output_13,42.0
2025-01-02,300214,13:30:00.000,15,output_13,24.0
2025-01-02,300214,13:40:00.000,16,output_13,18.0
2025-01-02,300214,13:50:00.000,17,output_13,8.0
2025-01-02,300214,14:00:00.000,18,output_13,44.0
2025-01-02,300214,14:10:00.000,19,output_13,4.0
2025-01-02,300214,14:20:00.000,20,output_13,27.0
2025-01-02,300214,14:30:00.000,21,output_13,28.0
2025-01-02,300214,14:40:00.000,22,output_13,25.0
2025-01-02,300214,14:50:00.000,23,output_13,105.0
2025-01-02,300214,14:56:00.000,24,output_13,71.0
2025-01-02,300214,14:57:05.000,25,output_13,14.0
2025-01-02,300214,15:05:00.000,26,output_13,9.0
2025-01-02,300779,09:31:00.000,0,output_13,50.0
2025-01-02,300779,09:40:00.000,1,output_13,45.0
2025-01-02,300779,09:50:00.000,2,output_13,28.0
2025-01-02,300779,10:00:00.000,3,output_13,56.0
2025-01-02,300779,10:10:00.000,4,output_13,95.0
2025-01-02,300779,10:20:00.000,5,output_13,53.0
2025-01-02,300779,10:30:00.000,6,output_13,57.0
2025-01-02,300779,10:40:00.000,7,output_13,32.0
2025-01-02,300779,10:50:00.000,8,output_13,6.0
2025-01-02,300779,11:00:00.000,9,output_13,8.0
2025-01-02,300779,11:10:00.000,10,output_13,8.0
2025-01-02,300779,11:20:00.000,11,output_13,44.0
2025-01-02,300779,11:30:05.000,12,output_13,15.0
2025-01-02,300779,13:10:00.000,13,output_13,14.0
2025-01-02,300779,13:20:00.000,14,output_13,30.0
2025-01-02,300779,13:30:00.000,15,output_13,37.0
2025-01-02,300779,13:40:00.000,16,output_13,23.0
2025-01-02,300779,13:50:00.000,17,output_13,20.0
2025-01-02,300779,14:00:00.000,18,output_13,21.0
2025-01-02,300779,14:10:00.000,19,output_13,29.0
2025-01-02,300779,14:20:00.000,20,output_13,10.0
2025-01-02,300779,14:30:00.000,21,output_13,23.0
2025-01-02,300779,14:40:00.000,22,output_13,15.0
2025-01-02,300779,14:50:00.000,23,output_13,12.0
2025-01-02,300779,14:56:00.000,24,output_13,20.0
2025-01-02,300779,14:57:05.000,25,output_13,4.0
2025-01-02,300779,15:05:00.000,26,output_13,6.0
2025-01-02,300816,09:31:00.000,0,output_13,10.0
2025-01-02,300816,09:40:00.000,1,output_13,34.0
2025-01-02,300816,09:50:00.000,2,output_13,45.0
2025-01-02,300816,10:00:00.000,3,output_13,17.0
2025-01-02,300816,10:10:00.000,4,output_13,34.0
2025-01-02,300816,10:20:00.000,5,output_13,33.0
2025-01-02,300816,10:30:00.000,6,output_13,14.0
2025-01-02,300816,10:40:00.000,7,output_13,26.0
2025-01-02,300816,10:50:00.000,8,output_13,30.0
2025-01-02,300816,11:00:00.000,9,output_13,30.0
2025-01-02,300816,11:10:00.000,10,output_13,15.0
2025-01-02,300816,11:20:00.000,11,output_13,13.0
2025-01-02,300816,11:30:05.000,12,output_13,22.0
2025-01-02,300816,13:10:00.000,13,output_13,20.0
2025-01-02,300816,13:20:00.000,14,output_13,13.0
2025-01-02,300816,13:30:00.000,15,output_13,10.0
2025-01-02,300816,13:40:00.000,16,output_13,9.0
2025-01-02,300816,13:50:00.000,17,output_13,39.0
2025-01-02,300816,14:00:00.000,18,output_13,29.0
2025-01-02,300816,14:10:00.000,19,output_13,25.0
2025-01-02,300816,14:20:00.000,20,output_13,22.0
2025-01-02,300816,14:30:00.000,21,output_13,16.0
2025-01-02,300816,14:40:00.000,22,output_13,16.0
2025-01-02,300816,14:50:00.000,23,output_13,16.0
2025-01-02,300816,14:56:00.000,24,output_13,25.0
2025-01-02,300816,14:57:05.000,25,output_13,30.0
2025-01-02,300816,15:05:00.000,26,output_13,9.0
2025-01-02,301157,09:31:00.000,0,output_13,12.0
2025-01-02,301157,09:40:00.000,1,output_13,28.0
2025-01-02,301157,09:50:00.000,2,output_13,26.0
2025-01-02,301157,10:00:00.000,3,output_13,68.0
2025-01-02,301157,10:10:00.000,4,output_13,53.0
2025-01-02,301157,10:20:00.000,5,output_13,33.0
2025-01-02,301157,10:30:00.000,6,output_13,7.0
2025-01-02,301157,10:40:00.000,7,output_13,14.0
2025-01-02,301157,10:50:00.000,8,output_13,11.0
2025-01-02,301157,11:00:00.000,9,output_13,7.0
2025-01-02,301157,11:10:00.000,10,output_13,19.0
2025-01-02,301157,11:20:00.000,11,output_13,12.0
2025-01-02,301157,11:30:05.000,12,output_13,23.0
2025-01-02,301157,13:10:00.000,13,output_13,54.0
2025-01-02,301157,13:20:00.000,14,output_13,21.0
2025-01-02,301157,13:30:00.000,15,output_13,17.0
2025-01-02,301157,13:40:00.000,16,output_13,33.0
2025-01-02,301157,13:50:00.000,17,output_13,12.0
2025-01-02,301157,14:00:00.000,18,output_13,52.0
2025-01-02,301157,14:10:00.000,19,output_13,24.0
2025-01-02,301157,14:20:00.000,20,output_13,22.0
2025-01-02,301157,14:30:00.000,21,output_13,16.0
2025-01-02,301157,14:40:00.000,22,output_13,43.0
2025-01-02,301157,14:50:00.000,23,output_13,40.0
2025-01-02,301157,14:56:00.000,24,output_13,23.0
2025-01-02,301157,14:57:05.000,25,output_13,9.0
2025-01-02,301157,15:05:00.000,26,output_13,8.0
2025-01-03,000548,09:31:00.000,0,output_13,38.0
2025-01-03,000548,09:40:00.000,1,output_13,137.0
2025-01-03,000548,09:50:00.000,2,output_13,94.0
2025-01-03,000548,10:00:00.000,3,output_13,109.0
2025-01-03,000548,10:10:00.000,4,output_13,75.0
2025-01-03,000548,10:20:00.000,5,output_13,102.0
2025-01-03,000548,10:30:00.000,6,output_13,165.0
2025-01-03,000548,10:40:00.000,7,output_13,66.0
2025-01-03,000548,10:50:00.000,8,output_13,96.0
2025-01-03,000548,11:00:00.000,9,output_13,54.0
2025-01-03,000548,11:10:00.000,10,output_13,34.0
2025-01-03,000548,11:20:00.000,11,output_13,47.0
2025-01-03,000548,11:30:05.000,12,output_13,15.0
2025-01-03,000548,13:10:00.000,13,output_13,47.0
2025-01-03,000548,13:20:00.000,14,output_13,50.0
2025-01-03,000548,13:30:00.000,15,output_13,91.0
2025-01-03,000548,13:40:00.000,16,output_13,45.0
2025-01-03,000548,13:50:00.000,17,output_13,45.0
2025-01-03,000548,14:00:00.000,18,output_13,34.0
2025-01-03,000548,14:10:00.000,19,output_13,108.0
2025-01-03,000548,14:20:00.000,20,output_13,45.0
2025-01-03,000548,14:30:00.000,21,output_13,102.0
2025-01-03,000548,14:40:00.000,22,output_13,56.0
2025-01-03,000548,14:50:00.000,23,output_13,49.0
2025-01-03,000548,14:56:00.000,24,output_13,41.0
2025-01-03,000548,14:57:05.000,25,output_13,40.0
2025-01-03,000548,15:05:00.000,26,output_13,12.0
2025-01-03,000677,09:31:00.000,0,output_13,11.0
2025-01-03,000677,09:40:00.000,1,output_13,41.0
2025-01-03,000677,09:50:00.000,2,output_13,52.0
2025-01-03,000677,10:00:00.000,3,output_13,47.0
2025-01-03,000677,10:10:00.000,4,output_13,88.0
2025-01-03,000677,10:20:00.000,5,output_13,65.0
2025-01-03,000677,10:30:00.000,6,output_13,66.0
2025-01-03,000677,10:40:00.000,7,output_13,57.0
2025-01-03,000677,10:50:00.000,8,output_13,47.0
2025-01-03,000677,11:00:00.000,9,output_13,32.0
2025-01-03,000677,11:10:00.000,10,output_13,90.0
2025-01-03,000677,11:20:00.000,11,output_13,24.0
2025-01-03,000677,11:30:05.000,12,output_13,67.0
2025-01-03,000677,13:10:00.000,13,output_13,54.0
2025-01-03,000677,13:20:00.000,14,output_13,52.0
2025-01-03,000677,13:30:00.000,15,output_13,91.0
2025-01-03,000677,13:40:00.000,16,output_13,122.0
2025-01-03,000677,13:50:00.000,17,output_13,30.0
2025-01-03,000677,14:00:00.000,18,output_13,71.0
2025-01-03,000677,14:10:00.000,19,output_13,44.0
2025-01-03,000677,14:20:00.000,20,output_13,72.0
2025-01-03,000677,14:30:00.000,21,output_13,62.0
2025-01-03,000677,14:40:00.000,22,output_13,32.0
2025-01-03,000677,14:50:00.000,23,output_13,33.0
2025-01-03,000677,14:56:00.000,24,output_13,155.0
2025-01-03,000677,14:57:05.000,25,output_13,34.0
2025-01-03,000677,15:05:00.000,26,output_13,7.0
2025-01-03,002079,09:31:00.000,0,output_13,11.0
2025-01-03,002079,09:40:00.000,1,output_13,65.0
2025-01-03,002079,09:50:00.000,2,output_13,57.0
2025-01-03,002079,10:00:00.000,3,output_13,112.0
2025-01-03,002079,10:10:00.000,4,output_13,78.0
2025-01-03,002079,10:20:00.000,5,output_13,71.0
2025-01-03,002079,10:30:00.000,6,output_13,89.0
2025-01-03,002079,10:40:00.000,7,output_13,71.0
2025-01-03,002079,10:50:00.000,8,output_13,82.0
2025-01-03,002079,11:00:00.000,9,output_13,21.0
2025-01-03,002079,11:10:00.000,10,output_13,13.0
2025-01-03,002079,11:20:00.000,11,output_13,53.0
2025-01-03,002079,11:30:05.000,12,output_13,16.0
2025-01-03,002079,13:10:00.000,13,output_13,46.0
2025-01-03,002079,13:20:00.000,14,output_13,44.0
2025-01-03,002079,13:30:00.000,15,output_13,56.0
2025-01-03,002079,13:40:00.000,16,output_13,19.0
2025-01-03,002079,13:50:00.000,17,output_13,26.0
2025-01-03,002079,14:00:00.000,18,output_13,50.0
2025-01-03,002079,14:10:00.000,19,output_13,48.0
2025-01-03,002079,14:20:00.000,20,output_13,119.0
2025-01-03,002079,14:30:00.000,21,output_13,92.0
2025-01-03,002079,14:40:00.000,22,output_13,29.0
2025-01-03,002079,14:50:00.000,23,output_13,45.0
2025-01-03,002079,14:56:00.000,24,output_13,13.0
2025-01-03,002079,14:57:05.000,25,output_13,28.0
2025-01-03,002079,15:05:00.000,26,output_13,20.0
2025-01-03,002177,09:31:00.000,0,output_13,11.0
2025-01-03,002177,09:40:00.000,1,output_13,141.0
2025-01-03,002177,09:50:00.000,2,output_13,113.0
2025-01-03,002177,10:00:00.000,3,output_13,153.0
2025-01-03,002177,10:10:00.000,4,output_13,148.0
2025-01-03,002177,10:20:00.000,5,output_13,97.0
2025-01-03,002177,10:30:00.000,6,output_13,38.0
2025-01-03,002177,10:40:00.000,7,output_13,18.0
2025-01-03,002177,10:50:00.000,8,output_13,27.0
2025-01-03,002177,11:00:00.000,9,output_13,86.0
2025-01-03,002177,11:10:00.000,10,output_13,78.0
2025-01-03,002177,11:20:00.000,11,output_13,51.0
2025-01-03,002177,11:30:05.000,12,output_13,65.0
2025-01-03,002177,13:10:00.000,13,output_13,56.0
2025-01-03,002177,13:20:00.000,14,output_13,47.0
2025-01-03,002177,13:30:00.000,15,output_13,175.0
2025-01-03,002177,13:40:00.000,16,output_13,43.0
2025-01-03,002177,13:50:00.000,17,output_13,17.0
2025-01-03,002177,14:00:00.000,18,output_13,71.0
2025-01-03,002177,14:10:00.000,19,output_13,62.0
2025-01-03,002177,14:20:00.000,20,output_13,146.0
2025-01-03,002177,14:30:00.000,21,output_13,56.0
2025-01-03,002177,14:40:00.000,22,output_13,42.0
2025-01-03,002177,14:50:00.000,23,output_13,30.0
2025-01-03,002177,14:56:00.000,24,output_13,91.0
2025-01-03,002177,14:57:05.000,25,output_13,64.0
2025-01-03,002177,15:05:00.000,26,output_13,9.0
2025-01-03,002311,09:31:00.000,0,output_13,25.0
2025-01-03,002311,09:40:00.000,1,output_13,86.0
2025-01-03,002311,09:50:00.000,2,output_13,57.0
2025-01-03,002311,10:00:00.000,3,output_13,61.0
2025-01-03,002311,10:10:00.000,4,output_13,78.0
2025-01-03,002311,10:20:00.000,5,output_13,58.0
2025-01-03,002311,10:30:00.000,6,output_13,33.0
2025-01-03,002311,10:40:00.000,7,output_13,60.0
2025-01-03,002311,10:50:00.000,8,output_13,126.0
2025-01-03,002311,11:00:00.000,9,output_13,55.0
2025-01-03,002311,11:10:00.000,10,output_13,20.0
2025-01-03,002311,11:20:00.000,11,output_13,16.0
2025-01-03,002311,11:30:05.000,12,output_13,18.0
2025-01-03,002311,13:10:00.000,13,output_13,37.0
2025-01-03,002311,13:20:00.000,14,output_13,43.0
2025-01-03,002311,13:30:00.000,15,output_13,21.0
2025-01-03,002311,13:40:00.000,16,output_13,44.0
2025-01-03,002311,13:50:00.000,17,output_13,37.0
2025-01-03,002311,14:00:00.000,18,output_13,86.0
2025-01-03,002311,14:10:00.000,19,output_13,28.0
2025-01-03,002311,14:20:00.000,20,output_13,13.0
2025-01-03,002311,14:30:00.000,21,output_13,88.0
2025-01-03,002311,14:40:00.000,22,output_13,115.0
2025-01-03,002311,14:50:00.000,23,output_13,32.0
2025-01-03,002311,14:56:00.000,24,output_13,10.0
2025-01-03,002311,14:57:05.000,25,output_13,5.0
2025-01-03,002311,15:05:00.000,26,output_13,6.0
2025-01-03,002876,09:31:00.000,0,output_13,13.0
2025-01-03,002876,09:40:00.000,1,output_13,39.0
2025-01-03,002876,09:50:00.000,2,output_13,41.0
2025-01-03,002876,10:00:00.000,3,output_13,91.0
2025-01-03,002876,10:10:00.000,4,output_13,135.0
2025-01-03,002876,10:20:00.000,5,output_13,31.0
2025-01-03,002876,10:30:00.000,6,output_13,73.0
2025-01-03,002876,10:40:00.000,7,output_13,52.0
2025-01-03,002876,10:50:00.000,8,output_13,102.0
2025-01-03,002876,11:00:00.000,9,output_13,113.0
2025-01-03,002876,11:10:00.000,10,output_13,60.0
2025-01-03,002876,11:20:00.000,11,output_13,21.0
2025-01-03,002876,11:30:05.000,12,output_13,21.0
2025-01-03,002876,13:10:00.000,13,output_13,64.0
2025-01-03,002876,13:20:00.000,14,output_13,25.0
2025-01-03,002876,13:30:00.000,15,output_13,72.0
2025-01-03,002876,13:40:00.000,16,output_13,35.0
2025-01-03,002876,13:50:00.000,17,output_13,43.0
2025-01-03,002876,14:00:00.000,18,output_13,58.0
2025-01-03,002876,14:10:00.000,19,output_13,90.0
2025-01-03,002876,14:20:00.000,20,output_13,77.0
2025-01-03,002876,14:30:00.000,21,output_13,37.0
2025-01-03,002876,14:40:00.000,22,output_13,36.0
2025-01-03,002876,14:50:00.000,23,output_13,48.0
2025-01-03,002876,14:56:00.000,24,output_13,18.0
2025-01-03,002876,14:57:05.000,25,output_13,7.0
2025-01-03,002876,15:05:00.000,26,output_13,10.0
2025-01-03,300967,09:31:00.000,0,output_13,17.0
2025-01-03,300967,09:40:00.000,1,output_13,37.0
2025-01-03,300967,09:50:00.000,2,output_13,58.0
2025-01-03,300967,10:00:00.000,3,output_13,60.0
2025-01-03,300967,10:10:00.000,4,output_13,51.0
2025-01-03,300967,10:20:00.000,5,output_13,39.0
2025-01-03,300967,10:30:00.000,6,output_13,62.0
2025-01-03,300967,10:40:00.000,7,output_13,26.0
2025-01-03,300967,10:50:00.000,8,output_13,40.0
2025-01-03,300967,11:00:00.000,9,output_13,21.0
2025-01-03,300967,11:10:00.000,10,output_13,22.0
2025-01-03,300967,11:20:00.000,11,output_13,30.0
2025-01-03,300967,11:30:05.000,12,output_13,12.0
2025-01-03,300967,13:10:00.000,13,output_13,22.0
2025-01-03,300967,13:20:00.000,14,output_13,22.0
2025-01-03,300967,13:30:00.000,15,output_13,31.0
2025-01-03,300967,13:40:00.000,16,output_13,27.0
2025-01-03,300967,13:50:00.000,17,output_13,16.0
2025-01-03,300967,14:00:00.000,18,output_13,80.0
2025-01-03,300967,14:10:00.000,19,output_13,40.0
2025-01-03,300967,14:20:00.000,20,output_13,86.0
2025-01-03,300967,14:30:00.000,21,output_13,78.0
2025-01-03,300967,14:40:00.000,22,output_13,53.0
2025-01-03,300967,14:50:00.000,23,output_13,12.0
2025-01-03,300967,14:56:00.000,24,output_13,22.0
2025-01-03,300967,14:57:05.000,25,output_13,6.0
2025-01-03,300967,15:05:00.000,26,output_13,4.0
2025-01-03,301035,09:31:00.000,0,output_13,16.0
2025-01-03,301035,09:40:00.000,1,output_13,24.0
2025-01-03,301035,09:50:00.000,2,output_13,35.0
2025-01-03,301035,10:00:00.000,3,output_13,22.0
2025-01-03,301035,10:10:00.000,4,output_13,52.0
2025-01-03,301035,10:20:00.000,5,output_13,11.0
2025-01-03,301035,10:30:00.000,6,output_13,36.0
2025-01-03,301035,10:40:00.000,7,output_13,15.0
2025-01-03,301035,10:50:00.000,8,output_13,19.0
2025-01-03,301035,11:00:00.000,9,output_13,15.0
2025-01-03,301035,11:10:00.000,10,output_13,9.0
2025-01-03,301035,11:20:00.000,11,output_13,28.0
2025-01-03,301035,11:30:05.000,12,output_13,33.0
2025-01-03,301035,13:10:00.000,13,output_13,27.0
2025-01-03,301035,13:20:00.000,14,output_13,12.0
2025-01-03,301035,13:30:00.000,15,output_13,22.0
2025-01-03,301035,13:40:00.000,16,output_13,16.0
2025-01-03,301035,13:50:00.000,17,output_13,16.0
2025-01-03,301035,14:00:00.000,18,output_13,17.0
2025-01-03,301035,14:10:00.000,19,output_13,18.0
2025-01-03,301035,14:20:00.000,20,output_13,15.0
2025-01-03,301035,14:30:00.000,21,output_13,18.0
2025-01-03,301035,14:40:00.000,22,output_13,28.0
2025-01-03,301035,14:50:00.000,23,output_13,17.0
2025-01-03,301035,14:56:00.000,24,output_13,16.0
2025-01-03,301035,14:57:05.000,25,output_13,17.0
2025-01-03,301035,15:05:00.000,26,output_13,21.0
2025-01-03,301049,09:31:00.000,0,output_13,39.0
2025-01-03,301049,09:40:00.000,1,output_13,26.0
2025-01-03,301049,09:50:00.000,2,output_13,20.0
2025-01-03,301049,10:00:00.000,3,output_13,30.0
2025-01-03,301049,10:10:00.000,4,output_13,18.0
2025-01-03,301049,10:20:00.000,5,output_13,23.0
2025-01-03,301049,10:30:00.000,6,output_13,17.0
2025-01-03,301049,10:40:00.000,7,output_13,23.0
2025-01-03,301049,10:50:00.000,8,output_13,43.0
2025-01-03,301049,11:00:00.000,9,output_13,10.0
2025-01-03,301049,11:10:00.000,10,output_13,15.0
2025-01-03,301049,11:20:00.000,11,output_13,8.0
2025-01-03,301049,11:30:05.000,12,output_13,9.0
2025-01-03,301049,13:10:00.000,13,output_13,25.0
2025-01-03,301049,13:20:00.000,14,output_13,8.0
2025-01-03,301049,13:30:00.000,15,output_13,64.0
2025-01-03,301049,13:40:00.000,16,output_13,17.0
2025-01-03,301049,13:50:00.000,17,output_13,5.0
2025-01-03,301049,14:00:00.000,18,output_13,9.0
2025-01-03,301049,14:10:00.000,19,output_13,15.0
2025-01-03,301049,14:20:00.000,20,output_13,9.0
2025-01-03,301049,14:30:00.000,21,output_13,34.0
2025-01-03,301049,14:40:00.000,22,output_13,6.0
2025-01-03,301049,14:50:00.000,23,output_13,10.0
2025-01-03,301049,14:56:00.000,24,output_13,10.0
2025-01-03,301049,14:57:05.000,25,output_13,21.0
2025-01-03,301049,15:05:00.000,26,output_13,4.0
2025-01-03,301393,09:31:00.000,0,output_13,15.0
2025-01-03,301393,09:40:00.000,1,output_13,41.0
2025-01-03,301393,09:50:00.000,2,output_13,51.0
2025-01-03,301393,10:00:00.000,3,output_13,58.0
2025-01-03,301393,10:10:00.000,4,output_13,11.0
2025-01-03,301393,10:20:00.000,5,output_13,14.0
2025-01-03,301393,10:30:00.000,6,output_13,26.0
2025-01-03,301393,10:40:00.000,7,output_13,12.0
2025-01-03,301393,10:50:00.000,8,output_13,52.0
2025-01-03,301393,11:00:00.000,9,output_13,30.0
2025-01-03,301393,11:10:00.000,10,output_13,85.0
2025-01-03,301393,11:20:00.000,11,output_13,102.0
2025-01-03,301393,11:30:05.000,12,output_13,31.0
2025-01-03,301393,13:10:00.000,13,output_13,6.0
2025-01-03,301393,13:20:00.000,14,output_13,13.0
2025-01-03,301393,13:30:00.000,15,output_13,20.0
2025-01-03,301393,13:40:00.000,16,output_13,9.0
2025-01-03,301393,13:50:00.000,17,output_13,17.0
2025-01-03,301393,14:00:00.000,18,output_13,11.0
2025-01-03,301393,14:10:00.000,19,output_13,28.0
2025-01-03,301393,14:20:00.000,20,output_13,21.0
2025-01-03,301393,14:30:00.000,21,output_13,26.0
2025-01-03,301393,14:40:00.000,22,output_13,18.0
2025-01-03,301393,14:50:00.000,23,output_13,7.0
2025-01-03,301393,14:56:00.000,24,output_13,43.0
2025-01-03,301393,14:57:05.000,25,output_13,5.0
2025-01-03,301393,15:05:00.000,26,output_13,12.0
2025-01-06,000848,09:31:00.000,0,output_13,20.0
2025-01-06,000848,09:40:00.000,1,output_13,80.0
2025-01-06,000848,09:50:00.000,2,output_13,177.0
2025-01-06,000848,10:00:00.000,3,output_13,164.0
2025-01-06,000848,10:10:00.000,4,output_13,228.0
2025-01-06,000848,10:20:00.000,5,output_13,65.0
2025-01-06,000848,10:30:00.000,6,output_13,47.0
2025-01-06,000848,10:40:00.000,7,output_13,61.0
2025-01-06,000848,10:50:00.000,8,output_13,54.0
2025-01-06,000848,11:00:00.000,9,output_13,75.0
2025-01-06,000848,11:10:00.000,10,output_13,58.0
2025-01-06,000848,11:20:00.000,11,output_13,85.0
2025-01-06,000848,11:30:05.000,12,output_13,103.0
2025-01-06,000848,13:10:00.000,13,output_13,75.0
2025-01-06,000848,13:20:00.000,14,output_13,116.0
2025-01-06,000848,13:30:00.000,15,output_13,119.0
2025-01-06,000848,13:40:00.000,16,output_13,117.0
2025-01-06,000848,13:50:00.000,17,output_13,37.0
2025-01-06,000848,14:00:00.000,18,output_13,86.0
2025-01-06,000848,14:10:00.000,19,output_13,106.0
2025-01-06,000848,14:20:00.000,20,output_13,89.0
2025-01-06,000848,14:30:00.000,21,output_13,73.0
2025-01-06,000848,14:40:00.000,22,output_13,45.0
2025-01-06,000848,14:50:00.000,23,output_13,49.0
2025-01-06,000848,14:56:00.000,24,output_13,42.0
2025-01-06,000848,14:57:05.000,25,output_13,5.0
2025-01-06,000848,15:05:00.000,26,output_13,12.0
2025-01-06,000949,09:31:00.000,0,output_13,10.0
2025-01-06,000949,09:40:00.000,1,output_13,127.0
2025-01-06,000949,09:50:00.000,2,output_13,381.0
2025-01-06,000949,10:00:00.000,3,output_13,28.0
2025-01-06,000949,10:10:00.000,4,output_13,132.0
2025-01-06,000949,10:20:00.000,5,output_13,12.0
2025-01-06,000949,10:30:00.000,6,output_13,70.0
2025-01-06,000949,10:40:00.000,7,output_13,10.0
2025-01-06,000949,10:50:00.000,8,output_13,22.0
2025-01-06,000949,11:00:00.000,9,output_13,21.0
2025-01-06,000949,11:10:00.000,10,output_13,20.0
2025-01-06,000949,11:20:00.000,11,output_13,19.0
2025-01-06,000949,11:30:05.000,12,output_13,21.0
2025-01-06,000949,13:10:00.000,13,output_13,140.0
2025-01-06,000949,13:20:00.000,14,output_13,5.0
2025-01-06,000949,13:30:00.000,15,output_13,6.0
2025-01-06,000949,13:40:00.000,16,output_13,13.0
2025-01-06,000949,13:50:00.000,17,output_13,14.0
2025-01-06,000949,14:00:00.000,18,output_13,9.0
2025-01-06,000949,14:10:00.000,19,output_13,20.0
2025-01-06,000949,14:20:00.000,20,output_13,7.0
2025-01-06,000949,14:30:00.000,21,output_13,15.0
2025-01-06,000949,14:40:00.000,22,output_13,32.0
2025-01-06,000949,14:50:00.000,23,output_13,61.0
2025-01-06,000949,14:56:00.000,24,output_13,32.0
2025-01-06,000949,14:57:05.000,25,output_13,4.0
2025-01-06,000949,15:05:00.000,26,output_13,8.0
2025-01-06,002307,09:31:00.000,0,output_13,8.0
2025-01-06,002307,09:40:00.000,1,output_13,33.0
2025-01-06,002307,09:50:00.000,2,output_13,45.0
2025-01-06,002307,10:00:00.000,3,output_13,7.0
2025-01-06,002307,10:10:00.000,4,output_13,55.0
2025-01-06,002307,10:20:00.000,5,output_13,57.0
2025-01-06,002307,10:30:00.000,6,output_13,56.0
2025-01-06,002307,10:40:00.000,7,output_13,6.0
2025-01-06,002307,10:50:00.000,8,output_13,9.0
2025-01-06,002307,11:00:00.000,9,output_13,8.0
2025-01-06,002307,11:10:00.000,10,output_13,42.0
2025-01-06,002307,11:20:00.000,11,output_13,8.0
2025-01-06,002307,11:30:05.000,12,output_13,36.0
2025-01-06,002307,13:10:00.000,13,output_13,69.0
2025-01-06,002307,13:20:00.000,14,output_13,7.0
2025-01-06,002307,13:30:00.000,15,output_13,8.0
2025-01-06,002307,13:40:00.000,16,output_13,9.0
2025-01-06,002307,13:50:00.000,17,output_13,13.0
2025-01-06,002307,14:00:00.000,18,output_13,7.0
2025-01-06,002307,14:10:00.000,19,output_13,44.0
2025-01-06,002307,14:20:00.000,20,output_13,9.0
2025-01-06,002307,14:30:00.000,21,output_13,9.0
2025-01-06,002307,14:40:00.000,22,output_13,15.0
2025-01-06,002307,14:50:00.000,23,output_13,17.0
2025-01-06,002307,14:56:00.000,24,output_13,8.0
2025-01-06,002307,14:57:05.000,25,output_13,8.0
2025-01-06,002307,15:05:00.000,26,output_13,7.0
2025-01-06,300284,09:31:00.000,0,output_13,41.0
2025-01-06,300284,09:40:00.000,1,output_13,123.0
2025-01-06,300284,09:50:00.000,2,output_13,122.0
2025-01-06,300284,10:00:00.000,3,output_13,108.0
2025-01-06,300284,10:10:00.000,4,output_13,25.0
2025-01-06,300284,10:20:00.000,5,output_13,33.0
2025-01-06,300284,10:30:00.000,6,output_13,44.0
2025-01-06,300284,10:40:00.000,7,output_13,25.0
2025-01-06,300284,10:50:00.000,8,output_13,27.0
2025-01-06,300284,11:00:00.000,9,output_13,75.0
2025-01-06,300284,11:10:00.000,10,output_13,64.0
2025-01-06,300284,11:20:00.000,11,output_13,14.0
2025-01-06,300284,11:30:05.000,12,output_13,140.0
2025-01-06,300284,13:10:00.000,13,output_13,52.0
2025-01-06,300284,13:20:00.000,14,output_13,15.0
2025-01-06,300284,13:30:00.000,15,output_13,29.0
2025-01-06,300284,13:40:00.000,16,output_13,19.0
2025-01-06,300284,13:50:00.000,17,output_13,51.0
2025-01-06,300284,14:00:00.000,18,output_13,17.0
2025-01-06,300284,14:10:00.000,19,output_13,32.0
2025-01-06,300284,14:20:00.000,20,output_13,20.0
2025-01-06,300284,14:30:00.000,21,output_13,14.0
2025-01-06,300284,14:40:00.000,22,output_13,18.0
2025-01-06,300284,14:50:00.000,23,output_13,29.0
2025-01-06,300284,14:56:00.000,24,output_13,16.0
2025-01-06,300284,14:57:05.000,25,output_13,9.0
2025-01-06,300284,15:05:00.000,26,output_13,7.0
2025-01-06,300329,09:31:00.000,0,output_13,11.0
2025-01-06,300329,09:40:00.000,1,output_13,55.0
2025-01-06,300329,09:50:00.000,2,output_13,60.0
2025-01-06,300329,10:00:00.000,3,output_13,16.0
2025-01-06,300329,10:10:00.000,4,output_13,16.0
2025-01-06,300329,10:20:00.000,5,output_13,13.0
2025-01-06,300329,10:30:00.000,6,output_13,30.0
2025-01-06,300329,10:40:00.000,7,output_13,21.0
2025-01-06,300329,10:50:00.000,8,output_13,44.0
2025-01-06,300329,11:00:00.000,9,output_13,49.0
2025-01-06,300329,11:10:00.000,10,output_13,18.0
2025-01-06,300329,11:20:00.000,11,output_13,10.0
2025-01-06,300329,11:30:05.000,12,output_13,28.0
2025-01-06,300329,13:10:00.000,13,output_13,43.0
2025-01-06,300329,13:20:00.000,14,output_13,19.0
2025-01-06,300329,13:30:00.000,15,output_13,6.0
2025-01-06,300329,13:40:00.000,16,output_13,13.0
2025-01-06,300329,13:50:00.000,17,output_13,21.0
2025-01-06,300329,14:00:00.000,18,output_13,30.0
2025-01-06,300329,14:10:00.000,19,output_13,37.0
2025-01-06,300329,14:20:00.000,20,output_13,10.0
2025-01-06,300329,14:30:00.000,21,output_13,13.0
2025-01-06,300329,14:40:00.000,22,output_13,30.0
2025-01-06,300329,14:50:00.000,23,output_13,16.0
2025-01-06,300329,14:56:00.000,24,output_13,8.0
2025-01-06,300329,14:57:05.000,25,output_13,5.0
2025-01-06,300329,15:05:00.000,26,output_13,7.0
2025-01-06,300584,09:31:00.000,0,output_13,15.0
2025-01-06,300584,09:40:00.000,1,output_13,40.0
2025-01-06,300584,09:50:00.000,2,output_13,54.0
2025-01-06,300584,10:00:00.000,3,output_13,51.0
2025-01-06,300584,10:10:00.000,4,output_13,48.0
2025-01-06,300584,10:20:00.000,5,output_13,12.0
2025-01-06,300584,10:30:00.000,6,output_13,5.0
2025-01-06,300584,10:40:00.000,7,output_13,7.0
2025-01-06,300584,10:50:00.000,8,output_13,7.0
2025-01-06,300584,11:00:00.000,9,output_13,7.0
2025-01-06,300584,11:10:00.000,10,output_13,7.0
2025-01-06,300584,11:20:00.000,11,output_13,11.0
2025-01-06,300584,11:30:05.000,12,output_13,9.0
2025-01-06,300584,13:10:00.000,13,output_13,8.0
2025-01-06,300584,13:20:00.000,14,output_13,9.0
2025-01-06,300584,13:30:00.000,15,output_13,5.0
2025-01-06,300584,13:40:00.000,16,output_13,8.0
2025-01-06,300584,13:50:00.000,17,output_13,4.0
2025-01-06,300584,14:00:00.000,18,output_13,13.0
2025-01-06,300584,14:10:00.000,19,output_13,7.0
2025-01-06,300584,14:20:00.000,20,output_13,4.0
2025-01-06,300584,14:30:00.000,21,output_13,5.0
2025-01-06,300584,14:40:00.000,22,output_13,8.0
2025-01-06,300584,14:50:00.000,23,output_13,18.0
2025-01-06,300584,14:56:00.000,24,output_13,6.0
2025-01-06,300584,14:57:05.000,25,output_13,7.0
2025-01-06,300584,15:05:00.000,26,output_13,11.0
2025-01-06,300947,09:31:00.000,0,output_13,19.0
2025-01-06,300947,09:40:00.000,1,output_13,92.0
2025-01-06,300947,09:50:00.000,2,output_13,99.0
2025-01-06,300947,10:00:00.000,3,output_13,34.0
2025-01-06,300947,10:10:00.000,4,output_13,90.0
2025-01-06,300947,10:20:00.000,5,output_13,28.0
2025-01-06,300947,10:30:00.000,6,output_13,23.0
2025-01-06,300947,10:40:00.000,7,output_13,52.0
2025-01-06,300947,10:50:00.000,8,output_13,43.0
2025-01-06,300947,11:00:00.000,9,output_13,39.0
2025-01-06,300947,11:10:00.000,10,output_13,36.0
2025-01-06,300947,11:20:00.000,11,output_13,10.0
2025-01-06,300947,11:30:05.000,12,output_13,51.0
2025-01-06,300947,13:10:00.000,13,output_13,53.0
2025-01-06,300947,13:20:00.000,14,output_13,38.0
2025-01-06,300947,13:30:00.000,15,output_13,49.0
2025-01-06,300947,13:40:00.000,16,output_13,27.0
2025-01-06,300947,13:50:00.000,17,output_13,71.0
2025-01-06,300947,14:00:00.000,18,output_13,34.0
2025-01-06,300947,14:10:00.000,19,output_13,38.0
2025-01-06,300947,14:20:00.000,20,output_13,94.0
2025-01-06,300947,14:30:00.000,21,output_13,23.0
2025-01-06,300947,14:40:00.000,22,output_13,74.0
2025-01-06,300947,14:50:00.000,23,output_13,22.0
2025-01-06,300947,14:56:00.000,24,output_13,30.0
2025-01-06,300947,14:57:05.000,25,output_13,12.0
2025-01-06,300947,15:05:00.000,26,output_13,14.0
2025-01-06,301005,09:31:00.000,0,output_13,12.0
2025-01-06,301005,09:40:00.000,1,output_13,37.0
2025-01-06,301005,09:50:00.000,2,output_13,23.0
2025-01-06,301005,10:00:00.000,3,output_13,20.0
2025-01-06,301005,10:10:00.000,4,output_13,15.0
2025-01-06,301005,10:20:00.000,5,output_13,15.0
2025-01-06,301005,10:30:00.000,6,output_13,13.0
2025-01-06,301005,10:40:00.000,7,output_13,16.0
2025-01-06,301005,10:50:00.000,8,output_13,10.0
2025-01-06,301005,11:00:00.000,9,output_13,6.0
2025-01-06,301005,11:10:00.000,10,output_13,13.0
2025-01-06,301005,11:20:00.000,11,output_13,7.0
2025-01-06,301005,11:30:05.000,12,output_13,10.0
2025-01-06,301005,13:10:00.000,13,output_13,23.0
2025-01-06,301005,13:20:00.000,14,output_13,8.0
2025-01-06,301005,13:30:00.000,15,output_13,3.0
2025-01-06,301005,13:40:00.000,16,output_13,10.0
2025-01-06,301005,13:50:00.000,17,output_13,18.0
2025-01-06,301005,14:00:00.000,18,output_13,30.0
2025-01-06,301005,14:10:00.000,19,output_13,11.0
2025-01-06,301005,14:20:00.000,20,output_13,6.0
2025-01-06,301005,14:30:00.000,21,output_13,4.0
2025-01-06,301005,14:40:00.000,22,output_13,6.0
2025-01-06,301005,14:50:00.000,23,output_13,15.0
2025-01-06,301005,14:56:00.000,24,output_13,8.0
2025-01-06,301005,14:57:05.000,25,output_13,3.0
2025-01-06,301005,15:05:00.000,26,output_13,34.0
2025-01-06,301552,09:31:00.000,0,output_13,14.0
2025-01-06,301552,09:40:00.000,1,output_13,28.0
2025-01-06,301552,09:50:00.000,2,output_13,17.0
2025-01-06,301552,10:00:00.000,3,output_13,31.0
2025-01-06,301552,10:10:00.000,4,output_13,36.0
2025-01-06,301552,10:20:00.000,5,output_13,6.0
2025-01-06,301552,10:30:00.000,6,output_13,26.0
2025-01-06,301552,10:40:00.000,7,output_13,17.0
2025-01-06,301552,10:50:00.000,8,output_13,21.0
2025-01-06,301552,11:00:00.000,9,output_13,10.0
2025-01-06,301552,11:10:00.000,10,output_13,8.0
2025-01-06,301552,11:20:00.000,11,output_13,12.0
2025-01-06,301552,11:30:05.000,12,output_13,16.0
2025-01-06,301552,13:10:00.000,13,output_13,23.0
2025-01-06,301552,13:20:00.000,14,output_13,14.0
2025-01-06,301552,13:30:00.000,15,output_13,11.0
2025-01-06,301552,13:40:00.000,16,output_13,19.0
2025-01-06,301552,13:50:00.000,17,output_13,42.0
2025-01-06,301552,14:00:00.000,18,output_13,31.0
2025-01-06,301552,14:10:00.000,19,output_13,18.0
2025-01-06,301552,14:20:00.000,20,output_13,8.0
2025-01-06,301552,14:30:00.000,21,output_13,5.0
2025-01-06,301552,14:40:00.000,22,output_13,29.0
2025-01-06,301552,14:50:00.000,23,output_13,15.0
2025-01-06,301552,14:56:00.000,24,output_13,11.0
2025-01-06,301552,14:57:05.000,25,output_13,8.0
2025-01-06,301552,15:05:00.000,26,output_13,25.0
2025-01-06,301578,09:31:00.000,0,output_13,13.0
2025-01-06,301578,09:40:00.000,1,output_13,26.0
2025-01-06,301578,09:50:00.000,2,output_13,26.0
2025-01-06,301578,10:00:00.000,3,output_13,23.0
2025-01-06,301578,10:10:00.000,4,output_13,20.0
2025-01-06,301578,10:20:00.000,5,output_13,17.0
2025-01-06,301578,10:30:00.000,6,output_13,24.0
2025-01-06,301578,10:40:00.000,7,output_13,54.0
2025-01-06,301578,10:50:00.000,8,output_13,32.0
2025-01-06,301578,11:00:00.000,9,output_13,28.0
2025-01-06,301578,11:10:00.000,10,output_13,17.0
2025-01-06,301578,11:20:00.000,11,output_13,4.0
2025-01-06,301578,11:30:05.000,12,output_13,21.0
2025-01-06,301578,13:10:00.000,13,output_13,22.0
2025-01-06,301578,13:20:00.000,14,output_13,13.0
2025-01-06,301578,13:30:00.000,15,output_13,14.0
2025-01-06,301578,13:40:00.000,16,output_13,11.0
2025-01-06,301578,13:50:00.000,17,output_13,39.0
2025-01-06,301578,14:00:00.000,18,output_13,18.0
2025-01-06,301578,14:10:00.000,19,output_13,17.0
2025-01-06,301578,14:20:00.000,20,output_13,6.0
2025-01-06,301578,14:30:00.000,21,output_13,12.0
2025-01-06,301578,14:40:00.000,22,output_13,27.0
2025-01-06,301578,14:50:00.000,23,output_13,21.0
2025-01-06,301578,14:56:00.000,24,output_13,9.0
2025-01-06,301578,14:57:05.000,25,output_13,3.0
2025-01-06,301578,15:05:00.000,26,output_13,7.0
2025-01-02,000690,09:31:00.000,0,output_14,25.30999994277954
2025-01-02,000690,09:40:00.000,1,output_14,5.8500001430511475
2025-01-02,000690,09:50:00.000,2,output_14,17.450000047683716
2025-01-02,000690,10:00:00.000,3,output_14,7.230000019073486
2025-01-02,000690,10:10:00.000,4,output_14,6.25
2025-01-02,000690,10:20:00.000,5,output_14,4.980000019073486
2025-01-02,000690,10:30:00.000,6,output_14,2.8899998664855957
2025-01-02,000690,10:40:00.000,7,output_14,6.190000057220459
2025-01-02,000690,10:50:00.000,8,output_14,11.789999961853027
2025-01-02,000690,11:00:00.000,9,output_14,12.230000019073486
2025-01-02,000690,11:10:00.000,10,output_14,25.609999895095825
2025-01-02,000690,11:20:00.000,11,output_14,10.649999856948853
2025-01-02,000690,11:30:05.000,12,output_14,9.950000047683716
2025-01-02,000690,13:10:00.000,13,output_14,11.210000038146973
2025-01-02,000690,13:20:00.000,14,output_14,13.619999885559082
2025-01-02,000690,13:30:00.000,15,output_14,6.289999961853027
2025-01-02,000690,13:40:00.000,16,output_14,7.4100000858306885
2025-01-02,000690,13:50:00.000,17,output_14,8.730000019073486
2025-01-02,000690,14:00:00.000,18,output_14,8.400000095367432
2025-01-02,000690,14:10:00.000,19,output_14,10.97000002861023
2025-01-02,000690,14:20:00.000,20,output_14,3.4800000190734863
2025-01-02,000690,14:30:00.000,21,output_14,5.329999923706055
2025-01-02,000690,14:40:00.000,22,output_14,8.690000057220459
2025-01-02,000690,14:50:00.000,23,output_14,8.02999997138977
2025-01-02,000690,14:56:00.000,24,output_14,5.420000076293945
2025-01-02,000690,14:57:05.000,25,output_14,3.2200000286102295
2025-01-02,000690,15:05:00.000,26,output_14,7.509999990463257
2025-01-02,001389,09:31:00.000,0,output_14,10.22000002861023
2025-01-02,001389,09:40:00.000,1,output_14,5.179999828338623
2025-01-02,001389,09:50:00.000,2,output_14,14.889999866485596
2025-01-02,001389,10:00:00.000,3,output_14,11.620000123977661
2025-01-02,001389,10:10:00.000,4,output_14,13.380000114440918
2025-01-02,001389,10:20:00.000,5,output_14,9.059999942779541
2025-01-02,001389,10:30:00.000,6,output_14,12.75
2025-01-02,001389,10:40:00.000,7,output_14,21.240000009536743
2025-01-02,001389,10:50:00.000,8,output_14,19.540000200271606
2025-01-02,001389,11:00:00.000,9,output_14,9.110000133514404
2025-01-02,001389,11:10:00.000,10,output_14,12.40999984741211
2025-01-02,001389,11:20:00.000,11,output_14,6.740000009536743
2025-01-02,001389,11:30:05.000,12,output_14,17.419999837875366
2025-01-02,001389,13:10:00.000,13,output_14,21.22000002861023
2025-01-02,001389,13:20:00.000,14,output_14,23.699999809265137
2025-01-02,001389,13:30:00.000,15,output_14,15.18999981880188
2025-01-02,001389,13:40:00.000,16,output_14,13.730000019073486
2025-01-02,001389,13:50:00.000,17,output_14,13.350000143051147
2025-01-02,001389,14:00:00.000,18,output_14,9.359999895095825
2025-01-02,001389,14:10:00.000,19,output_14,15.680000066757202
2025-01-02,001389,14:20:00.000,20,output_14,8.490000009536743
2025-01-02,001389,14:30:00.000,21,output_14,12.799999952316284
2025-01-02,001389,14:40:00.000,22,output_14,10.299999952316284
2025-01-02,001389,14:50:00.000,23,output_14,10.629999876022339
2025-01-02,001389,14:56:00.000,24,output_14,7.289999961853027
2025-01-02,001389,14:57:05.000,25,output_14,4.450000047683716
2025-01-02,001389,15:05:00.000,26,output_14,9.980000019073486
2025-01-02,002782,09:31:00.000,0,output_14,53.99000000953674
2025-01-02,002782,09:40:00.000,1,output_14,5.880000114440918
2025-01-02,002782,09:50:00.000,2,output_14,7.069999933242798
2025-01-02,002782,10:00:00.000,3,output_14,9.47000002861023
2025-01-02,002782,10:10:00.000,4,output_14,11.389999866485596
2025-01-02,002782,10:20:00.000,5,output_14,10.400000095367432
2025-01-02,002782,10:30:00.000,6,output_14,5.879999876022339
2025-01-02,002782,10:40:00.000,7,output_14,9.0
2025-01-02,002782,10:50:00.000,8,output_14,16.22000002861023
2025-01-02,002782,11:00:00.000,9,output_14,12.410000085830688
2025-01-02,002782,11:10:00.000,10,output_14,18.55999994277954
2025-01-02,002782,11:20:00.000,11,output_14,15.150000095367432
2025-01-02,002782,11:30:05.000,12,output_14,10.200000047683716
2025-01-02,002782,13:10:00.000,13,output_14,16.30999994277954
2025-01-02,002782,13:20:00.000,14,output_14,16.37000012397766
2025-01-02,002782,13:30:00.000,15,output_14,9.040000200271606
2025-01-02,002782,13:40:00.000,16,output_14,16.740000009536743
2025-01-02,002782,13:50:00.000,17,output_14,14.669999837875366
2025-01-02,002782,14:00:00.000,18,output_14,13.56000018119812
2025-01-02,002782,14:10:00.000,19,output_14,11.56000018119812
2025-01-02,002782,14:20:00.000,20,output_14,8.690000057220459
2025-01-02,002782,14:30:00.000,21,output_14,6.130000114440918
2025-01-02,002782,14:40:00.000,22,output_14,6.079999923706055
2025-01-02,002782,14:50:00.000,23,output_14,6.569999933242798
2025-01-02,002782,14:56:00.000,24,output_14,3.9800000190734863
2025-01-02,002782,14:57:05.000,25,output_14,7.559999942779541
2025-01-02,002782,15:05:00.000,26,output_14,7.059999942779541
2025-01-02,002852,09:31:00.000,0,output_14,14.549999952316284
2025-01-02,002852,09:40:00.000,1,output_14,12.610000133514404
2025-01-02,002852,09:50:00.000,2,output_14,9.459999799728394
2025-01-02,002852,10:00:00.000,3,output_14,13.130000114440918
2025-01-02,002852,10:10:00.000,4,output_14,17.790000200271606
2025-01-02,002852,10:20:00.000,5,output_14,14.540000200271606
2025-01-02,002852,10:30:00.000,6,output_14,15.710000038146973
2025-01-02,002852,10:40:00.000,7,output_14,17.049999952316284
2025-01-02,002852,10:50:00.000,8,output_14,18.950000047683716
2025-01-02,002852,11:00:00.000,9,output_14,38.8199999332428
2025-01-02,002852,11:10:00.000,10,output_14,29.40999984741211
2025-01-02,002852,11:20:00.000,11,output_14,49.13000011444092
2025-01-02,002852,11:30:05.000,12,output_14,35.700000047683716
2025-01-02,002852,13:10:00.000,13,output_14,24.0
2025-01-02,002852,13:20:00.000,14,output_14,28.139999866485596
2025-01-02,002852,13:30:00.000,15,output_14,19.58999991416931
2025-01-02,002852,13:40:00.000,16,output_14,24.140000104904175
2025-01-02,002852,13:50:00.000,17,output_14,43.109999895095825
2025-01-02,002852,14:00:00.000,18,output_14,13.730000019073486
2025-01-02,002852,14:10:00.000,19,output_14,20.429999828338623
2025-01-02,002852,14:20:00.000,20,output_14,16.09000015258789
2025-01-02,002852,14:30:00.000,21,output_14,18.58999991416931
2025-01-02,002852,14:40:00.000,22,output_14,17.610000133514404
2025-01-02,002852,14:50:00.000,23,output_14,15.980000019073486
2025-01-02,002852,14:56:00.000,24,output_14,8.730000019073486
2025-01-02,002852,14:57:05.000,25,output_14,1.7799999713897705
2025-01-02,002852,15:05:00.000,26,output_14,19.84999990463257
2025-01-02,300046,09:31:00.000,0,output_14,22.519999980926514
2025-01-02,300046,09:40:00.000,1,output_14,1.6699998378753662
2025-01-02,300046,09:50:00.000,2,output_14,2.8399999141693115
2025-01-02,300046,10:00:00.000,3,output_14,2.4499998092651367
2025-01-02,300046,10:10:00.000,4,output_14,5.0400002002716064
2025-01-02,300046,10:20:00.000,5,output_14,4.5899999141693115
2025-01-02,300046,10:30:00.000,6,output_14,4.009999990463257
2025-01-02,300046,10:40:00.000,7,output_14,5.480000019073486
2025-01-02,300046,10:50:00.000,8,output_14,4.419999837875366
2025-01-02,300046,11:00:00.000,9,output_14,6.8500001430511475
2025-01-02,300046,11:10:00.000,10,output_14,8.149999856948853
2025-01-02,300046,11:20:00.000,11,output_14,4.980000019073486
2025-01-02,300046,11:30:05.000,12,output_14,10.400000095367432
2025-01-02,300046,13:10:00.000,13,output_14,8.160000085830688
2025-01-02,300046,13:20:00.000,14,output_14,3.759999990463257
2025-01-02,300046,13:30:00.000,15,output_14,2.509999990463257
2025-01-02,300046,13:40:00.000,16,output_14,3.869999885559082
2025-01-02,300046,13:50:00.000,17,output_14,6.670000076293945
2025-01-02,300046,14:00:00.000,18,output_14,3.4800000190734863
2025-01-02,300046,14:10:00.000,19,output_14,7.579999923706055
2025-01-02,300046,14:20:00.000,20,output_14,3.7799999713897705
2025-01-02,300046,14:30:00.000,21,output_14,5.009999990463257
2025-01-02,300046,14:40:00.000,22,output_14,6.130000114440918
2025-01-02,300046,14:50:00.000,23,output_14,7.56000018119812
2025-01-02,300046,14:56:00.000,24,output_14,2.2799999713897705
2025-01-02,300046,14:57:05.000,25,output_14,1.1600000858306885
2025-01-02,300046,15:05:00.000,26,output_14,2.879999876022339
2025-01-02,300100,09:31:00.000,0,output_14,40.39999985694885
2025-01-02,300100,09:40:00.000,1,output_14,1.5699999332427979
2025-01-02,300100,09:50:00.000,2,output_14,5.829999923706055
2025-01-02,300100,10:00:00.000,3,output_14,2.570000171661377
2025-01-02,300100,10:10:00.000,4,output_14,3.6499998569488525
2025-01-02,300100,10:20:00.000,5,output_14,4.210000038146973
2025-01-02,300100,10:30:00.000,6,output_14,7.569999933242798
2025-01-02,300100,10:40:00.000,7,output_14,2.700000047683716
2025-01-02,300100,10:50:00.000,8,output_14,3.120000123977661
2025-01-02,300100,11:00:00.000,9,output_14,2.190000057220459
2025-01-02,300100,11:10:00.000,10,output_14,4.490000009536743
2025-01-02,300100,11:20:00.000,11,output_14,7.370000123977661
2025-01-02,300100,11:30:05.000,12,output_14,15.329999923706055
2025-01-02,300100,13:10:00.000,13,output_14,6.460000038146973
2025-01-02,300100,13:20:00.000,14,output_14,10.430000066757202
2025-01-02,300100,13:30:00.000,15,output_14,7.230000019073486
2025-01-02,300100,13:40:00.000,16,output_14,14.990000009536743
2025-01-02,300100,13:50:00.000,17,output_14,7.909999847412109
2025-01-02,300100,14:00:00.000,18,output_14,6.940000057220459
2025-01-02,300100,14:10:00.000,19,output_14,11.099999904632568
2025-01-02,300100,14:20:00.000,20,output_14,8.680000066757202
2025-01-02,300100,14:30:00.000,21,output_14,7.799999952316284
2025-01-02,300100,14:40:00.000,22,output_14,6.769999980926514
2025-01-02,300100,14:50:00.000,23,output_14,4.509999990463257
2025-01-02,300100,14:56:00.000,24,output_14,2.8000001907348633
2025-01-02,300100,14:57:05.000,25,output_14,2.0200002193450928
2025-01-02,300100,15:05:00.000,26,output_14,3.7300000190734863
2025-01-02,300214,09:31:00.000,0,output_14,125.90000009536743
2025-01-02,300214,09:40:00.000,1,output_14,13.52999997138977
2025-01-02,300214,09:50:00.000,2,output_14,15.789999961853027
2025-01-02,300214,10:00:00.000,3,output_14,38.17999982833862
2025-01-02,300214,10:10:00.000,4,output_14,19.569999933242798
2025-01-02,300214,10:20:00.000,5,output_14,30.110000133514404
2025-01-02,300214,10:30:00.000,6,output_14,16.33999991416931
2025-01-02,300214,10:40:00.000,7,output_14,48.49000000953674
2025-01-02,300214,10:50:00.000,8,output_14,34.87999987602234
2025-01-02,300214,11:00:00.000,9,output_14,44.730000019073486
2025-01-02,300214,11:10:00.000,10,output_14,26.799999952316284
2025-01-02,300214,11:20:00.000,11,output_14,15.230000019073486
2025-01-02,300214,11:30:05.000,12,output_14,9.52999997138977
2025-01-02,300214,13:10:00.000,13,output_14,15.039999961853027
2025-01-02,300214,13:20:00.000,14,output_14,15.890000104904175
2025-01-02,300214,13:30:00.000,15,output_14,22.140000104904175
2025-01-02,300214,13:40:00.000,16,output_14,22.44000005722046
2025-01-02,300214,13:50:00.000,17,output_14,41.25999999046326
2025-01-02,300214,14:00:00.000,18,output_14,44.99000000953674
2025-01-02,300214,14:10:00.000,19,output_14,48.670000076293945
2025-01-02,300214,14:20:00.000,20,output_14,47.4300000667572
2025-01-02,300214,14:30:00.000,21,output_14,32.87000012397766
2025-01-02,300214,14:40:00.000,22,output_14,29.609999895095825
2025-01-02,300214,14:50:00.000,23,output_14,16.509999990463257
2025-01-02,300214,14:56:00.000,24,output_14,5.919999837875366
2025-01-02,300214,14:57:05.000,25,output_14,5.080000162124634
2025-01-02,300214,15:05:00.000,26,output_14,4.5899999141693115
2025-01-02,300779,09:31:00.000,0,output_14,67.25999999046326
2025-01-02,300779,09:40:00.000,1,output_14,6.890000104904175
2025-01-02,300779,09:50:00.000,2,output_14,8.410000085830688
2025-01-02,300779,10:00:00.000,3,output_14,10.139999866485596
2025-01-02,300779,10:10:00.000,4,output_14,9.419999837875366
2025-01-02,300779,10:20:00.000,5,output_14,12.200000047683716
2025-01-02,300779,10:30:00.000,6,output_14,14.730000019073486
2025-01-02,300779,10:40:00.000,7,output_14,25.139999866485596
2025-01-02,300779,10:50:00.000,8,output_14,27.819999933242798
2025-01-02,300779,11:00:00.000,9,output_14,36.64999985694885
2025-01-02,300779,11:10:00.000,10,output_14,11.670000076293945
2025-01-02,300779,11:20:00.000,11,output_14,14.170000076293945
2025-01-02,300779,11:30:05.000,12,output_14,21.289999961853027
2025-01-02,300779,13:10:00.000,13,output_14,23.77999997138977
2025-01-02,300779,13:20:00.000,14,output_14,33.389999866485596
2025-01-02,300779,13:30:00.000,15,output_14,16.65000009536743
2025-01-02,300779,13:40:00.000,16,output_14,32.25
2025-01-02,300779,13:50:00.000,17,output_14,7.590000152587891
2025-01-02,300779,14:00:00.000,18,output_14,20.5
2025-01-02,300779,14:10:00.000,19,output_14,27.860000133514404
2025-01-02,300779,14:20:00.000,20,output_14,6.840000152587891
2025-01-02,300779,14:30:00.000,21,output_14,18.859999895095825
2025-01-02,300779,14:40:00.000,22,output_14,19.69000005722046
2025-01-02,300779,14:50:00.000,23,output_14,12.120000123977661
2025-01-02,300779,14:56:00.000,24,output_14,4.480000019073486
2025-01-02,300779,14:57:05.000,25,output_14,3.68999981880188
2025-01-02,300779,15:05:00.000,26,output_14,8.669999837875366
2025-01-02,300816,09:31:00.000,0,output_14,123.92000007629395
2025-01-02,300816,09:40:00.000,1,output_14,8.97000002861023
2025-01-02,300816,09:50:00.000,2,output_14,9.859999895095825
2025-01-02,300816,10:00:00.000,3,output_14,24.91000008583069
2025-01-02,300816,10:10:00.000,4,output_14,30.450000047683716
2025-01-02,300816,10:20:00.000,5,output_14,27.90000009536743
2025-01-02,300816,10:30:00.000,6,output_14,29.019999980926514
2025-01-02,300816,10:40:00.000,7,output_14,29.34999990463257
2025-01-02,300816,10:50:00.000,8,output_14,79.51999998092651
2025-01-02,300816,11:00:00.000,9,output_14,37.46000003814697
2025-01-02,300816,11:10:00.000,10,output_14,102.71000003814697
2025-01-02,300816,11:20:00.000,11,output_14,28.519999980926514
2025-01-02,300816,11:30:05.000,12,output_14,119.53999996185303
2025-01-02,300816,13:10:00.000,13,output_14,35.16000008583069
2025-01-02,300816,13:20:00.000,14,output_14,26.639999866485596
2025-01-02,300816,13:30:00.000,15,output_14,29.100000143051147
2025-01-02,300816,13:40:00.000,16,output_14,45.730000019073486
2025-01-02,300816,13:50:00.000,17,output_14,31.919999837875366
2025-01-02,300816,14:00:00.000,18,output_14,118.30999994277954
2025-01-02,300816,14:10:00.000,19,output_14,59.0699999332428
2025-01-02,300816,14:20:00.000,20,output_14,27.699999809265137
2025-01-02,300816,14:30:00.000,21,output_14,31.12999987602234
2025-01-02,300816,14:40:00.000,22,output_14,31.30999994277954
2025-01-02,300816,14:50:00.000,23,output_14,24.170000076293945
2025-01-02,300816,14:56:00.000,24,output_14,10.339999914169312
2025-01-02,300816,14:57:05.000,25,output_14,2.7300000190734863
2025-01-02,300816,15:05:00.000,26,output_14,20.359999895095825
2025-01-02,301157,09:31:00.000,0,output_14,157.44000005722046
2025-01-02,301157,09:40:00.000,1,output_14,8.339999914169312
2025-01-02,301157,09:50:00.000,2,output_14,13.860000133514404
2025-01-02,301157,10:00:00.000,3,output_14,17.730000019073486
2025-01-02,301157,10:10:00.000,4,output_14,17.65000009536743
2025-01-02,301157,10:20:00.000,5,output_14,28.62000012397766
2025-01-02,301157,10:30:00.000,6,output_14,12.009999990463257
2025-01-02,301157,10:40:00.000,7,output_14,31.12999987602234
2025-01-02,301157,10:50:00.000,8,output_14,28.72000002861023
2025-01-02,301157,11:00:00.000,9,output_14,18.039999961853027
2025-01-02,301157,11:10:00.000,10,output_14,22.889999866485596
2025-01-02,301157,11:20:00.000,11,output_14,9.75
2025-01-02,301157,11:30:05.000,12,output_14,23.66000008583069
2025-01-02,301157,13:10:00.000,13,output_14,30.880000114440918
2025-01-02,301157,13:20:00.000,14,output_14,29.119999885559082
2025-01-02,301157,13:30:00.000,15,output_14,43.75
2025-01-02,301157,13:40:00.000,16,output_14,32.8199999332428
2025-01-02,301157,13:50:00.000,17,output_14,37.91000008583069
2025-01-02,301157,14:00:00.000,18,output_14,44.639999866485596
2025-01-02,301157,14:10:00.000,19,output_14,34.44000005722046
2025-01-02,301157,14:20:00.000,20,output_14,29.579999923706055
2025-01-02,301157,14:30:00.000,21,output_14,18.299999952316284
2025-01-02,301157,14:40:00.000,22,output_14,28.30999994277954
2025-01-02,301157,14:50:00.000,23,output_14,11.980000019073486
2025-01-02,301157,14:56:00.000,24,output_14,3.7799999713897705
2025-01-02,301157,14:57:05.000,25,output_14,2.5
2025-01-02,301157,15:05:00.000,26,output_14,6.759999990463257
2025-01-03,000548,09:31:00.000,0,output_14,15.490000009536743
2025-01-03,000548,09:40:00.000,1,output_14,10.109999895095825
2025-01-03,000548,09:50:00.000,2,output_14,12.069999933242798
2025-01-03,000548,10:00:00.000,3,output_14,14.860000133514404
2025-01-03,000548,10:10:00.000,4,output_14,20.30999994277954
2025-01-03,000548,10:20:00.000,5,output_14,18.930000066757202
2025-01-03,000548,10:30:00.000,6,output_14,17.0
2025-01-03,000548,10:40:00.000,7,output_14,31.009999990463257
2025-01-03,000548,10:50:00.000,8,output_14,30.290000200271606
2025-01-03,000548,11:00:00.000,9,output_14,36.419999837875366
2025-01-03,000548,11:10:00.000,10,output_14,27.140000104904175
2025-01-03,000548,11:20:00.000,11,output_14,32.83999991416931
2025-01-03,000548,11:30:05.000,12,output_14,53.72000002861023
2025-01-03,000548,13:10:00.000,13,output_14,18.899999856948853
2025-01-03,000548,13:20:00.000,14,output_14,23.350000143051147
2025-01-03,000548,13:30:00.000,15,output_14,18.759999990463257
2025-01-03,000548,13:40:00.000,16,output_14,30.550000190734863
2025-01-03,000548,13:50:00.000,17,output_14,35.58999991416931
2025-01-03,000548,14:00:00.000,18,output_14,26.58999991416931
2025-01-03,000548,14:10:00.000,19,output_14,22.710000038146973
2025-01-03,000548,14:20:00.000,20,output_14,18.16000008583069
2025-01-03,000548,14:30:00.000,21,output_14,10.930000066757202
2025-01-03,000548,14:40:00.000,22,output_14,19.72000002861023
2025-01-03,000548,14:50:00.000,23,output_14,38.07000017166138
2025-01-03,000548,14:56:00.000,24,output_14,6.009999990463257
2025-01-03,000548,14:57:05.000,25,output_14,1.5200002193450928
2025-01-03,000548,15:05:00.000,26,output_14,9.740000009536743
2025-01-03,000677,09:31:00.000,0,output_14,77.37999987602234
2025-01-03,000677,09:40:00.000,1,output_14,6.740000009536743
2025-01-03,000677,09:50:00.000,2,output_14,6.869999885559082
2025-01-03,000677,10:00:00.000,3,output_14,6.829999923706055
2025-01-03,000677,10:10:00.000,4,output_14,6.700000047683716
2025-01-03,000677,10:20:00.000,5,output_14,13.169999837875366
2025-01-03,000677,10:30:00.000,6,output_14,10.449999809265137
2025-01-03,000677,10:40:00.000,7,output_14,12.809999942779541
2025-01-03,000677,10:50:00.000,8,output_14,7.0299999713897705
2025-01-03,000677,11:00:00.000,9,output_14,12.359999895095825
2025-01-03,000677,11:10:00.000,10,output_14,24.44000005722046
2025-01-03,000677,11:20:00.000,11,output_14,24.5
2025-01-03,000677,11:30:05.000,12,output_14,17.619999885559082
2025-01-03,000677,13:10:00.000,13,output_14,19.050000190734863
2025-01-03,000677,13:20:00.000,14,output_14,16.210000038146973
2025-01-03,000677,13:30:00.000,15,output_14,18.540000200271606
2025-01-03,000677,13:40:00.000,16,output_14,12.009999990463257
2025-01-03,000677,13:50:00.000,17,output_14,11.289999961853027
2025-01-03,000677,14:00:00.000,18,output_14,9.059999942779541
2025-01-03,000677,14:10:00.000,19,output_14,9.940000057220459
2025-01-03,000677,14:20:00.000,20,output_14,14.009999990463257
2025-01-03,000677,14:30:00.000,21,output_14,11.940000057220459
2025-01-03,000677,14:40:00.000,22,output_14,12.680000066757202
2025-01-03,000677,14:50:00.000,23,output_14,12.019999980926514
2025-01-03,000677,14:56:00.000,24,output_14,8.299999952316284
2025-01-03,000677,14:57:05.000,25,output_14,3.200000047683716
2025-01-03,000677,15:05:00.000,26,output_14,6.429999828338623
2025-01-03,002079,09:31:00.000,0,output_14,51.34000015258789
2025-01-03,002079,09:40:00.000,1,output_14,5.2900002002716064
2025-01-03,002079,09:50:00.000,2,output_14,5.5899999141693115
2025-01-03,002079,10:00:00.000,3,output_14,6.130000114440918
2025-01-03,002079,10:10:00.000,4,output_14,7.170000076293945
2025-01-03,002079,10:20:00.000,5,output_14,8.709999799728394
2025-01-03,002079,10:30:00.000,6,output_14,5.309999942779541
2025-01-03,002079,10:40:00.000,7,output_14,8.509999990463257
2025-01-03,002079,10:50:00.000,8,output_14,25.37999987602234
2025-01-03,002079,11:00:00.000,9,output_14,12.140000104904175
2025-01-03,002079,11:10:00.000,10,output_14,12.360000133514404
2025-01-03,002079,11:20:00.000,11,output_14,23.420000076293945
2025-01-03,002079,11:30:05.000,12,output_14,22.77999997138977
2025-01-03,002079,13:10:00.000,13,output_14,12.910000085830688
2025-01-03,002079,13:20:00.000,14,output_14,9.210000038146973
2025-01-03,002079,13:30:00.000,15,output_14,10.019999980926514
2025-01-03,002079,13:40:00.000,16,output_14,7.330000162124634
2025-01-03,002079,13:50:00.000,17,output_14,6.009999990463257
2025-01-03,002079,14:00:00.000,18,output_14,5.759999990463257
2025-01-03,002079,14:10:00.000,19,output_14,4.549999952316284
2025-01-03,002079,14:20:00.000,20,output_14,5.7200000286102295
2025-01-03,002079,14:30:00.000,21,output_14,7.5899999141693115
2025-01-03,002079,14:40:00.000,22,output_14,5.180000066757202
2025-01-03,002079,14:50:00.000,23,output_14,6.670000076293945
2025-01-03,002079,14:56:00.000,24,output_14,3.2699999809265137
2025-01-03,002079,14:57:05.000,25,output_14,1.809999942779541
2025-01-03,002079,15:05:00.000,26,output_14,3.0199999809265137
2025-01-03,002177,09:31:00.000,0,output_14,43.47999978065491
2025-01-03,002177,09:40:00.000,1,output_14,2.320000171661377
2025-01-03,002177,09:50:00.000,2,output_14,2.0999999046325684
2025-01-03,002177,10:00:00.000,3,output_14,2.700000047683716
2025-01-03,002177,10:10:00.000,4,output_14,3.330000162124634
2025-01-03,002177,10:20:00.000,5,output_14,5.0899999141693115
2025-01-03,002177,10:30:00.000,6,output_14,3.690000057220459
2025-01-03,002177,10:40:00.000,7,output_14,5.730000019073486
2025-01-03,002177,10:50:00.000,8,output_14,6.449999809265137
2025-01-03,002177,11:00:00.000,9,output_14,9.27999997138977
2025-01-03,002177,11:10:00.000,10,output_14,11.809999942779541
2025-01-03,002177,11:20:00.000,11,output_14,12.25
2025-01-03,002177,11:30:05.000,12,output_14,13.599999904632568
2025-01-03,002177,13:10:00.000,13,output_14,15.539999961853027
2025-01-03,002177,13:20:00.000,14,output_14,10.319999933242798
2025-01-03,002177,13:30:00.000,15,output_14,12.820000171661377
2025-01-03,002177,13:40:00.000,16,output_14,14.47000002861023
2025-01-03,002177,13:50:00.000,17,output_14,14.269999980926514
2025-01-03,002177,14:00:00.000,18,output_14,5.380000114440918
2025-01-03,002177,14:10:00.000,19,output_14,5.429999828338623
2025-01-03,002177,14:20:00.000,20,output_14,5.440000057220459
2025-01-03,002177,14:30:00.000,21,output_14,9.209999799728394
2025-01-03,002177,14:40:00.000,22,output_14,4.4700000286102295
2025-01-03,002177,14:50:00.000,23,output_14,4.299999952316284
2025-01-03,002177,14:56:00.000,24,output_14,5.759999990463257
2025-01-03,002177,14:57:05.000,25,output_14,1.2899999618530273
2025-01-03,002177,15:05:00.000,26,output_14,2.059999942779541
2025-01-03,002311,09:31:00.000,0,output_14,56.15000009536743
2025-01-03,002311,09:40:00.000,1,output_14,8.789999961853027
2025-01-03,002311,09:50:00.000,2,output_14,7.859999895095825
2025-01-03,002311,10:00:00.000,3,output_14,6.75
2025-01-03,002311,10:10:00.000,4,output_14,8.320000171661377
2025-01-03,002311,10:20:00.000,5,output_14,5.930000066757202
2025-01-03,002311,10:30:00.000,6,output_14,19.94000005722046
2025-01-03,002311,10:40:00.000,7,output_14,8.609999895095825
2025-01-03,002311,10:50:00.000,8,output_14,16.829999923706055
2025-01-03,002311,11:00:00.000,9,output_14,12.130000114440918
2025-01-03,002311,11:10:00.000,10,output_14,15.820000171661377
2025-01-03,002311,11:20:00.000,11,output_14,10.710000038146973
2025-01-03,002311,11:30:05.000,12,output_14,9.740000009536743
2025-01-03,002311,13:10:00.000,13,output_14,7.300000190734863
2025-01-03,002311,13:20:00.000,14,output_14,5.2200000286102295
2025-01-03,002311,13:30:00.000,15,output_14,5.349999904632568
2025-01-03,002311,13:40:00.000,16,output_14,5.919999837875366
2025-01-03,002311,13:50:00.000,17,output_14,7.430000066757202
2025-01-03,002311,14:00:00.000,18,output_14,7.759999990463257
2025-01-03,002311,14:10:00.000,19,output_14,8.640000104904175
2025-01-03,002311,14:20:00.000,20,output_14,8.879999876022339
2025-01-03,002311,14:30:00.000,21,output_14,7.019999980926514
2025-01-03,002311,14:40:00.000,22,output_14,6.059999942779541
2025-01-03,002311,14:50:00.000,23,output_14,11.710000038146973
2025-01-03,002311,14:56:00.000,24,output_14,12.980000019073486
2025-01-03,002311,14:57:05.000,25,output_14,7.75
2025-01-03,002311,15:05:00.000,26,output_14,24.81000018119812
2025-01-03,002876,09:31:00.000,0,output_14,76.24000000953674
2025-01-03,002876,09:40:00.000,1,output_14,7.570000171661377
2025-01-03,002876,09:50:00.000,2,output_14,9.180000066757202
2025-01-03,002876,10:00:00.000,3,output_14,11.359999895095825
2025-01-03,002876,10:10:00.000,4,output_14,16.019999980926514
2025-01-03,002876,10:20:00.000,5,output_14,13.480000019073486
2025-01-03,002876,10:30:00.000,6,output_14,13.740000009536743
2025-01-03,002876,10:40:00.000,7,output_14,19.84999990463257
2025-01-03,002876,10:50:00.000,8,output_14,20.200000047683716
2025-01-03,002876,11:00:00.000,9,output_14,49.109999895095825
2025-01-03,002876,11:10:00.000,10,output_14,36.12999987602234
2025-01-03,002876,11:20:00.000,11,output_14,32.97000002861023
2025-01-03,002876,11:30:05.000,12,output_14,32.59000015258789
2025-01-03,002876,13:10:00.000,13,output_14,22.109999895095825
2025-01-03,002876,13:20:00.000,14,output_14,15.72000002861023
2025-01-03,002876,13:30:00.000,15,output_14,28.22000002861023
2025-01-03,002876,13:40:00.000,16,output_14,17.77999997138977
2025-01-03,002876,13:50:00.000,17,output_14,15.859999895095825
2025-01-03,002876,14:00:00.000,18,output_14,10.430000066757202
2025-01-03,002876,14:10:00.000,19,output_14,17.830000162124634
2025-01-03,002876,14:20:00.000,20,output_14,6.25
2025-01-03,002876,14:30:00.000,21,output_14,5.619999885559082
2025-01-03,002876,14:40:00.000,22,output_14,13.77999997138977
2025-01-03,002876,14:50:00.000,23,output_14,8.789999961853027
2025-01-03,002876,14:56:00.000,24,output_14,6.579999923706055
2025-01-03,002876,14:57:05.000,25,output_14,1.4300000667572021
2025-01-03,002876,15:05:00.000,26,output_14,6.809999942779541
2025-01-03,300967,09:31:00.000,0,output_14,77.52999997138977
2025-01-03,300967,09:40:00.000,1,output_14,18.119999885559082
2025-01-03,300967,09:50:00.000,2,output_14,19.710000038146973
2025-01-03,300967,10:00:00.000,3,output_14,11.920000076293945
2025-01-03,300967,10:10:00.000,4,output_14,15.129999876022339
2025-01-03,300967,10:20:00.000,5,output_14,17.66000008583069
2025-01-03,300967,10:30:00.000,6,output_14,17.450000047683716
2025-01-03,300967,10:40:00.000,7,output_14,19.52999997138977
2025-01-03,300967,10:50:00.000,8,output_14,19.710000038146973
2025-01-03,300967,11:00:00.000,9,output_14,10.259999990463257
2025-01-03,300967,11:10:00.000,10,output_14,27.230000019073486
2025-01-03,300967,11:20:00.000,11,output_14,37.639999866485596
2025-01-03,300967,11:30:05.000,12,output_14,56.859999895095825
2025-01-03,300967,13:10:00.000,13,output_14,32.15000009536743
2025-01-03,300967,13:20:00.000,14,output_14,26.31000018119812
2025-01-03,300967,13:30:00.000,15,output_14,20.430000066757202
2025-01-03,300967,13:40:00.000,16,output_14,45.6800000667572
2025-01-03,300967,13:50:00.000,17,output_14,48.62000012397766
2025-01-03,300967,14:00:00.000,18,output_14,31.920000076293945
2025-01-03,300967,14:10:00.000,19,output_14,24.019999980926514
2025-01-03,300967,14:20:00.000,20,output_14,21.77999997138977
2025-01-03,300967,14:30:00.000,21,output_14,14.789999961853027
2025-01-03,300967,14:40:00.000,22,output_14,27.490000009536743
2025-01-03,300967,14:50:00.000,23,output_14,11.100000143051147
2025-01-03,300967,14:56:00.000,24,output_14,14.0
2025-01-03,300967,14:57:05.000,25,output_14,9.369999885559082
2025-01-03,300967,15:05:00.000,26,output_14,15.579999923706055
2025-01-03,301035,09:31:00.000,0,output_14,47.859999895095825
2025-01-03,301035,09:40:00.000,1,output_14,15.099999904632568
2025-01-03,301035,09:50:00.000,2,output_14,29.539999961853027
2025-01-03,301035,10:00:00.000,3,output_14,16.68999981880188
2025-01-03,301035,10:10:00.000,4,output_14,29.019999980926514
2025-01-03,301035,10:20:00.000,5,output_14,39.480000019073486
2025-01-03,301035,10:30:00.000,6,output_14,58.950000047683716
2025-01-03,301035,10:40:00.000,7,output_14,48.6800000667572
2025-01-03,301035,10:50:00.000,8,output_14,51.980000019073486
2025-01-03,301035,11:00:00.000,9,output_14,91.74000000953674
2025-01-03,301035,11:10:00.000,10,output_14,29.990000009536743
2025-01-03,301035,11:20:00.000,11,output_14,87.60000014305115
2025-01-03,301035,11:30:05.000,12,output_14,141.24000000953674
2025-01-03,301035,13:10:00.000,13,output_14,25.390000104904175
2025-01-03,301035,13:20:00.000,14,output_14,47.360000133514404
2025-01-03,301035,13:30:00.000,15,output_14,49.3199999332428
2025-01-03,301035,13:40:00.000,16,output_14,36.94000005722046
2025-01-03,301035,13:50:00.000,17,output_14,69.57999992370605
2025-01-03,301035,14:00:00.000,18,output_14,29.299999952316284
2025-01-03,301035,14:10:00.000,19,output_14,31.90000009536743
2025-01-03,301035,14:20:00.000,20,output_14,17.34000015258789
2025-01-03,301035,14:30:00.000,21,output_14,34.62999987602234
2025-01-03,301035,14:40:00.000,22,output_14,35.38000011444092
2025-01-03,301035,14:50:00.000,23,output_14,28.899999856948853
2025-01-03,301035,14:56:00.000,24,output_14,14.690000057220459
2025-01-03,301035,14:57:05.000,25,output_14,4.069999933242798
2025-01-03,301035,15:05:00.000,26,output_14,30.359999895095825
2025-01-03,301049,09:31:00.000,0,output_14,206.33000016212463
2025-01-03,301049,09:40:00.000,1,output_14,9.670000076293945
2025-01-03,301049,09:50:00.000,2,output_14,23.389999866485596
2025-01-03,301049,10:00:00.000,3,output_14,30.300000190734863
2025-01-03,301049,10:10:00.000,4,output_14,60.44000005722046
2025-01-03,301049,10:20:00.000,5,output_14,39.30000019073486
2025-01-03,301049,10:30:00.000,6,output_14,18.050000190734863
2025-01-03,301049,10:40:00.000,7,output_14,42.05999994277954
2025-01-03,301049,10:50:00.000,8,output_14,27.700000047683716
2025-01-03,301049,11:00:00.000,9,output_14,39.200000047683716
2025-01-03,301049,11:10:00.000,10,output_14,40.62000012397766
2025-01-03,301049,11:20:00.000,11,output_14,75.34999990463257
2025-01-03,301049,11:30:05.000,12,output_14,94.86999988555908
2025-01-03,301049,13:10:00.000,13,output_14,57.389999866485596
2025-01-03,301049,13:20:00.000,14,output_14,43.13000011444092
2025-01-03,301049,13:30:00.000,15,output_14,150.44000005722046
2025-01-03,301049,13:40:00.000,16,output_14,36.139999866485596
2025-01-03,301049,13:50:00.000,17,output_14,67.40000009536743
2025-01-03,301049,14:00:00.000,18,output_14,60.07000017166138
2025-01-03,301049,14:10:00.000,19,output_14,45.480000019073486
2025-01-03,301049,14:20:00.000,20,output_14,34.99000000953674
2025-01-03,301049,14:30:00.000,21,output_14,73.98000001907349
2025-01-03,301049,14:40:00.000,22,output_14,24.569999933242798
2025-01-03,301049,14:50:00.000,23,output_14,49.46000003814697
2025-01-03,301049,14:56:00.000,24,output_14,18.71999979019165
2025-01-03,301049,14:57:05.000,25,output_14,2.190000057220459
2025-01-03,301049,15:05:00.000,26,output_14,6.940000057220459
2025-01-03,301393,09:31:00.000,0,output_14,75.25999999046326
2025-01-03,301393,09:40:00.000,1,output_14,14.960000038146973
2025-01-03,301393,09:50:00.000,2,output_14,23.420000076293945
2025-01-03,301393,10:00:00.000,3,output_14,25.08999991416931
2025-01-03,301393,10:10:00.000,4,output_14,30.77999997138977
2025-01-03,301393,10:20:00.000,5,output_14,11.120000123977661
2025-01-03,301393,10:30:00.000,6,output_14,32.62999987602234
2025-01-03,301393,10:40:00.000,7,output_14,42.27000021934509
2025-01-03,301393,10:50:00.000,8,output_14,66.05999994277954
2025-01-03,301393,11:00:00.000,9,output_14,91.69000005722046
2025-01-03,301393,11:10:00.000,10,output_14,34.44000005722046
2025-01-03,301393,11:20:00.000,11,output_14,46.139999866485596
2025-01-03,301393,11:30:05.000,12,output_14,81.1100001335144
2025-01-03,301393,13:10:00.000,13,output_14,28.769999980926514
2025-01-03,301393,13:20:00.000,14,output_14,22.610000133514404
2025-01-03,301393,13:30:00.000,15,output_14,26.289999961853027
2025-01-03,301393,13:40:00.000,16,output_14,38.769999980926514
2025-01-03,301393,13:50:00.000,17,output_14,53.269999980926514
2025-01-03,301393,14:00:00.000,18,output_14,32.950000047683716
2025-01-03,301393,14:10:00.000,19,output_14,13.670000076293945
2025-01-03,301393,14:20:00.000,20,output_14,25.399999856948853
2025-01-03,301393,14:30:00.000,21,output_14,50.139999866485596
2025-01-03,301393,14:40:00.000,22,output_14,52.50999999046326
2025-01-03,301393,14:50:00.000,23,output_14,36.72000002861023
2025-01-03,301393,14:56:00.000,24,output_14,19.429999828338623
2025-01-03,301393,14:57:05.000,25,output_14,5.3999998569488525
2025-01-03,301393,15:05:00.000,26,output_14,21.66000008583069
2025-01-06,000848,09:31:00.000,0,output_14,26.789999961853027
2025-01-06,000848,09:40:00.000,1,output_14,4.109999895095825
2025-01-06,000848,09:50:00.000,2,output_14,6.799999952316284
2025-01-06,000848,10:00:00.000,3,output_14,16.069999933242798
2025-01-06,000848,10:10:00.000,4,output_14,8.429999828338623
2025-01-06,000848,10:20:00.000,5,output_14,8.5
2025-01-06,000848,10:30:00.000,6,output_14,14.27999997138977
2025-01-06,000848,10:40:00.000,7,output_14,20.44000005722046
2025-01-06,000848,10:50:00.000,8,output_14,9.789999961853027
2025-01-06,000848,11:00:00.000,9,output_14,10.059999942779541
2025-01-06,000848,11:10:00.000,10,output_14,11.559999942779541
2025-01-06,000848,11:20:00.000,11,output_14,25.25
2025-01-06,000848,11:30:05.000,12,output_14,19.97000002861023
2025-01-06,000848,13:10:00.000,13,output_14,13.109999895095825
2025-01-06,000848,13:20:00.000,14,output_14,7.680000066757202
2025-01-06,000848,13:30:00.000,15,output_14,11.019999980926514
2025-01-06,000848,13:40:00.000,16,output_14,19.0
2025-01-06,000848,13:50:00.000,17,output_14,13.289999961853027
2025-01-06,000848,14:00:00.000,18,output_14,18.269999980926514
2025-01-06,000848,14:10:00.000,19,output_14,20.079999923706055
2025-01-06,000848,14:20:00.000,20,output_14,12.490000009536743
2025-01-06,000848,14:30:00.000,21,output_14,16.539999961853027
2025-01-06,000848,14:40:00.000,22,output_14,7.8500001430511475
2025-01-06,000848,14:50:00.000,23,output_14,11.839999914169312
2025-01-06,000848,14:56:00.000,24,output_14,7.75
2025-01-06,000848,14:57:05.000,25,output_14,3.8399999141693115
2025-01-06,000848,15:05:00.000,26,output_14,14.27999997138977
2025-01-06,000949,09:31:00.000,0,output_14,21.539999961853027
2025-01-06,000949,09:40:00.000,1,output_14,4.7200000286102295
2025-01-06,000949,09:50:00.000,2,output_14,5.289999961853027
2025-01-06,000949,10:00:00.000,3,output_14,9.899999856948853
2025-01-06,000949,10:10:00.000,4,output_14,6.730000019073486
2025-01-06,000949,10:20:00.000,5,output_14,8.009999990463257
2025-01-06,000949,10:30:00.000,6,output_14,6.340000152587891
2025-01-06,000949,10:40:00.000,7,output_14,8.799999952316284
2025-01-06,000949,10:50:00.000,8,output_14,8.509999990463257
2025-01-06,000949,11:00:00.000,9,output_14,4.849999904632568
2025-01-06,000949,11:10:00.000,10,output_14,5.800000190734863
2025-01-06,000949,11:20:00.000,11,output_14,5.140000104904175
2025-01-06,000949,11:30:05.000,12,output_14,8.170000076293945
2025-01-06,000949,13:10:00.000,13,output_14,33.36999988555908
2025-01-06,000949,13:20:00.000,14,output_14,13.329999923706055
2025-01-06,000949,13:30:00.000,15,output_14,15.139999866485596
2025-01-06,000949,13:40:00.000,16,output_14,8.190000057220459
2025-01-06,000949,13:50:00.000,17,output_14,9.97000002861023
2025-01-06,000949,14:00:00.000,18,output_14,16.430000066757202
2025-01-06,000949,14:10:00.000,19,output_14,20.02999997138977
2025-01-06,000949,14:20:00.000,20,output_14,21.41000008583069
2025-01-06,000949,14:30:00.000,21,output_14,9.009999990463257
2025-01-06,000949,14:40:00.000,22,output_14,13.570000171661377
2025-01-06,000949,14:50:00.000,23,output_14,7.840000152587891
2025-01-06,000949,14:56:00.000,24,output_14,5.019999980926514
2025-01-06,000949,14:57:05.000,25,output_14,2.950000047683716
2025-01-06,000949,15:05:00.000,26,output_14,7.769999980926514
2025-01-06,002307,09:31:00.000,0,output_14,47.47000002861023
2025-01-06,002307,09:40:00.000,1,output_14,10.77999997138977
2025-01-06,002307,09:50:00.000,2,output_14,7.730000019073486
2025-01-06,002307,10:00:00.000,3,output_14,9.190000057220459
2025-01-06,002307,10:10:00.000,4,output_14,8.740000009536743
2025-01-06,002307,10:20:00.000,5,output_14,8.450000047683716
2025-01-06,002307,10:30:00.000,6,output_14,11.0
2025-01-06,002307,10:40:00.000,7,output_14,18.800000190734863
2025-01-06,002307,10:50:00.000,8,output_14,29.83999991416931
2025-01-06,002307,11:00:00.000,9,output_14,23.549999952316284
2025-01-06,002307,11:10:00.000,10,output_14,35.75
2025-01-06,002307,11:20:00.000,11,output_14,20.019999980926514
2025-01-06,002307,11:30:05.000,12,output_14,31.58999991416931
2025-01-06,002307,13:10:00.000,13,output_14,42.13000011444092
2025-01-06,002307,13:20:00.000,14,output_14,30.990000009536743
2025-01-06,002307,13:30:00.000,15,output_14,35.329999923706055
2025-01-06,002307,13:40:00.000,16,output_14,17.84000015258789
2025-01-06,002307,13:50:00.000,17,output_14,9.539999961853027
2025-01-06,002307,14:00:00.000,18,output_14,11.460000038146973
2025-01-06,002307,14:10:00.000,19,output_14,16.960000038146973
2025-01-06,002307,14:20:00.000,20,output_14,15.259999990463257
2025-01-06,002307,14:30:00.000,21,output_14,21.65999984741211
2025-01-06,002307,14:40:00.000,22,output_14,14.449999809265137
2025-01-06,002307,14:50:00.000,23,output_14,6.370000123977661
2025-01-06,002307,14:56:00.000,24,output_14,6.5299999713897705
2025-01-06,002307,14:57:05.000,25,output_14,6.370000123977661
2025-01-06,002307,15:05:00.000,26,output_14,9.34000015258789
2025-01-06,300284,09:31:00.000,0,output_14,77.27999997138977
2025-01-06,300284,09:40:00.000,1,output_14,6.829999923706055
2025-01-06,300284,09:50:00.000,2,output_14,4.710000038146973
2025-01-06,300284,10:00:00.000,3,output_14,9.960000038146973
2025-01-06,300284,10:10:00.000,4,output_14,9.940000057220459
2025-01-06,300284,10:20:00.000,5,output_14,10.319999933242798
2025-01-06,300284,10:30:00.000,6,output_14,11.980000019073486
2025-01-06,300284,10:40:00.000,7,output_14,12.629999876022339
2025-01-06,300284,10:50:00.000,8,output_14,6.919999837875366
2025-01-06,300284,11:00:00.000,9,output_14,12.570000171661377
2025-01-06,300284,11:10:00.000,10,output_14,15.379999876022339
2025-01-06,300284,11:20:00.000,11,output_14,18.87999987602234
2025-01-06,300284,11:30:05.000,12,output_14,7.980000019073486
2025-01-06,300284,13:10:00.000,13,output_14,13.039999961853027
2025-01-06,300284,13:20:00.000,14,output_14,14.120000123977661
2025-01-06,300284,13:30:00.000,15,output_14,12.269999980926514
2025-01-06,300284,13:40:00.000,16,output_14,15.65999984741211
2025-01-06,300284,13:50:00.000,17,output_14,13.27999997138977
2025-01-06,300284,14:00:00.000,18,output_14,20.569999933242798
2025-01-06,300284,14:10:00.000,19,output_14,17.27999997138977
2025-01-06,300284,14:20:00.000,20,output_14,10.349999904632568
2025-01-06,300284,14:30:00.000,21,output_14,12.389999866485596
2025-01-06,300284,14:40:00.000,22,output_14,4.269999980926514
2025-01-06,300284,14:50:00.000,23,output_14,8.789999961853027
2025-01-06,300284,14:56:00.000,24,output_14,8.359999895095825
2025-01-06,300284,14:57:05.000,25,output_14,5.319999933242798
2025-01-06,300284,15:05:00.000,26,output_14,6.380000114440918
2025-01-06,300329,09:31:00.000,0,output_14,102.76999998092651
2025-01-06,300329,09:40:00.000,1,output_14,11.199999809265137
2025-01-06,300329,09:50:00.000,2,output_14,17.950000047683716
2025-01-06,300329,10:00:00.000,3,output_14,11.25
2025-01-06,300329,10:10:00.000,4,output_14,25.420000076293945
2025-01-06,300329,10:20:00.000,5,output_14,25.069999933242798
2025-01-06,300329,10:30:00.000,6,output_14,21.640000104904175
2025-01-06,300329,10:40:00.000,7,output_14,38.169999837875366
2025-01-06,300329,10:50:00.000,8,output_14,19.75
2025-01-06,300329,11:00:00.000,9,output_14,30.210000038146973
2025-01-06,300329,11:10:00.000,10,output_14,33.230000019073486
2025-01-06,300329,11:20:00.000,11,output_14,17.44000005722046
2025-01-06,300329,11:30:05.000,12,output_14,30.369999885559082
2025-01-06,300329,13:10:00.000,13,output_14,17.929999828338623
2025-01-06,300329,13:20:00.000,14,output_14,18.920000076293945
2025-01-06,300329,13:30:00.000,15,output_14,18.16000008583069
2025-01-06,300329,13:40:00.000,16,output_14,25.759999990463257
2025-01-06,300329,13:50:00.000,17,output_14,32.03999996185303
2025-01-06,300329,14:00:00.000,18,output_14,39.5
2025-01-06,300329,14:10:00.000,19,output_14,27.350000143051147
2025-01-06,300329,14:20:00.000,20,output_14,53.09000015258789
2025-01-06,300329,14:30:00.000,21,output_14,36.0699999332428
2025-01-06,300329,14:40:00.000,22,output_14,37.91000008583069
2025-01-06,300329,14:50:00.000,23,output_14,21.710000038146973
2025-01-06,300329,14:56:00.000,24,output_14,14.140000104904175
2025-01-06,300329,14:57:05.000,25,output_14,10.27999997138977
2025-01-06,300329,15:05:00.000,26,output_14,15.669999837875366
2025-01-06,300584,09:31:00.000,0,output_14,42.40000009536743
2025-01-06,300584,09:40:00.000,1,output_14,8.420000076293945
2025-01-06,300584,09:50:00.000,2,output_14,10.769999980926514
2025-01-06,300584,10:00:00.000,3,output_14,11.359999895095825
2025-01-06,300584,10:10:00.000,4,output_14,20.84999990463257
2025-01-06,300584,10:20:00.000,5,output_14,14.850000143051147
2025-01-06,300584,10:30:00.000,6,output_14,25.66000008583069
2025-01-06,300584,10:40:00.000,7,output_14,33.109999895095825
2025-01-06,300584,10:50:00.000,8,output_14,31.350000143051147
2025-01-06,300584,11:00:00.000,9,output_14,23.40000009536743
2025-01-06,300584,11:10:00.000,10,output_14,38.88000011444092
2025-01-06,300584,11:20:00.000,11,output_14,40.27999997138977
2025-01-06,300584,11:30:05.000,12,output_14,40.97000002861023
2025-01-06,300584,13:10:00.000,13,output_14,34.859999895095825
2025-01-06,300584,13:20:00.000,14,output_14,28.039999961853027
2025-01-06,300584,13:30:00.000,15,output_14,36.80999994277954
2025-01-06,300584,13:40:00.000,16,output_14,37.25999999046326
2025-01-06,300584,13:50:00.000,17,output_14,39.38000011444092
2025-01-06,300584,14:00:00.000,18,output_14,57.40999984741211
2025-01-06,300584,14:10:00.000,19,output_14,24.22000002861023
2025-01-06,300584,14:20:00.000,20,output_14,51.00999999046326
2025-01-06,300584,14:30:00.000,21,output_14,33.25999999046326
2025-01-06,300584,14:40:00.000,22,output_14,51.91000008583069
2025-01-06,300584,14:50:00.000,23,output_14,8.169999837875366
2025-01-06,300584,14:56:00.000,24,output_14,9.369999885559082
2025-01-06,300584,14:57:05.000,25,output_14,1.320000171661377
2025-01-06,300584,15:05:00.000,26,output_14,11.580000162124634
2025-01-06,300947,09:31:00.000,0,output_14,42.87000012397766
2025-01-06,300947,09:40:00.000,1,output_14,3.9000000953674316
2025-01-06,300947,09:50:00.000,2,output_14,11.169999837875366
2025-01-06,300947,10:00:00.000,3,output_14,6.9700000286102295
2025-01-06,300947,10:10:00.000,4,output_14,8.049999952316284
2025-01-06,300947,10:20:00.000,5,output_14,11.420000076293945
2025-01-06,300947,10:30:00.000,6,output_14,12.240000009536743
2025-01-06,300947,10:40:00.000,7,output_14,14.450000047683716
2025-01-06,300947,10:50:00.000,8,output_14,17.819999933242798
2025-01-06,300947,11:00:00.000,9,output_14,16.33999991416931
2025-01-06,300947,11:10:00.000,10,output_14,17.75
2025-01-06,300947,11:20:00.000,11,output_14,14.769999980926514
2025-01-06,300947,11:30:05.000,12,output_14,11.009999990463257
2025-01-06,300947,13:10:00.000,13,output_14,12.46999979019165
2025-01-06,300947,13:20:00.000,14,output_14,14.910000085830688
2025-01-06,300947,13:30:00.000,15,output_14,14.349999904632568
2025-01-06,300947,13:40:00.000,16,output_14,12.639999866485596
2025-01-06,300947,13:50:00.000,17,output_14,12.710000038146973
2025-01-06,300947,14:00:00.000,18,output_14,16.759999990463257
2025-01-06,300947,14:10:00.000,19,output_14,15.879999876022339
2025-01-06,300947,14:20:00.000,20,output_14,14.309999942779541
2025-01-06,300947,14:30:00.000,21,output_14,20.31000018119812
2025-01-06,300947,14:40:00.000,22,output_14,11.440000057220459
2025-01-06,300947,14:50:00.000,23,output_14,7.0
2025-01-06,300947,14:56:00.000,24,output_14,6.150000095367432
2025-01-06,300947,14:57:05.000,25,output_14,0.9800000190734863
2025-01-06,300947,15:05:00.000,26,output_14,1.9900000095367432
2025-01-06,301005,09:31:00.000,0,output_14,127.55999994277954
2025-01-06,301005,09:40:00.000,1,output_14,11.990000009536743
2025-01-06,301005,09:50:00.000,2,output_14,15.680000066757202
2025-01-06,301005,10:00:00.000,3,output_14,37.55999994277954
2025-01-06,301005,10:10:00.000,4,output_14,32.799999952316284
2025-01-06,301005,10:20:00.000,5,output_14,20.019999980926514
2025-01-06,301005,10:30:00.000,6,output_14,27.429999828338623
2025-01-06,301005,10:40:00.000,7,output_14,21.77999997138977
2025-01-06,301005,10:50:00.000,8,output_14,34.28999996185303
2025-01-06,301005,11:00:00.000,9,output_14,26.0
2025-01-06,301005,11:10:00.000,10,output_14,45.9300000667572
2025-01-06,301005,11:20:00.000,11,output_14,40.8199999332428
2025-01-06,301005,11:30:05.000,12,output_14,37.49000000953674
2025-01-06,301005,13:10:00.000,13,output_14,20.66000008583069
2025-01-06,301005,13:20:00.000,14,output_14,153.80000019073486
2025-01-06,301005,13:30:00.000,15,output_14,48.16000008583069
2025-01-06,301005,13:40:00.000,16,output_14,35.03999996185303
2025-01-06,301005,13:50:00.000,17,output_14,45.140000104904175
2025-01-06,301005,14:00:00.000,18,output_14,76.19000005722046
2025-01-06,301005,14:10:00.000,19,output_14,44.55000019073486
2025-01-06,301005,14:20:00.000,20,output_14,45.299999952316284
2025-01-06,301005,14:30:00.000,21,output_14,80.77999997138977
2025-01-06,301005,14:40:00.000,22,output_14,56.269999980926514
2025-01-06,301005,14:50:00.000,23,output_14,35.78000020980835
2025-01-06,301005,14:56:00.000,24,output_14,19.509999990463257
2025-01-06,301005,14:57:05.000,25,output_14,15.170000076293945
2025-01-06,301005,15:05:00.000,26,output_14,5.890000104904175
2025-01-06,301552,09:31:00.000,0,output_14,39.580000162124634
2025-01-06,301552,09:40:00.000,1,output_14,12.809999942779541
2025-01-06,301552,09:50:00.000,2,output_14,9.049999952316284
2025-01-06,301552,10:00:00.000,3,output_14,33.03999996185303
2025-01-06,301552,10:10:00.000,4,output_14,33.94000005722046
2025-01-06,301552,10:20:00.000,5,output_14,20.679999828338623
2025-01-06,301552,10:30:00.000,6,output_14,10.950000047683716
2025-01-06,301552,10:40:00.000,7,output_14,27.149999856948853
2025-01-06,301552,10:50:00.000,8,output_14,16.94000005722046
2025-01-06,301552,11:00:00.000,9,output_14,21.77999997138977
2025-01-06,301552,11:10:00.000,10,output_14,27.77999997138977
2025-01-06,301552,11:20:00.000,11,output_14,51.359999895095825
2025-01-06,301552,11:30:05.000,12,output_14,29.460000038146973
2025-01-06,301552,13:10:00.000,13,output_14,28.619999885559082
2025-01-06,301552,13:20:00.000,14,output_14,77.1100001335144
2025-01-06,301552,13:30:00.000,15,output_14,16.170000076293945
2025-01-06,301552,13:40:00.000,16,output_14,19.130000114440918
2025-01-06,301552,13:50:00.000,17,output_14,15.130000114440918
2025-01-06,301552,14:00:00.000,18,output_14,59.829999923706055
2025-01-06,301552,14:10:00.000,19,output_14,42.980000019073486
2025-01-06,301552,14:20:00.000,20,output_14,38.730000019073486
2025-01-06,301552,14:30:00.000,21,output_14,25.640000104904175
2025-01-06,301552,14:40:00.000,22,output_14,25.070000171661377
2025-01-06,301552,14:50:00.000,23,output_14,16.65000009536743
2025-01-06,301552,14:56:00.000,24,output_14,9.420000076293945
2025-01-06,301552,14:57:05.000,25,output_14,6.990000009536743
2025-01-06,301552,15:05:00.000,26,output_14,30.230000019073486
2025-01-06,301578,09:31:00.000,0,output_14,55.390000104904175
2025-01-06,301578,09:40:00.000,1,output_14,10.539999961853027
2025-01-06,301578,09:50:00.000,2,output_14,17.049999952316284
2025-01-06,301578,10:00:00.000,3,output_14,17.950000047683716
2025-01-06,301578,10:10:00.000,4,output_14,23.52999997138977
2025-01-06,301578,10:20:00.000,5,output_14,23.75
2025-01-06,301578,10:30:00.000,6,output_14,37.40000009536743
2025-01-06,301578,10:40:00.000,7,output_14,21.12000012397766
2025-01-06,301578,10:50:00.000,8,output_14,19.990000009536743
2025-01-06,301578,11:00:00.000,9,output_14,34.730000019073486
2025-01-06,301578,11:10:00.000,10,output_14,52.83999991416931
2025-01-06,301578,11:20:00.000,11,output_14,66.58000016212463
2025-01-06,301578,11:30:05.000,12,output_14,27.990000009536743
2025-01-06,301578,13:10:00.000,13,output_14,64.1800000667572
2025-01-06,301578,13:20:00.000,14,output_14,37.59999990463257
2025-01-06,301578,13:30:00.000,15,output_14,57.170000076293945
2025-01-06,301578,13:40:00.000,16,output_14,45.480000019073486
2025-01-06,301578,13:50:00.000,17,output_14,42.019999980926514
2025-01-06,301578,14:00:00.000,18,output_14,74.74000000953674
2025-01-06,301578,14:10:00.000,19,output_14,22.609999895095825
2025-01-06,301578,14:20:00.000,20,output_14,79.3199999332428
2025-01-06,301578,14:30:00.000,21,output_14,39.84999990463257
2025-01-06,301578,14:40:00.000,22,output_14,17.59000015258789
2025-01-06,301578,14:50:00.000,23,output_14,26.680000066757202
2025-01-06,301578,14:56:00.000,24,output_14,15.31000018119812
2025-01-06,301578,14:57:05.000,25,output_14,7.769999980926514
2025-01-06,301578,15:05:00.000,26,output_14,26.899999856948853
2025-01-02,000690,09:31:00.000,0,output_15,203000.0
2025-01-02,000690,09:40:00.000,1,output_15,970406.0
2025-01-02,000690,09:50:00.000,2,output_15,616600.0
2025-01-02,000690,10:00:00.000,3,output_15,402000.0
2025-01-02,000690,10:10:00.000,4,output_15,393200.0
2025-01-02,000690,10:20:00.000,5,output_15,1387500.0
2025-01-02,000690,10:30:00.000,6,output_15,1344200.0
2025-01-02,000690,10:40:00.000,7,output_15,251500.0
2025-01-02,000690,10:50:00.000,8,output_15,418000.0
2025-01-02,000690,11:00:00.000,9,output_15,484000.0
2025-01-02,000690,11:10:00.000,10,output_15,317500.0
2025-01-02,000690,11:20:00.000,11,output_15,584400.0
2025-01-02,000690,11:30:05.000,12,output_15,892100.0
2025-01-02,000690,13:10:00.000,13,output_15,736200.0
2025-01-02,000690,13:20:00.000,14,output_15,1131500.0
2025-01-02,000690,13:30:00.000,15,output_15,1032000.0
2025-01-02,000690,13:40:00.000,16,output_15,1111400.0
2025-01-02,000690,13:50:00.000,17,output_15,902300.0
2025-01-02,000690,14:00:00.000,18,output_15,1365800.0
2025-01-02,000690,14:10:00.000,19,output_15,1354200.0
2025-01-02,000690,14:20:00.000,20,output_15,1496400.0
2025-01-02,000690,14:30:00.000,21,output_15,961300.0
2025-01-02,000690,14:40:00.000,22,output_15,1291400.0
2025-01-02,000690,14:50:00.000,23,output_15,1051200.0
2025-01-02,000690,14:56:00.000,24,output_15,531300.0
2025-01-02,000690,14:57:05.000,25,output_15,81400.0
2025-01-02,000690,15:05:00.000,26,output_15,0.0
2025-01-02,001389,09:31:00.000,0,output_15,142000.0
2025-01-02,001389,09:40:00.000,1,output_15,158800.0
2025-01-02,001389,09:50:00.000,2,output_15,117500.0
2025-01-02,001389,10:00:00.000,3,output_15,65100.0
2025-01-02,001389,10:10:00.000,4,output_15,79300.0
2025-01-02,001389,10:20:00.000,5,output_15,49700.0
2025-01-02,001389,10:30:00.000,6,output_15,43100.0
2025-01-02,001389,10:40:00.000,7,output_15,56500.0
2025-01-02,001389,10:50:00.000,8,output_15,58100.0
2025-01-02,001389,11:00:00.000,9,output_15,115200.0
2025-01-02,001389,11:10:00.000,10,output_15,122900.0
2025-01-02,001389,11:20:00.000,11,output_15,70800.0
2025-01-02,001389,11:30:05.000,12,output_15,79400.0
2025-01-02,001389,13:10:00.000,13,output_15,43400.0
2025-01-02,001389,13:20:00.000,14,output_15,12200.0
2025-01-02,001389,13:30:00.000,15,output_15,27000.0
2025-01-02,001389,13:40:00.000,16,output_15,82757.0
2025-01-02,001389,13:50:00.000,17,output_15,278800.0
2025-01-02,001389,14:00:00.000,18,output_15,74900.0
2025-01-02,001389,14:10:00.000,19,output_15,61200.0
2025-01-02,001389,14:20:00.000,20,output_15,38000.0
2025-01-02,001389,14:30:00.000,21,output_15,31500.0
2025-01-02,001389,14:40:00.000,22,output_15,115900.0
2025-01-02,001389,14:50:00.000,23,output_15,76300.0
2025-01-02,001389,14:56:00.000,24,output_15,49400.0
2025-01-02,001389,14:57:05.000,25,output_15,17400.0
2025-01-02,001389,15:05:00.000,26,output_15,0.0
2025-01-02,002782,09:31:00.000,0,output_15,291112.0
2025-01-02,002782,09:40:00.000,1,output_15,582100.0
2025-01-02,002782,09:50:00.000,2,output_15,315000.0
2025-01-02,002782,10:00:00.000,3,output_15,248900.0
2025-01-02,002782,10:10:00.000,4,output_15,170100.0
2025-01-02,002782,10:20:00.000,5,output_15,161100.0
2025-01-02,002782,10:30:00.000,6,output_15,128400.0
2025-01-02,002782,10:40:00.000,7,output_15,104800.0
2025-01-02,002782,10:50:00.000,8,output_15,108200.0
2025-01-02,002782,11:00:00.000,9,output_15,246100.0
2025-01-02,002782,11:10:00.000,10,output_15,121500.0
2025-01-02,002782,11:20:00.000,11,output_15,100200.0
2025-01-02,002782,11:30:05.000,12,output_15,116300.0
2025-01-02,002782,13:10:00.000,13,output_15,163800.0
2025-01-02,002782,13:20:00.000,14,output_15,237500.0
2025-01-02,002782,13:30:00.000,15,output_15,256500.0
2025-01-02,002782,13:40:00.000,16,output_15,120100.0
2025-01-02,002782,13:50:00.000,17,output_15,74300.0
2025-01-02,002782,14:00:00.000,18,output_15,215200.0
2025-01-02,002782,14:10:00.000,19,output_15,203500.0
2025-01-02,002782,14:20:00.000,20,output_15,485300.0
2025-01-02,002782,14:30:00.000,21,output_15,175400.0
2025-01-02,002782,14:40:00.000,22,output_15,290000.0
2025-01-02,002782,14:50:00.000,23,output_15,345000.0
2025-01-02,002782,14:56:00.000,24,output_15,64600.0
2025-01-02,002782,14:57:05.000,25,output_15,8700.0
2025-01-02,002782,15:05:00.000,26,output_15,0.0
2025-01-02,002852,09:31:00.000,0,output_15,71000.0
2025-01-02,002852,09:40:00.000,1,output_15,332600.0
2025-01-02,002852,09:50:00.000,2,output_15,129100.0
2025-01-02,002852,10:00:00.000,3,output_15,188900.0
2025-01-02,002852,10:10:00.000,4,output_15,204900.0
2025-01-02,002852,10:20:00.000,5,output_15,154100.0
2025-01-02,002852,10:30:00.000,6,output_15,42000.0
2025-01-02,002852,10:40:00.000,7,output_15,234800.0
2025-01-02,002852,10:50:00.000,8,output_15,91000.0
2025-01-02,002852,11:00:00.000,9,output_15,59300.0
2025-01-02,002852,11:10:00.000,10,output_15,44100.0
2025-01-02,002852,11:20:00.000,11,output_15,48100.0
2025-01-02,002852,11:30:05.000,12,output_15,108500.0
2025-01-02,002852,13:10:00.000,13,output_15,59800.0
2025-01-02,002852,13:20:00.000,14,output_15,109000.0
2025-01-02,002852,13:30:00.000,15,output_15,159400.0
2025-01-02,002852,13:40:00.000,16,output_15,98500.0
2025-01-02,002852,13:50:00.000,17,output_15,111800.0
2025-01-02,002852,14:00:00.000,18,output_15,144800.0
2025-01-02,002852,14:10:00.000,19,output_15,194400.0
2025-01-02,002852,14:20:00.000,20,output_15,159300.0
2025-01-02,002852,14:30:00.000,21,output_15,153300.0
2025-01-02,002852,14:40:00.000,22,output_15,221300.0
2025-01-02,002852,14:50:00.000,23,output_15,117699.0
2025-01-02,002852,14:56:00.000,24,output_15,46400.0
2025-01-02,002852,14:57:05.000,25,output_15,23500.0
2025-01-02,002852,15:05:00.000,26,output_15,0.0
2025-01-02,300046,09:31:00.000,0,output_15,305200.0
2025-01-02,300046,09:40:00.000,1,output_15,1586200.0
2025-01-02,300046,09:50:00.000,2,output_15,503700.0
2025-01-02,300046,10:00:00.000,3,output_15,390700.0
2025-01-02,300046,10:10:00.000,4,output_15,340500.0
2025-01-02,300046,10:20:00.000,5,output_15,202300.0
2025-01-02,300046,10:30:00.000,6,output_15,258900.0
2025-01-02,300046,10:40:00.000,7,output_15,227400.0
2025-01-02,300046,10:50:00.000,8,output_15,243900.0
2025-01-02,300046,11:00:00.000,9,output_15,267200.0
2025-01-02,300046,11:10:00.000,10,output_15,449400.0
2025-01-02,300046,11:20:00.000,11,output_15,303100.0
2025-01-02,300046,11:30:05.000,12,output_15,158700.0
2025-01-02,300046,13:10:00.000,13,output_15,397400.0
2025-01-02,300046,13:20:00.000,14,output_15,584900.0
2025-01-02,300046,13:30:00.000,15,output_15,472400.0
2025-01-02,300046,13:40:00.000,16,output_15,317103.0
2025-01-02,300046,13:50:00.000,17,output_15,224100.0
2025-01-02,300046,14:00:00.000,18,output_15,237500.0
2025-01-02,300046,14:10:00.000,19,output_15,393900.0
2025-01-02,300046,14:20:00.000,20,output_15,584400.0
2025-01-02,300046,14:30:00.000,21,output_15,341200.0
2025-01-02,300046,14:40:00.000,22,output_15,706031.0
2025-01-02,300046,14:50:00.000,23,output_15,679735.0
2025-01-02,300046,14:56:00.000,24,output_15,287700.0
2025-01-02,300046,14:57:05.000,25,output_15,29200.0
2025-01-02,300046,15:05:00.000,26,output_15,0.0
2025-01-02,300100,09:31:00.000,0,output_15,471900.0
2025-01-02,300100,09:40:00.000,1,output_15,733200.0
2025-01-02,300100,09:50:00.000,2,output_15,569700.0
2025-01-02,300100,10:00:00.000,3,output_15,489000.0
2025-01-02,300100,10:10:00.000,4,output_15,412100.0
2025-01-02,300100,10:20:00.000,5,output_15,564700.0
2025-01-02,300100,10:30:00.000,6,output_15,557000.0
2025-01-02,300100,10:40:00.000,7,output_15,611300.0
2025-01-02,300100,10:50:00.000,8,output_15,786100.0
2025-01-02,300100,11:00:00.000,9,output_15,1266800.0
2025-01-02,300100,11:10:00.000,10,output_15,707200.0
2025-01-02,300100,11:20:00.000,11,output_15,647400.0
2025-01-02,300100,11:30:05.000,12,output_15,496900.0
2025-01-02,300100,13:10:00.000,13,output_15,342398.0
2025-01-02,300100,13:20:00.000,14,output_15,364500.0
2025-01-02,300100,13:30:00.000,15,output_15,597900.0
2025-01-02,300100,13:40:00.000,16,output_15,378800.0
2025-01-02,300100,13:50:00.000,17,output_15,257900.0
2025-01-02,300100,14:00:00.000,18,output_15,633600.0
2025-01-02,300100,14:10:00.000,19,output_15,390900.0
2025-01-02,300100,14:20:00.000,20,output_15,1002600.0
2025-01-02,300100,14:30:00.000,21,output_15,485500.0
2025-01-02,300100,14:40:00.000,22,output_15,584500.0
2025-01-02,300100,14:50:00.000,23,output_15,538300.0
2025-01-02,300100,14:56:00.000,24,output_15,239600.0
2025-01-02,300100,14:57:05.000,25,output_15,50900.0
2025-01-02,300100,15:05:00.000,26,output_15,0.0
2025-01-02,300214,09:31:00.000,0,output_15,43400.0
2025-01-02,300214,09:40:00.000,1,output_15,328000.0
2025-01-02,300214,09:50:00.000,2,output_15,128600.0
2025-01-02,300214,10:00:00.000,3,output_15,100400.0
2025-01-02,300214,10:10:00.000,4,output_15,106700.0
2025-01-02,300214,10:20:00.000,5,output_15,91000.0
2025-01-02,300214,10:30:00.000,6,output_15,113300.0
2025-01-02,300214,10:40:00.000,7,output_15,59700.0
2025-01-02,300214,10:50:00.000,8,output_15,91800.0
2025-01-02,300214,11:00:00.000,9,output_15,140300.0
2025-01-02,300214,11:10:00.000,10,output_15,666000.0
2025-01-02,300214,11:20:00.000,11,output_15,727400.0
2025-01-02,300214,11:30:05.000,12,output_15,813400.0
2025-01-02,300214,13:10:00.000,13,output_15,502500.0
2025-01-02,300214,13:20:00.000,14,output_15,238800.0
2025-01-02,300214,13:30:00.000,15,output_15,188500.0
2025-01-02,300214,13:40:00.000,16,output_15,227200.0
2025-01-02,300214,13:50:00.000,17,output_15,116600.0
2025-01-02,300214,14:00:00.000,18,output_15,96100.0
2025-01-02,300214,14:10:00.000,19,output_15,130500.0
2025-01-02,300214,14:20:00.000,20,output_15,134400.0
2025-01-02,300214,14:30:00.000,21,output_15,75800.0
2025-01-02,300214,14:40:00.000,22,output_15,185480.0
2025-01-02,300214,14:50:00.000,23,output_15,424000.0
2025-01-02,300214,14:56:00.000,24,output_15,155400.0
2025-01-02,300214,14:57:05.000,25,output_15,65900.0
2025-01-02,300214,15:05:00.000,26,output_15,0.0
2025-01-02,300779,09:31:00.000,0,output_15,51192.0
2025-01-02,300779,09:40:00.000,1,output_15,195700.0
2025-01-02,300779,09:50:00.000,2,output_15,124415.0
2025-01-02,300779,10:00:00.000,3,output_15,50080.0
2025-01-02,300779,10:10:00.000,4,output_15,153800.0
2025-01-02,300779,10:20:00.000,5,output_15,93880.0
2025-01-02,300779,10:30:00.000,6,output_15,54100.0
2025-01-02,300779,10:40:00.000,7,output_15,53400.0
2025-01-02,300779,10:50:00.000,8,output_15,43200.0
2025-01-02,300779,11:00:00.000,9,output_15,30522.0
2025-01-02,300779,11:10:00.000,10,output_15,71500.0
2025-01-02,300779,11:20:00.000,11,output_15,57600.0
2025-01-02,300779,11:30:05.000,12,output_15,20000.0
2025-01-02,300779,13:10:00.000,13,output_15,41700.0
2025-01-02,300779,13:20:00.000,14,output_15,50100.0
2025-01-02,300779,13:30:00.000,15,output_15,33600.0
2025-01-02,300779,13:40:00.000,16,output_15,24500.0
2025-01-02,300779,13:50:00.000,17,output_15,8100.0
2025-01-02,300779,14:00:00.000,18,output_15,85900.0
2025-01-02,300779,14:10:00.000,19,output_15,69200.0
2025-01-02,300779,14:20:00.000,20,output_15,28400.0
2025-01-02,300779,14:30:00.000,21,output_15,60080.0
2025-01-02,300779,14:40:00.000,22,output_15,79600.0
2025-01-02,300779,14:50:00.000,23,output_15,40300.0
2025-01-02,300779,14:56:00.000,24,output_15,14700.0
2025-01-02,300779,14:57:05.000,25,output_15,3700.0
2025-01-02,300779,15:05:00.000,26,output_15,0.0
2025-01-02,300816,09:31:00.000,0,output_15,239700.0
2025-01-02,300816,09:40:00.000,1,output_15,253500.0
2025-01-02,300816,09:50:00.000,2,output_15,45600.0
2025-01-02,300816,10:00:00.000,3,output_15,127300.0
2025-01-02,300816,10:10:00.000,4,output_15,75600.0
2025-01-02,300816,10:20:00.000,5,output_15,34700.0
2025-01-02,300816,10:30:00.000,6,output_15,38300.0
2025-01-02,300816,10:40:00.000,7,output_15,18800.0
2025-01-02,300816,10:50:00.000,8,output_15,31300.0
2025-01-02,300816,11:00:00.000,9,output_15,17900.0
2025-01-02,300816,11:10:00.000,10,output_15,33700.0
2025-01-02,300816,11:20:00.000,11,output_15,23800.0
2025-01-02,300816,11:30:05.000,12,output_15,24400.0
2025-01-02,300816,13:10:00.000,13,output_15,49300.0
2025-01-02,300816,13:20:00.000,14,output_15,78100.0
2025-01-02,300816,13:30:00.000,15,output_15,21300.0
2025-01-02,300816,13:40:00.000,16,output_15,71900.0
2025-01-02,300816,13:50:00.000,17,output_15,31600.0
2025-01-02,300816,14:00:00.000,18,output_15,39100.0
2025-01-02,300816,14:10:00.000,19,output_15,45300.0
2025-01-02,300816,14:20:00.000,20,output_15,47300.0
2025-01-02,300816,14:30:00.000,21,output_15,29400.0
2025-01-02,300816,14:40:00.000,22,output_15,48900.0
2025-01-02,300816,14:50:00.000,23,output_15,84000.0
2025-01-02,300816,14:56:00.000,24,output_15,41500.0
2025-01-02,300816,14:57:05.000,25,output_15,2500.0
2025-01-02,300816,15:05:00.000,26,output_15,0.0
2025-01-02,301157,09:31:00.000,0,output_15,78800.0
2025-01-02,301157,09:40:00.000,1,output_15,207500.0
2025-01-02,301157,09:50:00.000,2,output_15,130000.0
2025-01-02,301157,10:00:00.000,3,output_15,57700.0
2025-01-02,301157,10:10:00.000,4,output_15,55000.0
2025-01-02,301157,10:20:00.000,5,output_15,98800.0
2025-01-02,301157,10:30:00.000,6,output_15,29700.0
2025-01-02,301157,10:40:00.000,7,output_15,60600.0
2025-01-02,301157,10:50:00.000,8,output_15,44700.0
2025-01-02,301157,11:00:00.000,9,output_15,12700.0
2025-01-02,301157,11:10:00.000,10,output_15,117700.0
2025-01-02,301157,11:20:00.000,11,output_15,284550.0
2025-01-02,301157,11:30:05.000,12,output_15,45100.0
2025-01-02,301157,13:10:00.000,13,output_15,188800.0
2025-01-02,301157,13:20:00.000,14,output_15,128300.0
2025-01-02,301157,13:30:00.000,15,output_15,127900.0
2025-01-02,301157,13:40:00.000,16,output_15,154900.0
2025-01-02,301157,13:50:00.000,17,output_15,146398.0
2025-01-02,301157,14:00:00.000,18,output_15,79900.0
2025-01-02,301157,14:10:00.000,19,output_15,88498.0
2025-01-02,301157,14:20:00.000,20,output_15,89200.0
2025-01-02,301157,14:30:00.000,21,output_15,42800.0
2025-01-02,301157,14:40:00.000,22,output_15,91500.0
2025-01-02,301157,14:50:00.000,23,output_15,190300.0
2025-01-02,301157,14:56:00.000,24,output_15,45100.0
2025-01-02,301157,14:57:05.000,25,output_15,11100.0
2025-01-02,301157,15:05:00.000,26,output_15,0.0
2025-01-03,000548,09:31:00.000,0,output_15,408448.0
2025-01-03,000548,09:40:00.000,1,output_15,996300.0
2025-01-03,000548,09:50:00.000,2,output_15,224400.0
2025-01-03,000548,10:00:00.000,3,output_15,204900.0
2025-01-03,000548,10:10:00.000,4,output_15,285600.0
2025-01-03,000548,10:20:00.000,5,output_15,127700.0
2025-01-03,000548,10:30:00.000,6,output_15,133000.0
2025-01-03,000548,10:40:00.000,7,output_15,201000.0
2025-01-03,000548,10:50:00.000,8,output_15,94200.0
2025-01-03,000548,11:00:00.000,9,output_15,80400.0
2025-01-03,000548,11:10:00.000,10,output_15,189000.0
2025-01-03,000548,11:20:00.000,11,output_15,154700.0
2025-01-03,000548,11:30:05.000,12,output_15,115100.0
2025-01-03,000548,13:10:00.000,13,output_15,154400.0
2025-01-03,000548,13:20:00.000,14,output_15,137000.0
2025-01-03,000548,13:30:00.000,15,output_15,107200.0
2025-01-03,000548,13:40:00.000,16,output_15,211400.0
2025-01-03,000548,13:50:00.000,17,output_15,138100.0
2025-01-03,000548,14:00:00.000,18,output_15,331100.0
2025-01-03,000548,14:10:00.000,19,output_15,418200.0
2025-01-03,000548,14:20:00.000,20,output_15,255600.0
2025-01-03,000548,14:30:00.000,21,output_15,153600.0
2025-01-03,000548,14:40:00.000,22,output_15,297500.0
2025-01-03,000548,14:50:00.000,23,output_15,352100.0
2025-01-03,000548,14:56:00.000,24,output_15,655900.0
2025-01-03,000548,14:57:05.000,25,output_15,15000.0
2025-01-03,000548,15:05:00.000,26,output_15,0.0
2025-01-03,000677,09:31:00.000,0,output_15,284200.0
2025-01-03,000677,09:40:00.000,1,output_15,1155000.0
2025-01-03,000677,09:50:00.000,2,output_15,885900.0
2025-01-03,000677,10:00:00.000,3,output_15,581800.0
2025-01-03,000677,10:10:00.000,4,output_15,868400.0
2025-01-03,000677,10:20:00.000,5,output_15,355900.0
2025-01-03,000677,10:30:00.000,6,output_15,520500.0
2025-01-03,000677,10:40:00.000,7,output_15,422300.0
2025-01-03,000677,10:50:00.000,8,output_15,271200.0
2025-01-03,000677,11:00:00.000,9,output_15,176400.0
2025-01-03,000677,11:10:00.000,10,output_15,204900.0
2025-01-03,000677,11:20:00.000,11,output_15,341100.0
2025-01-03,000677,11:30:05.000,12,output_15,416200.0
2025-01-03,000677,13:10:00.000,13,output_15,334400.0
2025-01-03,000677,13:20:00.000,14,output_15,292800.0
2025-01-03,000677,13:30:00.000,15,output_15,287800.0
2025-01-03,000677,13:40:00.000,16,output_15,581300.0
2025-01-03,000677,13:50:00.000,17,output_15,715500.0
2025-01-03,000677,14:00:00.000,18,output_15,564100.0
2025-01-03,000677,14:10:00.000,19,output_15,640400.0
2025-01-03,000677,14:20:00.000,20,output_15,446800.0
2025-01-03,000677,14:30:00.000,21,output_15,316100.0
2025-01-03,000677,14:40:00.000,22,output_15,994800.0
2025-01-03,000677,14:50:00.000,23,output_15,963100.0
2025-01-03,000677,14:56:00.000,24,output_15,682800.0
2025-01-03,000677,14:57:05.000,25,output_15,92700.0
2025-01-03,000677,15:05:00.000,26,output_15,0.0
2025-01-03,002079,09:31:00.000,0,output_15,144500.0
2025-01-03,002079,09:40:00.000,1,output_15,1026400.0
2025-01-03,002079,09:50:00.000,2,output_15,444800.0
2025-01-03,002079,10:00:00.000,3,output_15,454300.0
2025-01-03,002079,10:10:00.000,4,output_15,454100.0
2025-01-03,002079,10:20:00.000,5,output_15,199000.0
2025-01-03,002079,10:30:00.000,6,output_15,265700.0
2025-01-03,002079,10:40:00.000,7,output_15,312400.0
2025-01-03,002079,10:50:00.000,8,output_15,164100.0
2025-01-03,002079,11:00:00.000,9,output_15,69700.0
2025-01-03,002079,11:10:00.000,10,output_15,125500.0
2025-01-03,002079,11:20:00.000,11,output_15,126700.0
2025-01-03,002079,11:30:05.000,12,output_15,287200.0
2025-01-03,002079,13:10:00.000,13,output_15,216200.0
2025-01-03,002079,13:20:00.000,14,output_15,145100.0
2025-01-03,002079,13:30:00.000,15,output_15,154100.0
2025-01-03,002079,13:40:00.000,16,output_15,534900.0
2025-01-03,002079,13:50:00.000,17,output_15,361400.0
2025-01-03,002079,14:00:00.000,18,output_15,483400.0
2025-01-03,002079,14:10:00.000,19,output_15,387000.0
2025-01-03,002079,14:20:00.000,20,output_15,686475.0
2025-01-03,002079,14:30:00.000,21,output_15,480400.0
2025-01-03,002079,14:40:00.000,22,output_15,435000.0
2025-01-03,002079,14:50:00.000,23,output_15,448500.0
2025-01-03,002079,14:56:00.000,24,output_15,263500.0
2025-01-03,002079,14:57:05.000,25,output_15,56400.0
2025-01-03,002079,15:05:00.000,26,output_15,0.0
2025-01-03,002177,09:31:00.000,0,output_15,756500.0
2025-01-03,002177,09:40:00.000,1,output_15,2295700.0
2025-01-03,002177,09:50:00.000,2,output_15,1877200.0
2025-01-03,002177,10:00:00.000,3,output_15,1382200.0
2025-01-03,002177,10:10:00.000,4,output_15,1355600.0
2025-01-03,002177,10:20:00.000,5,output_15,1259300.0
2025-01-03,002177,10:30:00.000,6,output_15,834900.0
2025-01-03,002177,10:40:00.000,7,output_15,619000.0
2025-01-03,002177,10:50:00.000,8,output_15,567300.0
2025-01-03,002177,11:00:00.000,9,output_15,299300.0
2025-01-03,002177,11:10:00.000,10,output_15,225900.0
2025-01-03,002177,11:20:00.000,11,output_15,316500.0
2025-01-03,002177,11:30:05.000,12,output_15,783300.0
2025-01-03,002177,13:10:00.000,13,output_15,647300.0
2025-01-03,002177,13:20:00.000,14,output_15,801500.0
2025-01-03,002177,13:30:00.000,15,output_15,1028700.0
2025-01-03,002177,13:40:00.000,16,output_15,1168000.0
2025-01-03,002177,13:50:00.000,17,output_15,1249500.0
2025-01-03,002177,14:00:00.000,18,output_15,1829700.0
2025-01-03,002177,14:10:00.000,19,output_15,1277700.0
2025-01-03,002177,14:20:00.000,20,output_15,1175900.0
2025-01-03,002177,14:30:00.000,21,output_15,1998000.0
2025-01-03,002177,14:40:00.000,22,output_15,1552900.0
2025-01-03,002177,14:50:00.000,23,output_15,677700.0
2025-01-03,002177,14:56:00.000,24,output_15,1109200.0
2025-01-03,002177,14:57:05.000,25,output_15,197900.0
2025-01-03,002177,15:05:00.000,26,output_15,0.0
2025-01-03,002311,09:31:00.000,0,output_15,260200.0
2025-01-03,002311,09:40:00.000,1,output_15,160200.0
2025-01-03,002311,09:50:00.000,2,output_15,106700.0
2025-01-03,002311,10:00:00.000,3,output_15,132900.0
2025-01-03,002311,10:10:00.000,4,output_15,109300.0
2025-01-03,002311,10:20:00.000,5,output_15,40600.0
2025-01-03,002311,10:30:00.000,6,output_15,46400.0
2025-01-03,002311,10:40:00.000,7,output_15,86450.0
2025-01-03,002311,10:50:00.000,8,output_15,78740.0
2025-01-03,002311,11:00:00.000,9,output_15,47500.0
2025-01-03,002311,11:10:00.000,10,output_15,36600.0
2025-01-03,002311,11:20:00.000,11,output_15,56400.0
2025-01-03,002311,11:30:05.000,12,output_15,62700.0
2025-01-03,002311,13:10:00.000,13,output_15,96300.0
2025-01-03,002311,13:20:00.000,14,output_15,97000.0
2025-01-03,002311,13:30:00.000,15,output_15,103400.0
2025-01-03,002311,13:40:00.000,16,output_15,75600.0
2025-01-03,002311,13:50:00.000,17,output_15,147400.0
2025-01-03,002311,14:00:00.000,18,output_15,88400.0
2025-01-03,002311,14:10:00.000,19,output_15,170900.0
2025-01-03,002311,14:20:00.000,20,output_15,215700.0
2025-01-03,002311,14:30:00.000,21,output_15,131500.0
2025-01-03,002311,14:40:00.000,22,output_15,151600.0
2025-01-03,002311,14:50:00.000,23,output_15,192000.0
2025-01-03,002311,14:56:00.000,24,output_15,36900.0
2025-01-03,002311,14:57:05.000,25,output_15,4000.0
2025-01-03,002311,15:05:00.000,26,output_15,0.0
2025-01-03,002876,09:31:00.000,0,output_15,28500.0
2025-01-03,002876,09:40:00.000,1,output_15,481955.0
2025-01-03,002876,09:50:00.000,2,output_15,144000.0
2025-01-03,002876,10:00:00.000,3,output_15,200300.0
2025-01-03,002876,10:10:00.000,4,output_15,105100.0
2025-01-03,002876,10:20:00.000,5,output_15,61800.0
2025-01-03,002876,10:30:00.000,6,output_15,71000.0
2025-01-03,002876,10:40:00.000,7,output_15,71000.0
2025-01-03,002876,10:50:00.000,8,output_15,88000.0
2025-01-03,002876,11:00:00.000,9,output_15,47800.0
2025-01-03,002876,11:10:00.000,10,output_15,72000.0
2025-01-03,002876,11:20:00.000,11,output_15,83300.0
2025-01-03,002876,11:30:05.000,12,output_15,81800.0
2025-01-03,002876,13:10:00.000,13,output_15,214500.0
2025-01-03,002876,13:20:00.000,14,output_15,143500.0
2025-01-03,002876,13:30:00.000,15,output_15,78900.0
2025-01-03,002876,13:40:00.000,16,output_15,150900.0
2025-01-03,002876,13:50:00.000,17,output_15,168900.0
2025-01-03,002876,14:00:00.000,18,output_15,184900.0
2025-01-03,002876,14:10:00.000,19,output_15,140600.0
2025-01-03,002876,14:20:00.000,20,output_15,310500.0
2025-01-03,002876,14:30:00.000,21,output_15,98200.0
2025-01-03,002876,14:40:00.000,22,output_15,117200.0
2025-01-03,002876,14:50:00.000,23,output_15,100600.0
2025-01-03,002876,14:56:00.000,24,output_15,103700.0
2025-01-03,002876,14:57:05.000,25,output_15,32700.0
2025-01-03,002876,15:05:00.000,26,output_15,0.0
2025-01-03,300967,09:31:00.000,0,output_15,88500.0
2025-01-03,300967,09:40:00.000,1,output_15,608300.0
2025-01-03,300967,09:50:00.000,2,output_15,179700.0
2025-01-03,300967,10:00:00.000,3,output_15,170000.0
2025-01-03,300967,10:10:00.000,4,output_15,240000.0
2025-01-03,300967,10:20:00.000,5,output_15,81700.0
2025-01-03,300967,10:30:00.000,6,output_15,17600.0
2025-01-03,300967,10:40:00.000,7,output_15,62500.0
2025-01-03,300967,10:50:00.000,8,output_15,37900.0
2025-01-03,300967,11:00:00.000,9,output_15,46100.0
2025-01-03,300967,11:10:00.000,10,output_15,21200.0
2025-01-03,300967,11:20:00.000,11,output_15,20900.0
2025-01-03,300967,11:30:05.000,12,output_15,55000.0
2025-01-03,300967,13:10:00.000,13,output_15,68000.0
2025-01-03,300967,13:20:00.000,14,output_15,72200.0
2025-01-03,300967,13:30:00.000,15,output_15,19000.0
2025-01-03,300967,13:40:00.000,16,output_15,69200.0
2025-01-03,300967,13:50:00.000,17,output_15,61200.0
2025-01-03,300967,14:00:00.000,18,output_15,53200.0
2025-01-03,300967,14:10:00.000,19,output_15,99100.0
2025-01-03,300967,14:20:00.000,20,output_15,262200.0
2025-01-03,300967,14:30:00.000,21,output_15,151300.0
2025-01-03,300967,14:40:00.000,22,output_15,79700.0
2025-01-03,300967,14:50:00.000,23,output_15,102746.0
2025-01-03,300967,14:56:00.000,24,output_15,139000.0
2025-01-03,300967,14:57:05.000,25,output_15,13600.0
2025-01-03,300967,15:05:00.000,26,output_15,0.0
2025-01-03,301035,09:31:00.000,0,output_15,33200.0
2025-01-03,301035,09:40:00.000,1,output_15,56300.0
2025-01-03,301035,09:50:00.000,2,output_15,43300.0
2025-01-03,301035,10:00:00.000,3,output_15,53300.0
2025-01-03,301035,10:10:00.000,4,output_15,52600.0
2025-01-03,301035,10:20:00.000,5,output_15,31800.0
2025-01-03,301035,10:30:00.000,6,output_15,16800.0
2025-01-03,301035,10:40:00.000,7,output_15,17000.0
2025-01-03,301035,10:50:00.000,8,output_15,11300.0
2025-01-03,301035,11:00:00.000,9,output_15,6200.0
2025-01-03,301035,11:10:00.000,10,output_15,7300.0
2025-01-03,301035,11:20:00.000,11,output_15,13200.0
2025-01-03,301035,11:30:05.000,12,output_15,18400.0
2025-01-03,301035,13:10:00.000,13,output_15,16300.0
2025-01-03,301035,13:20:00.000,14,output_15,30800.0
2025-01-03,301035,13:30:00.000,15,output_15,24900.0
2025-01-03,301035,13:40:00.000,16,output_15,24400.0
2025-01-03,301035,13:50:00.000,17,output_15,18800.0
2025-01-03,301035,14:00:00.000,18,output_15,47600.0
2025-01-03,301035,14:10:00.000,19,output_15,27600.0
2025-01-03,301035,14:20:00.000,20,output_15,37300.0
2025-01-03,301035,14:30:00.000,21,output_15,24300.0
2025-01-03,301035,14:40:00.000,22,output_15,16000.0
2025-01-03,301035,14:50:00.000,23,output_15,67600.0
2025-01-03,301035,14:56:00.000,24,output_15,57900.0
2025-01-03,301035,14:57:05.000,25,output_15,200.0
2025-01-03,301035,15:05:00.000,26,output_15,0.0
2025-01-03,301049,09:31:00.000,0,output_15,15400.0
2025-01-03,301049,09:40:00.000,1,output_15,193400.0
2025-01-03,301049,09:50:00.000,2,output_15,64200.0
2025-01-03,301049,10:00:00.000,3,output_15,29200.0
2025-01-03,301049,10:10:00.000,4,output_15,71600.0
2025-01-03,301049,10:20:00.000,5,output_15,36900.0
2025-01-03,301049,10:30:00.000,6,output_15,111200.0
2025-01-03,301049,10:40:00.000,7,output_15,130100.0
2025-01-03,301049,10:50:00.000,8,output_15,25500.0
2025-01-03,301049,11:00:00.000,9,output_15,7200.0
2025-01-03,301049,11:10:00.000,10,output_15,38300.0
2025-01-03,301049,11:20:00.000,11,output_15,30600.0
2025-01-03,301049,11:30:05.000,12,output_15,19600.0
2025-01-03,301049,13:10:00.000,13,output_15,59700.0
2025-01-03,301049,13:20:00.000,14,output_15,40200.0
2025-01-03,301049,13:30:00.000,15,output_15,41400.0
2025-01-03,301049,13:40:00.000,16,output_15,63600.0
2025-01-03,301049,13:50:00.000,17,output_15,44200.0
2025-01-03,301049,14:00:00.000,18,output_15,80600.0
2025-01-03,301049,14:10:00.000,19,output_15,117000.0
2025-01-03,301049,14:20:00.000,20,output_15,62700.0
2025-01-03,301049,14:30:00.000,21,output_15,83118.0
2025-01-03,301049,14:40:00.000,22,output_15,47900.0
2025-01-03,301049,14:50:00.000,23,output_15,106700.0
2025-01-03,301049,14:56:00.000,24,output_15,107081.0
2025-01-03,301049,14:57:05.000,25,output_15,2000.0
2025-01-03,301049,15:05:00.000,26,output_15,0.0
2025-01-03,301393,09:31:00.000,0,output_15,10100.0
2025-01-03,301393,09:40:00.000,1,output_15,62500.0
2025-01-03,301393,09:50:00.000,2,output_15,63000.0
2025-01-03,301393,10:00:00.000,3,output_15,47900.0
2025-01-03,301393,10:10:00.000,4,output_15,21500.0
2025-01-03,301393,10:20:00.000,5,output_15,11500.0
2025-01-03,301393,10:30:00.000,6,output_15,5700.0
2025-01-03,301393,10:40:00.000,7,output_15,16800.0
2025-01-03,301393,10:50:00.000,8,output_15,29200.0
2025-01-03,301393,11:00:00.000,9,output_15,42700.0
2025-01-03,301393,11:10:00.000,10,output_15,1600.0
2025-01-03,301393,11:20:00.000,11,output_15,8200.0
2025-01-03,301393,11:30:05.000,12,output_15,21100.0
2025-01-03,301393,13:10:00.000,13,output_15,17601.0
2025-01-03,301393,13:20:00.000,14,output_15,17600.0
2025-01-03,301393,13:30:00.000,15,output_15,8300.0
2025-01-03,301393,13:40:00.000,16,output_15,13000.0
2025-01-03,301393,13:50:00.000,17,output_15,31000.0
2025-01-03,301393,14:00:00.000,18,output_15,11600.0
2025-01-03,301393,14:10:00.000,19,output_15,19600.0
2025-01-03,301393,14:20:00.000,20,output_15,28100.0
2025-01-03,301393,14:30:00.000,21,output_15,22824.0
2025-01-03,301393,14:40:00.000,22,output_15,15700.0
2025-01-03,301393,14:50:00.000,23,output_15,45400.0
2025-01-03,301393,14:56:00.000,24,output_15,20900.0
2025-01-03,301393,14:57:05.000,25,output_15,6994.0
2025-01-03,301393,15:05:00.000,26,output_15,0.0
2025-01-06,000848,09:31:00.000,0,output_15,571400.0
2025-01-06,000848,09:40:00.000,1,output_15,259900.0
2025-01-06,000848,09:50:00.000,2,output_15,270700.0
2025-01-06,000848,10:00:00.000,3,output_15,240000.0
2025-01-06,000848,10:10:00.000,4,output_15,247300.0
2025-01-06,000848,10:20:00.000,5,output_15,155000.0
2025-01-06,000848,10:30:00.000,6,output_15,221543.0
2025-01-06,000848,10:40:00.000,7,output_15,241600.0
2025-01-06,000848,10:50:00.000,8,output_15,92600.0
2025-01-06,000848,11:00:00.000,9,output_15,155100.0
2025-01-06,000848,11:10:00.000,10,output_15,120800.0
2025-01-06,000848,11:20:00.000,11,output_15,196500.0
2025-01-06,000848,11:30:05.000,12,output_15,143333.0
2025-01-06,000848,13:10:00.000,13,output_15,162100.0
2025-01-06,000848,13:20:00.000,14,output_15,90620.0
2025-01-06,000848,13:30:00.000,15,output_15,132100.0
2025-01-06,000848,13:40:00.000,16,output_15,114563.0
2025-01-06,000848,13:50:00.000,17,output_15,61800.0
2025-01-06,000848,14:00:00.000,18,output_15,100900.0
2025-01-06,000848,14:10:00.000,19,output_15,84600.0
2025-01-06,000848,14:20:00.000,20,output_15,90500.0
2025-01-06,000848,14:30:00.000,21,output_15,297300.0
2025-01-06,000848,14:40:00.000,22,output_15,283000.0
2025-01-06,000848,14:50:00.000,23,output_15,105900.0
2025-01-06,000848,14:56:00.000,24,output_15,230400.0
2025-01-06,000848,14:57:05.000,25,output_15,15500.0
2025-01-06,000848,15:05:00.000,26,output_15,0.0
2025-01-06,000949,09:31:00.000,0,output_15,726468.0
2025-01-06,000949,09:40:00.000,1,output_15,3159000.0
2025-01-06,000949,09:50:00.000,2,output_15,1505400.0
2025-01-06,000949,10:00:00.000,3,output_15,1580300.0
2025-01-06,000949,10:10:00.000,4,output_15,1947200.0
2025-01-06,000949,10:20:00.000,5,output_15,1590400.0
2025-01-06,000949,10:30:00.000,6,output_15,921400.0
2025-01-06,000949,10:40:00.000,7,output_15,937400.0
2025-01-06,000949,10:50:00.000,8,output_15,788700.0
2025-01-06,000949,11:00:00.000,9,output_15,813300.0
2025-01-06,000949,11:10:00.000,10,output_15,748800.0
2025-01-06,000949,11:20:00.000,11,output_15,1669777.0
2025-01-06,000949,11:30:05.000,12,output_15,1076400.0
2025-01-06,000949,13:10:00.000,13,output_15,1782800.0
2025-01-06,000949,13:20:00.000,14,output_15,1681200.0
2025-01-06,000949,13:30:00.000,15,output_15,475800.0
2025-01-06,000949,13:40:00.000,16,output_15,1288100.0
2025-01-06,000949,13:50:00.000,17,output_15,375600.0
2025-01-06,000949,14:00:00.000,18,output_15,607700.0
2025-01-06,000949,14:10:00.000,19,output_15,619600.0
2025-01-06,000949,14:20:00.000,20,output_15,746300.0
2025-01-06,000949,14:30:00.000,21,output_15,354900.0
2025-01-06,000949,14:40:00.000,22,output_15,2978100.0
2025-01-06,000949,14:50:00.000,23,output_15,603300.0
2025-01-06,000949,14:56:00.000,24,output_15,1539500.0
2025-01-06,000949,14:57:05.000,25,output_15,458200.0
2025-01-06,000949,15:05:00.000,26,output_15,0.0
2025-01-06,002307,09:31:00.000,0,output_15,533300.0
2025-01-06,002307,09:40:00.000,1,output_15,1565200.0
2025-01-06,002307,09:50:00.000,2,output_15,1077100.0
2025-01-06,002307,10:00:00.000,3,output_15,716600.0
2025-01-06,002307,10:10:00.000,4,output_15,494600.0
2025-01-06,002307,10:20:00.000,5,output_15,795400.0
2025-01-06,002307,10:30:00.000,6,output_15,908800.0
2025-01-06,002307,10:40:00.000,7,output_15,466300.0
2025-01-06,002307,10:50:00.000,8,output_15,471800.0
2025-01-06,002307,11:00:00.000,9,output_15,214800.0
2025-01-06,002307,11:10:00.000,10,output_15,267500.0
2025-01-06,002307,11:20:00.000,11,output_15,372200.0
2025-01-06,002307,11:30:05.000,12,output_15,489900.0
2025-01-06,002307,13:10:00.000,13,output_15,547800.0
2025-01-06,002307,13:20:00.000,14,output_15,125300.0
2025-01-06,002307,13:30:00.000,15,output_15,559300.0
2025-01-06,002307,13:40:00.000,16,output_15,433200.0
2025-01-06,002307,13:50:00.000,17,output_15,418700.0
2025-01-06,002307,14:00:00.000,18,output_15,352500.0
2025-01-06,002307,14:10:00.000,19,output_15,687500.0
2025-01-06,002307,14:20:00.000,20,output_15,748340.0
2025-01-06,002307,14:30:00.000,21,output_15,256300.0
2025-01-06,002307,14:40:00.000,22,output_15,1441600.0
2025-01-06,002307,14:50:00.000,23,output_15,699900.0
2025-01-06,002307,14:56:00.000,24,output_15,461200.0
2025-01-06,002307,14:57:05.000,25,output_15,166400.0
2025-01-06,002307,15:05:00.000,26,output_15,0.0
2025-01-06,300284,09:31:00.000,0,output_15,361900.0
2025-01-06,300284,09:40:00.000,1,output_15,2509300.0
2025-01-06,300284,09:50:00.000,2,output_15,784200.0
2025-01-06,300284,10:00:00.000,3,output_15,837372.0
2025-01-06,300284,10:10:00.000,4,output_15,487600.0
2025-01-06,300284,10:20:00.000,5,output_15,434800.0
2025-01-06,300284,10:30:00.000,6,output_15,474100.0
2025-01-06,300284,10:40:00.000,7,output_15,328188.0
2025-01-06,300284,10:50:00.000,8,output_15,373900.0
2025-01-06,300284,11:00:00.000,9,output_15,312100.0
2025-01-06,300284,11:10:00.000,10,output_15,186700.0
2025-01-06,300284,11:20:00.000,11,output_15,324400.0
2025-01-06,300284,11:30:05.000,12,output_15,452000.0
2025-01-06,300284,13:10:00.000,13,output_15,568292.0
2025-01-06,300284,13:20:00.000,14,output_15,454400.0
2025-01-06,300284,13:30:00.000,15,output_15,262300.0
2025-01-06,300284,13:40:00.000,16,output_15,451400.0
2025-01-06,300284,13:50:00.000,17,output_15,289200.0
2025-01-06,300284,14:00:00.000,18,output_15,422300.0
2025-01-06,300284,14:10:00.000,19,output_15,390700.0
2025-01-06,300284,14:20:00.000,20,output_15,467700.0
2025-01-06,300284,14:30:00.000,21,output_15,120300.0
2025-01-06,300284,14:40:00.000,22,output_15,356400.0
2025-01-06,300284,14:50:00.000,23,output_15,447900.0
2025-01-06,300284,14:56:00.000,24,output_15,405500.0
2025-01-06,300284,14:57:05.000,25,output_15,93100.0
2025-01-06,300284,15:05:00.000,26,output_15,0.0
2025-01-06,300329,09:31:00.000,0,output_15,731300.0
2025-01-06,300329,09:40:00.000,1,output_15,614240.0
2025-01-06,300329,09:50:00.000,2,output_15,448800.0
2025-01-06,300329,10:00:00.000,3,output_15,175300.0
2025-01-06,300329,10:10:00.000,4,output_15,138300.0
2025-01-06,300329,10:20:00.000,5,output_15,47700.0
2025-01-06,300329,10:30:00.000,6,output_15,91800.0
2025-01-06,300329,10:40:00.000,7,output_15,612800.0
2025-01-06,300329,10:50:00.000,8,output_15,54500.0
2025-01-06,300329,11:00:00.000,9,output_15,78600.0
2025-01-06,300329,11:10:00.000,10,output_15,90800.0
2025-01-06,300329,11:20:00.000,11,output_15,38100.0
2025-01-06,300329,11:30:05.000,12,output_15,75200.0
2025-01-06,300329,13:10:00.000,13,output_15,229100.0
2025-01-06,300329,13:20:00.000,14,output_15,65300.0
2025-01-06,300329,13:30:00.000,15,output_15,34900.0
2025-01-06,300329,13:40:00.000,16,output_15,40400.0
2025-01-06,300329,13:50:00.000,17,output_15,45100.0
2025-01-06,300329,14:00:00.000,18,output_15,50000.0
2025-01-06,300329,14:10:00.000,19,output_15,128800.0
2025-01-06,300329,14:20:00.000,20,output_15,201700.0
2025-01-06,300329,14:30:00.000,21,output_15,82400.0
2025-01-06,300329,14:40:00.000,22,output_15,86900.0
2025-01-06,300329,14:50:00.000,23,output_15,79600.0
2025-01-06,300329,14:56:00.000,24,output_15,124600.0
2025-01-06,300329,14:57:05.000,25,output_15,11000.0
2025-01-06,300329,15:05:00.000,26,output_15,0.0
2025-01-06,300584,09:31:00.000,0,output_15,214100.0
2025-01-06,300584,09:40:00.000,1,output_15,551900.0
2025-01-06,300584,09:50:00.000,2,output_15,395100.0
2025-01-06,300584,10:00:00.000,3,output_15,244300.0
2025-01-06,300584,10:10:00.000,4,output_15,209200.0
2025-01-06,300584,10:20:00.000,5,output_15,132100.0
2025-01-06,300584,10:30:00.000,6,output_15,63500.0
2025-01-06,300584,10:40:00.000,7,output_15,122500.0
2025-01-06,300584,10:50:00.000,8,output_15,53400.0
2025-01-06,300584,11:00:00.000,9,output_15,235700.0
2025-01-06,300584,11:10:00.000,10,output_15,18500.0
2025-01-06,300584,11:20:00.000,11,output_15,79200.0
2025-01-06,300584,11:30:05.000,12,output_15,118300.0
2025-01-06,300584,13:10:00.000,13,output_15,68100.0
2025-01-06,300584,13:20:00.000,14,output_15,175700.0
2025-01-06,300584,13:30:00.000,15,output_15,49500.0
2025-01-06,300584,13:40:00.000,16,output_15,71900.0
2025-01-06,300584,13:50:00.000,17,output_15,168500.0
2025-01-06,300584,14:00:00.000,18,output_15,88600.0
2025-01-06,300584,14:10:00.000,19,output_15,54200.0
2025-01-06,300584,14:20:00.000,20,output_15,39800.0
2025-01-06,300584,14:30:00.000,21,output_15,41000.0
2025-01-06,300584,14:40:00.000,22,output_15,35900.0
2025-01-06,300584,14:50:00.000,23,output_15,46700.0
2025-01-06,300584,14:56:00.000,24,output_15,67400.0
2025-01-06,300584,14:57:05.000,25,output_15,6700.0
2025-01-06,300584,15:05:00.000,26,output_15,0.0
2025-01-06,300947,09:31:00.000,0,output_15,420500.0
2025-01-06,300947,09:40:00.000,1,output_15,613595.0
2025-01-06,300947,09:50:00.000,2,output_15,469100.0
2025-01-06,300947,10:00:00.000,3,output_15,410660.0
2025-01-06,300947,10:10:00.000,4,output_15,314300.0
2025-01-06,300947,10:20:00.000,5,output_15,231100.0
2025-01-06,300947,10:30:00.000,6,output_15,116125.0
2025-01-06,300947,10:40:00.000,7,output_15,202700.0
2025-01-06,300947,10:50:00.000,8,output_15,233100.0
2025-01-06,300947,11:00:00.000,9,output_15,55900.0
2025-01-06,300947,11:10:00.000,10,output_15,270700.0
2025-01-06,300947,11:20:00.000,11,output_15,203200.0
2025-01-06,300947,11:30:05.000,12,output_15,199000.0
2025-01-06,300947,13:10:00.000,13,output_15,120700.0
2025-01-06,300947,13:20:00.000,14,output_15,330600.0
2025-01-06,300947,13:30:00.000,15,output_15,188600.0
2025-01-06,300947,13:40:00.000,16,output_15,272700.0
2025-01-06,300947,13:50:00.000,17,output_15,163600.0
2025-01-06,300947,14:00:00.000,18,output_15,229700.0
2025-01-06,300947,14:10:00.000,19,output_15,188400.0
2025-01-06,300947,14:20:00.000,20,output_15,131700.0
2025-01-06,300947,14:30:00.000,21,output_15,127900.0
2025-01-06,300947,14:40:00.000,22,output_15,320150.0
2025-01-06,300947,14:50:00.000,23,output_15,310700.0
2025-01-06,300947,14:56:00.000,24,output_15,432600.0
2025-01-06,300947,14:57:05.000,25,output_15,32200.0
2025-01-06,300947,15:05:00.000,26,output_15,0.0
2025-01-06,301005,09:31:00.000,0,output_15,56000.0
2025-01-06,301005,09:40:00.000,1,output_15,333700.0
2025-01-06,301005,09:50:00.000,2,output_15,87000.0
2025-01-06,301005,10:00:00.000,3,output_15,35704.0
2025-01-06,301005,10:10:00.000,4,output_15,74000.0
2025-01-06,301005,10:20:00.000,5,output_15,75000.0
2025-01-06,301005,10:30:00.000,6,output_15,43200.0
2025-01-06,301005,10:40:00.000,7,output_15,233600.0
2025-01-06,301005,10:50:00.000,8,output_15,34000.0
2025-01-06,301005,11:00:00.000,9,output_15,26500.0
2025-01-06,301005,11:10:00.000,10,output_15,38500.0
2025-01-06,301005,11:20:00.000,11,output_15,154800.0
2025-01-06,301005,11:30:05.000,12,output_15,29500.0
2025-01-06,301005,13:10:00.000,13,output_15,44500.0
2025-01-06,301005,13:20:00.000,14,output_15,32300.0
2025-01-06,301005,13:30:00.000,15,output_15,28200.0
2025-01-06,301005,13:40:00.000,16,output_15,31400.0
2025-01-06,301005,13:50:00.000,17,output_15,17700.0
2025-01-06,301005,14:00:00.000,18,output_15,50800.0
2025-01-06,301005,14:10:00.000,19,output_15,70200.0
2025-01-06,301005,14:20:00.000,20,output_15,33100.0
2025-01-06,301005,14:30:00.000,21,output_15,38900.0
2025-01-06,301005,14:40:00.000,22,output_15,26900.0
2025-01-06,301005,14:50:00.000,23,output_15,30300.0
2025-01-06,301005,14:56:00.000,24,output_15,55400.0
2025-01-06,301005,14:57:05.000,25,output_15,17300.0
2025-01-06,301005,15:05:00.000,26,output_15,0.0
2025-01-06,301552,09:31:00.000,0,output_15,32700.0
2025-01-06,301552,09:40:00.000,1,output_15,159380.0
2025-01-06,301552,09:50:00.000,2,output_15,14300.0
2025-01-06,301552,10:00:00.000,3,output_15,52900.0
2025-01-06,301552,10:10:00.000,4,output_15,39800.0
2025-01-06,301552,10:20:00.000,5,output_15,68300.0
2025-01-06,301552,10:30:00.000,6,output_15,59500.0
2025-01-06,301552,10:40:00.000,7,output_15,70720.0
2025-01-06,301552,10:50:00.000,8,output_15,26600.0
2025-01-06,301552,11:00:00.000,9,output_15,36300.0
2025-01-06,301552,11:10:00.000,10,output_15,28600.0
2025-01-06,301552,11:20:00.000,11,output_15,38400.0
2025-01-06,301552,11:30:05.000,12,output_15,31800.0
2025-01-06,301552,13:10:00.000,13,output_15,23895.0
2025-01-06,301552,13:20:00.000,14,output_15,15000.0
2025-01-06,301552,13:30:00.000,15,output_15,26500.0
2025-01-06,301552,13:40:00.000,16,output_15,69200.0
2025-01-06,301552,13:50:00.000,17,output_15,19900.0
2025-01-06,301552,14:00:00.000,18,output_15,9500.0
2025-01-06,301552,14:10:00.000,19,output_15,26600.0
2025-01-06,301552,14:20:00.000,20,output_15,16100.0
2025-01-06,301552,14:30:00.000,21,output_15,19200.0
2025-01-06,301552,14:40:00.000,22,output_15,48708.0
2025-01-06,301552,14:50:00.000,23,output_15,24400.0
2025-01-06,301552,14:56:00.000,24,output_15,17900.0
2025-01-06,301552,14:57:05.000,25,output_15,1800.0
2025-01-06,301552,15:05:00.000,26,output_15,0.0
2025-01-06,301578,09:31:00.000,0,output_15,35700.0
2025-01-06,301578,09:40:00.000,1,output_15,100291.0
2025-01-06,301578,09:50:00.000,2,output_15,44100.0
2025-01-06,301578,10:00:00.000,3,output_15,39100.0
2025-01-06,301578,10:10:00.000,4,output_15,30400.0
2025-01-06,301578,10:20:00.000,5,output_15,45800.0
2025-01-06,301578,10:30:00.000,6,output_15,11900.0
2025-01-06,301578,10:40:00.000,7,output_15,44100.0
2025-01-06,301578,10:50:00.000,8,output_15,39900.0
2025-01-06,301578,11:00:00.000,9,output_15,20300.0
2025-01-06,301578,11:10:00.000,10,output_15,22200.0
2025-01-06,301578,11:20:00.000,11,output_15,18200.0
2025-01-06,301578,11:30:05.000,12,output_15,21300.0
2025-01-06,301578,13:10:00.000,13,output_15,12000.0
2025-01-06,301578,13:20:00.000,14,output_15,47400.0
2025-01-06,301578,13:30:00.000,15,output_15,37060.0
2025-01-06,301578,13:40:00.000,16,output_15,26560.0
2025-01-06,301578,13:50:00.000,17,output_15,22700.0
2025-01-06,301578,14:00:00.000,18,output_15,23800.0
2025-01-06,301578,14:10:00.000,19,output_15,35200.0
2025-01-06,301578,14:20:00.000,20,output_15,18300.0
2025-01-06,301578,14:30:00.000,21,output_15,21800.0
2025-01-06,301578,14:40:00.000,22,output_15,35600.0
2025-01-06,301578,14:50:00.000,23,output_15,10800.0
2025-01-06,301578,14:56:00.000,24,output_15,34300.0
2025-01-06,301578,14:57:05.000,25,output_15,200.0
2025-01-06,301578,15:05:00.000,26,output_15,0.0
2025-01-02,000690,09:31:00.000,0,output_16,73.57390068270637
2025-01-02,000690,09:40:00.000,1,output_16,132.31714733640976
2025-01-02,000690,09:50:00.000,2,output_16,239.32395104344909
2025-01-02,000690,10:00:00.000,3,output_16,277.3891983142885
2025-01-02,000690,10:10:00.000,4,output_16,428.1573333623674
2025-01-02,000690,10:20:00.000,5,output_16,577.1701960816102
2025-01-02,000690,10:30:00.000,6,output_16,494.5951737363366
2025-01-02,000690,10:40:00.000,7,output_16,692.5357219229408
2025-01-02,000690,10:50:00.000,8,output_16,617.4389880938189
2025-01-02,000690,11:00:00.000,9,output_16,1065.8729600162505
2025-01-02,000690,11:10:00.000,10,output_16,689.6365775360781
2025-01-02,000690,11:20:00.000,11,output_16,1257.6042424319971
2025-01-02,000690,11:30:05.000,12,output_16,1184.300088903639
2025-01-02,000690,13:10:00.000,13,output_16,1184.3296099470017
2025-01-02,000690,13:20:00.000,14,output_16,1518.9765789464004
2025-01-02,000690,13:30:00.000,15,output_16,886.9484498602279
2025-01-02,000690,13:40:00.000,16,output_16,772.3264960698256
2025-01-02,000690,13:50:00.000,17,output_16,972.6102473533617
2025-01-02,000690,14:00:00.000,18,output_16,1135.6425706020182
2025-01-02,000690,14:10:00.000,19,output_16,838.1772659101737
2025-01-02,000690,14:20:00.000,20,output_16,893.3622973078006
2025-01-02,000690,14:30:00.000,21,output_16,972.2502752495103
2025-01-02,000690,14:40:00.000,22,output_16,905.7387714276995
2025-01-02,000690,14:50:00.000,23,output_16,2402.952819667097
2025-01-02,000690,14:56:00.000,24,output_16,2298.5064566961423
2025-01-02,000690,14:57:05.000,25,output_16,1181.6287037178322
2025-01-02,000690,15:05:00.000,26,output_16,0.0
2025-01-02,001389,09:31:00.000,0,output_16,24.379485531251913
2025-01-02,001389,09:40:00.000,1,output_16,55.411972402046466
2025-01-02,001389,09:50:00.000,2,output_16,76.62215881844608
2025-01-02,001389,10:00:00.000,3,output_16,132.4798205265632
2025-01-02,001389,10:10:00.000,4,output_16,113.47986486312506
2025-01-02,001389,10:20:00.000,5,output_16,180.3997187539935
2025-01-02,001389,10:30:00.000,6,output_16,347.5985517189421
2025-01-02,001389,10:40:00.000,7,output_16,132.59071111785042
2025-01-02,001389,10:50:00.000,8,output_16,246.01563693763345
2025-01-02,001389,11:00:00.000,9,output_16,303.4168354505225
2025-01-02,001389,11:10:00.000,10,output_16,240.79684072623988
2025-01-02,001389,11:20:00.000,11,output_16,186.28043146605418
2025-01-02,001389,11:30:05.000,12,output_16,662.5895633270646
2025-01-02,001389,13:10:00.000,13,output_16,667.4352325912594
2025-01-02,001389,13:20:00.000,14,output_16,1470.2725806390085
2025-01-02,001389,13:30:00.000,15,output_16,700.7946363449097
2025-01-02,001389,13:40:00.000,16,output_16,490.84975438954535
2025-01-02,001389,13:50:00.000,17,output_16,369.84623052620816
2025-01-02,001389,14:00:00.000,18,output_16,1136.118557993521
2025-01-02,001389,14:10:00.000,19,output_16,301.30305417887683
2025-01-02,001389,14:20:00.000,20,output_16,739.1707636512409
2025-01-02,001389,14:30:00.000,21,output_16,631.6943673513374
2025-01-02,001389,14:40:00.000,22,output_16,930.5055595545992
2025-01-02,001389,14:50:00.000,23,output_16,1304.3696428476549
2025-01-02,001389,14:56:00.000,24,output_16,1105.9964705951074
2025-01-02,001389,14:57:05.000,25,output_16,893.8771621504345
2025-01-02,001389,15:05:00.000,26,output_16,0.0
2025-01-02,002782,09:31:00.000,0,output_16,63.416256979191104
2025-01-02,002782,09:40:00.000,1,output_16,93.612426330973
2025-01-02,002782,09:50:00.000,2,output_16,203.8722118410366
2025-01-02,002782,10:00:00.000,3,output_16,213.44827250436563
2025-01-02,002782,10:10:00.000,4,output_16,184.76542253393524
2025-01-02,002782,10:20:00.000,5,output_16,335.80654204560216
2025-01-02,002782,10:30:00.000,6,output_16,556.0827551021868
2025-01-02,002782,10:40:00.000,7,output_16,798.9253499925137
2025-01-02,002782,10:50:00.000,8,output_16,227.55380681021646
2025-01-02,002782,11:00:00.000,9,output_16,569.6514824017808
2025-01-02,002782,11:10:00.000,10,output_16,569.7952879598628
2025-01-02,002782,11:20:00.000,11,output_16,561.9018452451343
2025-01-02,002782,11:30:05.000,12,output_16,708.8076213494088
2025-01-02,002782,13:10:00.000,13,output_16,1689.0925161300167
2025-01-02,002782,13:20:00.000,14,output_16,1613.0168888816127
2025-01-02,002782,13:30:00.000,15,output_16,1568.8615508207026
2025-01-02,002782,13:40:00.000,16,output_16,722.6479150622968
2025-01-02,002782,13:50:00.000,17,output_16,1564.0094852990965
2025-01-02,002782,14:00:00.000,18,output_16,1691.5247567653655
2025-01-02,002782,14:10:00.000,19,output_16,1302.93746341496
2025-01-02,002782,14:20:00.000,20,output_16,1042.669158579848
2025-01-02,002782,14:30:00.000,21,output_16,1186.604733083596
2025-01-02,002782,14:40:00.000,22,output_16,1579.2565200090407
2025-01-02,002782,14:50:00.000,23,output_16,1214.8966077873647
2025-01-02,002782,14:56:00.000,24,output_16,2192.5891787395385
2025-01-02,002782,14:57:05.000,25,output_16,1242.8513157995123
2025-01-02,002782,15:05:00.000,26,output_16,0.0
2025-01-02,002852,09:31:00.000,0,output_16,26.115191245991024
2025-01-02,002852,09:40:00.000,1,output_16,36.70635714667184
2025-01-02,002852,09:50:00.000,2,output_16,119.64123626790204
2025-01-02,002852,10:00:00.000,3,output_16,173.40546011778474
2025-01-02,002852,10:10:00.000,4,output_16,67.46065913530842
2025-01-02,002852,10:20:00.000,5,output_16,177.55962263503164
2025-01-02,002852,10:30:00.000,6,output_16,299.43290657815635
2025-01-02,002852,10:40:00.000,7,output_16,112.15997585409505
2025-01-02,002852,10:50:00.000,8,output_16,196.03719007771863
2025-01-02,002852,11:00:00.000,9,output_16,717.9618095057351
2025-01-02,002852,11:10:00.000,10,output_16,316.2083076746036
2025-01-02,002852,11:20:00.000,11,output_16,398.98702478408813
2025-01-02,002852,11:30:05.000,12,output_16,502.30377775033315
2025-01-02,002852,13:10:00.000,13,output_16,677.1592473163399
2025-01-02,002852,13:20:00.000,14,output_16,368.7176752785475
2025-01-02,002852,13:30:00.000,15,output_16,449.0134234170656
2025-01-02,002852,13:40:00.000,16,output_16,453.1384172645404
2025-01-02,002852,13:50:00.000,17,output_16,528.0078461439182
2025-01-02,002852,14:00:00.000,18,output_16,428.62520617553866
2025-01-02,002852,14:10:00.000,19,output_16,811.5909090923541
2025-01-02,002852,14:20:00.000,20,output_16,389.1057268669952
2025-01-02,002852,14:30:00.000,21,output_16,345.5974999968968
2025-01-02,002852,14:40:00.000,22,output_16,226.51349767384954
2025-01-02,002852,14:50:00.000,23,output_16,738.8997156394037
2025-01-02,002852,14:56:00.000,24,output_16,860.7031818040006
2025-01-02,002852,14:57:05.000,25,output_16,1958.8704444143507
2025-01-02,002852,15:05:00.000,26,output_16,0.0
2025-01-02,300046,09:31:00.000,0,output_16,131.21300561441464
2025-01-02,300046,09:40:00.000,1,output_16,53.13508382684027
2025-01-02,300046,09:50:00.000,2,output_16,102.2175624565497
2025-01-02,300046,10:00:00.000,3,output_16,154.22151131694673
2025-01-02,300046,10:10:00.000,4,output_16,182.03307692965998
2025-01-02,300046,10:20:00.000,5,output_16,278.23571186954695
2025-01-02,300046,10:30:00.000,6,output_16,449.82078995139636
2025-01-02,300046,10:40:00.000,7,output_16,645.5155913945167
2025-01-02,300046,10:50:00.000,8,output_16,482.26422347941184
2025-01-02,300046,11:00:00.000,9,output_16,647.5612962870371
2025-01-02,300046,11:10:00.000,10,output_16,675.1757101390673
2025-01-02,300046,11:20:00.000,11,output_16,892.763318575589
2025-01-02,300046,11:30:05.000,12,output_16,1199.8143137267991
2025-01-02,300046,13:10:00.000,13,output_16,1186.423710475547
2025-01-02,300046,13:20:00.000,14,output_16,608.9495143403544
2025-01-02,300046,13:30:00.000,15,output_16,782.3704927475557
2025-01-02,300046,13:40:00.000,16,output_16,730.1572902215111
2025-01-02,300046,13:50:00.000,17,output_16,1008.5164010347008
2025-01-02,300046,14:00:00.000,18,output_16,758.737163232359
2025-01-02,300046,14:10:00.000,19,output_16,724.1906764215264
2025-01-02,300046,14:20:00.000,20,output_16,818.4777265561594
2025-01-02,300046,14:30:00.000,21,output_16,929.4920495150014
2025-01-02,300046,14:40:00.000,22,output_16,1232.56365415556
2025-01-02,300046,14:50:00.000,23,output_16,1316.5525360186437
2025-01-02,300046,14:56:00.000,24,output_16,1254.9780834879323
2025-01-02,300046,14:57:05.000,25,output_16,1792.5954444328943
2025-01-02,300046,15:05:00.000,26,output_16,0.0
2025-01-02,300100,09:31:00.000,0,output_16,65.50045584613441
2025-01-02,300100,09:40:00.000,1,output_16,85.57410984170257
2025-01-02,300100,09:50:00.000,2,output_16,157.11504099082427
2025-01-02,300100,10:00:00.000,3,output_16,198.88338028423001
2025-01-02,300100,10:10:00.000,4,output_16,328.93430517414936
2025-01-02,300100,10:20:00.000,5,output_16,414.3356599260596
2025-01-02,300100,10:30:00.000,6,output_16,509.2974859526318
2025-01-02,300100,10:40:00.000,7,output_16,721.1648472076472
2025-01-02,300100,10:50:00.000,8,output_16,597.9238691212253
2025-01-02,300100,11:00:00.000,9,output_16,545.2295820534266
2025-01-02,300100,11:10:00.000,10,output_16,431.63021464540503
2025-01-02,300100,11:20:00.000,11,output_16,589.3373083613394
2025-01-02,300100,11:30:05.000,12,output_16,722.5236817114144
2025-01-02,300100,13:10:00.000,13,output_16,1009.1655991771989
2025-01-02,300100,13:20:00.000,14,output_16,617.2117903263338
2025-01-02,300100,13:30:00.000,15,output_16,1299.2920695698779
2025-01-02,300100,13:40:00.000,16,output_16,896.6424404744591
2025-01-02,300100,13:50:00.000,17,output_16,1216.602126443523
2025-01-02,300100,14:00:00.000,18,output_16,1393.0477414305708
2025-01-02,300100,14:10:00.000,19,output_16,1620.5026341426662
2025-01-02,300100,14:20:00.000,20,output_16,1476.5198892339874
2025-01-02,300100,14:30:00.000,21,output_16,1479.3921626667438
2025-01-02,300100,14:40:00.000,22,output_16,1810.0517398634472
2025-01-02,300100,14:50:00.000,23,output_16,1523.8642190880992
2025-01-02,300100,14:56:00.000,24,output_16,1614.7370370442484
2025-01-02,300100,14:57:05.000,25,output_16,1584.025333334605
2025-01-02,300100,15:05:00.000,26,output_16,0.0
2025-01-02,300214,09:31:00.000,0,output_16,68.22304348323657
2025-01-02,300214,09:40:00.000,1,output_16,40.727773966038065
2025-01-02,300214,09:50:00.000,2,output_16,66.67233051485934
2025-01-02,300214,10:00:00.000,3,output_16,106.69446237241068
2025-01-02,300214,10:10:00.000,4,output_16,187.24360899996935
2025-01-02,300214,10:20:00.000,5,output_16,136.36923611164093
2025-01-02,300214,10:30:00.000,6,output_16,466.4473873881606
2025-01-02,300214,10:40:00.000,7,output_16,453.5442857215931
2025-01-02,300214,10:50:00.000,8,output_16,297.9386138632746
2025-01-02,300214,11:00:00.000,9,output_16,392.48263157041447
2025-01-02,300214,11:10:00.000,10,output_16,173.36932020878322
2025-01-02,300214,11:20:00.000,11,output_16,290.7411471847848
2025-01-02,300214,11:30:05.000,12,output_16,222.1437184870744
2025-01-02,300214,13:10:00.000,13,output_16,301.2843952783793
2025-01-02,300214,13:20:00.000,14,output_16,616.8694318140095
2025-01-02,300214,13:30:00.000,15,output_16,616.0724358925453
2025-01-02,300214,13:40:00.000,16,output_16,344.6149238341956
2025-01-02,300214,13:50:00.000,17,output_16,617.5821428490536
2025-01-02,300214,14:00:00.000,18,output_16,714.0967175359945
2025-01-02,300214,14:10:00.000,19,output_16,522.5968478244284
2025-01-02,300214,14:20:00.000,20,output_16,1329.3316822363952
2025-01-02,300214,14:30:00.000,21,output_16,1164.8768867749088
2025-01-02,300214,14:40:00.000,22,output_16,1253.1300775154616
2025-01-02,300214,14:50:00.000,23,output_16,1238.3729787025045
2025-01-02,300214,14:56:00.000,24,output_16,1349.5587577805015
2025-01-02,300214,14:57:05.000,25,output_16,1541.811891884417
2025-01-02,300214,15:05:00.000,26,output_16,0.0
2025-01-02,300779,09:31:00.000,0,output_16,19.61435408341257
2025-01-02,300779,09:40:00.000,1,output_16,35.00261828839215
2025-01-02,300779,09:50:00.000,2,output_16,82.15885855009775
2025-01-02,300779,10:00:00.000,3,output_16,202.40244186571402
2025-01-02,300779,10:10:00.000,4,output_16,151.8520833322635
2025-01-02,300779,10:20:00.000,5,output_16,306.75866438183067
2025-01-02,300779,10:30:00.000,6,output_16,343.1590833167235
2025-01-02,300779,10:40:00.000,7,output_16,198.32713376488655
2025-01-02,300779,10:50:00.000,8,output_16,384.653495932013
2025-01-02,300779,11:00:00.000,9,output_16,707.6485882338355
2025-01-02,300779,11:10:00.000,10,output_16,408.41589742848
2025-01-02,300779,11:20:00.000,11,output_16,279.5694628165773
2025-01-02,300779,11:30:05.000,12,output_16,1302.6368656727805
2025-01-02,300779,13:10:00.000,13,output_16,784.3972794010359
2025-01-02,300779,13:20:00.000,14,output_16,691.7920105633913
2025-01-02,300779,13:30:00.000,15,output_16,1055.6708333318431
2025-01-02,300779,13:40:00.000,16,output_16,788.627473670558
2025-01-02,300779,13:50:00.000,17,output_16,1110.3929999930517
2025-01-02,300779,14:00:00.000,18,output_16,804.9182296643417
2025-01-02,300779,14:10:00.000,19,output_16,862.057099222227
2025-01-02,300779,14:20:00.000,20,output_16,1318.994705876182
2025-01-02,300779,14:30:00.000,21,output_16,904.4434831396917
2025-01-02,300779,14:40:00.000,22,output_16,483.8671839182404
2025-01-02,300779,14:50:00.000,23,output_16,2291.8680208424726
2025-01-02,300779,14:56:00.000,24,output_16,2507.1172115458894
2025-01-02,300779,14:57:05.000,25,output_16,451.84999999403954
2025-01-02,300779,15:05:00.000,26,output_16,0.0
2025-01-02,300816,09:31:00.000,0,output_16,46.53669950821129
2025-01-02,300816,09:40:00.000,1,output_16,62.32013123241935
2025-01-02,300816,09:50:00.000,2,output_16,66.60411254977767
2025-01-02,300816,10:00:00.000,3,output_16,132.63860544704255
2025-01-02,300816,10:10:00.000,4,output_16,141.92901345646436
2025-01-02,300816,10:20:00.000,5,output_16,125.2123157802381
2025-01-02,300816,10:30:00.000,6,output_16,199.67895107002525
2025-01-02,300816,10:40:00.000,7,output_16,139.827043460763
2025-01-02,300816,10:50:00.000,8,output_16,297.87464915032973
2025-01-02,300816,11:00:00.000,9,output_16,267.51510639562673
2025-01-02,300816,11:10:00.000,10,output_16,240.26738737724924
2025-01-02,300816,11:20:00.000,11,output_16,298.76984496449313
2025-01-02,300816,11:30:05.000,12,output_16,225.00254237853875
2025-01-02,300816,13:10:00.000,13,output_16,564.9472357722802
2025-01-02,300816,13:20:00.000,14,output_16,275.5041025724166
2025-01-02,300816,13:30:00.000,15,output_16,1022.7501886835638
2025-01-02,300816,13:40:00.000,16,output_16,266.67885244478947
2025-01-02,300816,13:50:00.000,17,output_16,732.5048695481341
2025-01-02,300816,14:00:00.000,18,output_16,689.6889928039029
2025-01-02,300816,14:10:00.000,19,output_16,317.9126956390298
2025-01-02,300816,14:20:00.000,20,output_16,585.9391870149752
2025-01-02,300816,14:30:00.000,21,output_16,401.9296402828299
2025-01-02,300816,14:40:00.000,22,output_16,387.2823076859499
2025-01-02,300816,14:50:00.000,23,output_16,804.1534061057079
2025-01-02,300816,14:56:00.000,24,output_16,1305.3470967636313
2025-01-02,300816,14:57:05.000,25,output_16,5808.800909042358
2025-01-02,300816,15:05:00.000,26,output_16,0.0
2025-01-02,301157,09:31:00.000,0,output_16,97.74086959120156
2025-01-02,301157,09:40:00.000,1,output_16,85.04981530247389
2025-01-02,301157,09:50:00.000,2,output_16,93.28650000606264
2025-01-02,301157,10:00:00.000,3,output_16,211.92743119187313
2025-01-02,301157,10:10:00.000,4,output_16,219.95386597667772
2025-01-02,301157,10:20:00.000,5,output_16,385.0390421476401
2025-01-02,301157,10:30:00.000,6,output_16,677.2309836051503
2025-01-02,301157,10:40:00.000,7,output_16,475.6853658552092
2025-01-02,301157,10:50:00.000,8,output_16,716.1793814418243
2025-01-02,301157,11:00:00.000,9,output_16,1136.0378666528065
2025-01-02,301157,11:10:00.000,10,output_16,674.5661515141978
2025-01-02,301157,11:20:00.000,11,output_16,370.2228834373088
2025-01-02,301157,11:30:05.000,12,output_16,567.9023610833618
2025-01-02,301157,13:10:00.000,13,output_16,1002.7202234534578
2025-01-02,301157,13:20:00.000,14,output_16,695.4525563824445
2025-01-02,301157,13:30:00.000,15,output_16,967.9333333285929
2025-01-02,301157,13:40:00.000,16,output_16,986.40048779947
2025-01-02,301157,13:50:00.000,17,output_16,1694.6818333466847
2025-01-02,301157,14:00:00.000,18,output_16,1095.2117085456848
2025-01-02,301157,14:10:00.000,19,output_16,1237.0368807490813
2025-01-02,301157,14:20:00.000,20,output_16,1158.0794827794207
2025-01-02,301157,14:30:00.000,21,output_16,2286.2063829721287
2025-01-02,301157,14:40:00.000,22,output_16,1207.840118326379
2025-01-02,301157,14:50:00.000,23,output_16,1077.0361904734657
2025-01-02,301157,14:56:00.000,24,output_16,1210.267604175955
2025-01-02,301157,14:57:05.000,25,output_16,3048.1589999914167
2025-01-02,301157,15:05:00.000,26,output_16,0.0
2025-01-03,000548,09:31:00.000,0,output_16,65.92555554707845
2025-01-03,000548,09:40:00.000,1,output_16,48.01558232275517
2025-01-03,000548,09:50:00.000,2,output_16,82.92251686621248
2025-01-03,000548,10:00:00.000,3,output_16,79.19857965183807
2025-01-03,000548,10:10:00.000,4,output_16,105.97553935342906
2025-01-03,000548,10:20:00.000,5,output_16,149.62448668298612
2025-01-03,000548,10:30:00.000,6,output_16,350.3707521974513
2025-01-03,000548,10:40:00.000,7,output_16,270.11751478240336
2025-01-03,000548,10:50:00.000,8,output_16,390.04306119477667
2025-01-03,000548,11:00:00.000,9,output_16,541.1491817994552
2025-01-03,000548,11:10:00.000,10,output_16,342.18142155221864
2025-01-03,000548,11:20:00.000,11,output_16,226.6858593504876
2025-01-03,000548,11:30:05.000,12,output_16,444.2198255935381
2025-01-03,000548,13:10:00.000,13,output_16,743.3813207449404
2025-01-03,000548,13:20:00.000,14,output_16,681.0793590041308
2025-01-03,000548,13:30:00.000,15,output_16,434.4460402495109
2025-01-03,000548,13:40:00.000,16,output_16,350.1645454484012
2025-01-03,000548,13:50:00.000,17,output_16,1007.6157983130768
2025-01-03,000548,14:00:00.000,18,output_16,759.5216049245356
2025-01-03,000548,14:10:00.000,19,output_16,618.2030769139528
2025-01-03,000548,14:20:00.000,20,output_16,962.1004291737029
2025-01-03,000548,14:30:00.000,21,output_16,255.20815125767257
2025-01-03,000548,14:40:00.000,22,output_16,426.0970422404473
2025-01-03,000548,14:50:00.000,23,output_16,1059.4474111789375
2025-01-03,000548,14:56:00.000,24,output_16,932.2599532693346
2025-01-03,000548,14:57:05.000,25,output_16,429.4019047816594
2025-01-03,000548,15:05:00.000,26,output_16,0.0
2025-01-03,000677,09:31:00.000,0,output_16,84.85929687134922
2025-01-03,000677,09:40:00.000,1,output_16,68.86002447263701
2025-01-03,000677,09:50:00.000,2,output_16,64.60087402774006
2025-01-03,000677,10:00:00.000,3,output_16,130.2412257994375
2025-01-03,000677,10:10:00.000,4,output_16,132.8847293364696
2025-01-03,000677,10:20:00.000,5,output_16,206.10503165178662
2025-01-03,000677,10:30:00.000,6,output_16,323.38268868821973
2025-01-03,000677,10:40:00.000,7,output_16,230.86524999961256
2025-01-03,000677,10:50:00.000,8,output_16,449.4037121209231
2025-01-03,000677,11:00:00.000,9,output_16,468.6840983453344
2025-01-03,000677,11:10:00.000,10,output_16,459.52052287650264
2025-01-03,000677,11:20:00.000,11,output_16,415.2508108035938
2025-01-03,000677,11:30:05.000,12,output_16,284.87513157443
2025-01-03,000677,13:10:00.000,13,output_16,1066.421141541712
2025-01-03,000677,13:20:00.000,14,output_16,601.5009950179959
2025-01-03,000677,13:30:00.000,15,output_16,399.51340516990626
2025-01-03,000677,13:40:00.000,16,output_16,190.11941860858784
2025-01-03,000677,13:50:00.000,17,output_16,631.2380499970913
2025-01-03,000677,14:00:00.000,18,output_16,1011.5141499865055
2025-01-03,000677,14:10:00.000,19,output_16,645.9484745769178
2025-01-03,000677,14:20:00.000,20,output_16,431.5647381078629
2025-01-03,000677,14:30:00.000,21,output_16,627.7093373221087
2025-01-03,000677,14:40:00.000,22,output_16,650.7164189130873
2025-01-03,000677,14:50:00.000,23,output_16,1341.0634591182072
2025-01-03,000677,14:56:00.000,24,output_16,1698.1483139562051
2025-01-03,000677,14:57:05.000,25,output_16,510.7941176891327
2025-01-03,000677,15:05:00.000,26,output_16,0.0
2025-01-03,002079,09:31:00.000,0,output_16,196.5986842188919
2025-01-03,002079,09:40:00.000,1,output_16,39.06157475008917
2025-01-03,002079,09:50:00.000,2,output_16,106.57580000718434
2025-01-03,002079,10:00:00.000,3,output_16,102.99216953825157
2025-01-03,002079,10:10:00.000,4,output_16,221.51019800063406
2025-01-03,002079,10:20:00.000,5,output_16,400.45607001030027
2025-01-03,002079,10:30:00.000,6,output_16,426.159724952664
2025-01-03,002079,10:40:00.000,7,output_16,545.8388448760847
2025-01-03,002079,10:50:00.000,8,output_16,618.926762604885
2025-01-03,002079,11:00:00.000,9,output_16,840.0998850553885
2025-01-03,002079,11:10:00.000,10,output_16,785.0236220397348
2025-01-03,002079,11:20:00.000,11,output_16,710.4636666576067
2025-01-03,002079,11:30:05.000,12,output_16,907.695853669469
2025-01-03,002079,13:10:00.000,13,output_16,884.1415228565332
2025-01-03,002079,13:20:00.000,14,output_16,956.3354922267439
2025-01-03,002079,13:30:00.000,15,output_16,913.1111049823339
2025-01-03,002079,13:40:00.000,16,output_16,1093.9408408120587
2025-01-03,002079,13:50:00.000,17,output_16,1242.2196969676327
2025-01-03,002079,14:00:00.000,18,output_16,871.1313167297119
2025-01-03,002079,14:10:00.000,19,output_16,1123.4268168899375
2025-01-03,002079,14:20:00.000,20,output_16,371.3607270464268
2025-01-03,002079,14:30:00.000,21,output_16,672.9671975653017
2025-01-03,002079,14:40:00.000,22,output_16,632.0703496549513
2025-01-03,002079,14:50:00.000,23,output_16,1084.9225280967992
2025-01-03,002079,14:56:00.000,24,output_16,2454.8964114827972
2025-01-03,002079,14:57:05.000,25,output_16,1636.495142868587
2025-01-03,002079,15:05:00.000,26,output_16,0.0
2025-01-03,002177,09:31:00.000,0,output_16,68.49938965963086
2025-01-03,002177,09:40:00.000,1,output_16,78.54407671622992
2025-01-03,002177,09:50:00.000,2,output_16,171.30313342058236
2025-01-03,002177,10:00:00.000,3,output_16,128.31095714194433
2025-01-03,002177,10:10:00.000,4,output_16,168.06576141609153
2025-01-03,002177,10:20:00.000,5,output_16,224.84463722372405
2025-01-03,002177,10:30:00.000,6,output_16,187.79982118232707
2025-01-03,002177,10:40:00.000,7,output_16,394.6504455332709
2025-01-03,002177,10:50:00.000,8,output_16,520.0401013622413
2025-01-03,002177,11:00:00.000,9,output_16,415.2481781413198
2025-01-03,002177,11:10:00.000,10,output_16,565.2998437555507
2025-01-03,002177,11:20:00.000,11,output_16,447.5862411395878
2025-01-03,002177,11:30:05.000,12,output_16,509.4139936054096
2025-01-03,002177,13:10:00.000,13,output_16,1594.1727433711026
2025-01-03,002177,13:20:00.000,14,output_16,768.9574554773384
2025-01-03,002177,13:30:00.000,15,output_16,637.2970501947602
2025-01-03,002177,13:40:00.000,16,output_16,438.6784788081771
2025-01-03,002177,13:50:00.000,17,output_16,1377.7371555540296
2025-01-03,002177,14:00:00.000,18,output_16,760.0168361605448
2025-01-03,002177,14:10:00.000,19,output_16,1045.4389655080336
2025-01-03,002177,14:20:00.000,20,output_16,921.8366985646161
2025-01-03,002177,14:30:00.000,21,output_16,1010.3281779668089
2025-01-03,002177,14:40:00.000,22,output_16,941.3513947931024
2025-01-03,002177,14:50:00.000,23,output_16,1842.8851025587473
2025-01-03,002177,14:56:00.000,24,output_16,1393.462370707557
2025-01-03,002177,14:57:05.000,25,output_16,2199.451764730846
2025-01-03,002177,15:05:00.000,26,output_16,0.0
2025-01-03,002311,09:31:00.000,0,output_16,4.663835882685567
2025-01-03,002311,09:40:00.000,1,output_16,27.781364266882466
2025-01-03,002311,09:50:00.000,2,output_16,42.65578155418798
2025-01-03,002311,10:00:00.000,3,output_16,78.02576849582752
2025-01-03,002311,10:10:00.000,4,output_16,51.632625781889985
2025-01-03,002311,10:20:00.000,5,output_16,73.65136263449114
2025-01-03,002311,10:30:00.000,6,output_16,157.90692556791706
2025-01-03,002311,10:40:00.000,7,output_16,107.53716774755573
2025-01-03,002311,10:50:00.000,8,output_16,85.74789476285537
2025-01-03,002311,11:00:00.000,9,output_16,95.69066853045089
2025-01-03,002311,11:10:00.000,10,output_16,98.25664631186461
2025-01-03,002311,11:20:00.000,11,output_16,114.12101008675315
2025-01-03,002311,11:30:05.000,12,output_16,280.5280000090599
2025-01-03,002311,13:10:00.000,13,output_16,111.54937348997737
2025-01-03,002311,13:20:00.000,14,output_16,106.6173619702306
2025-01-03,002311,13:30:00.000,15,output_16,233.5561131972187
2025-01-03,002311,13:40:00.000,16,output_16,136.28470085013626
2025-01-03,002311,13:50:00.000,17,output_16,323.24005831851906
2025-01-03,002311,14:00:00.000,18,output_16,143.21888889339235
2025-01-03,002311,14:10:00.000,19,output_16,298.87475644961467
2025-01-03,002311,14:20:00.000,20,output_16,289.86074890229145
2025-01-03,002311,14:30:00.000,21,output_16,103.09253118084926
2025-01-03,002311,14:40:00.000,22,output_16,96.97439163719294
2025-01-03,002311,14:50:00.000,23,output_16,163.30596190725055
2025-01-03,002311,14:56:00.000,24,output_16,681.917687509954
2025-01-03,002311,14:57:05.000,25,output_16,3648.3138888809417
2025-01-03,002311,15:05:00.000,26,output_16,0.0
2025-01-03,002876,09:31:00.000,0,output_16,66.61270269509909
2025-01-03,002876,09:40:00.000,1,output_16,28.046800810086655
2025-01-03,002876,09:50:00.000,2,output_16,72.0034857082367
2025-01-03,002876,10:00:00.000,3,output_16,50.3075712073868
2025-01-03,002876,10:10:00.000,4,output_16,110.73690391774704
2025-01-03,002876,10:20:00.000,5,output_16,201.66292207813882
2025-01-03,002876,10:30:00.000,6,output_16,488.431505375011
2025-01-03,002876,10:40:00.000,7,output_16,421.7696598695249
2025-01-03,002876,10:50:00.000,8,output_16,152.3193865246568
2025-01-03,002876,11:00:00.000,9,output_16,380.4970967654259
2025-01-03,002876,11:10:00.000,10,output_16,215.71289310515303
2025-01-03,002876,11:20:00.000,11,output_16,244.46828357675182
2025-01-03,002876,11:30:05.000,12,output_16,707.1230882423765
2025-01-03,002876,13:10:00.000,13,output_16,313.46808857462065
2025-01-03,002876,13:20:00.000,14,output_16,166.39655948988494
2025-01-03,002876,13:30:00.000,15,output_16,154.075572916617
2025-01-03,002876,13:40:00.000,16,output_16,258.9774679365831
2025-01-03,002876,13:50:00.000,17,output_16,846.7566666716621
2025-01-03,002876,14:00:00.000,18,output_16,239.52504628786335
2025-01-03,002876,14:10:00.000,19,output_16,532.6253738124794
2025-01-03,002876,14:20:00.000,20,output_16,421.77728682802626
2025-01-03,002876,14:30:00.000,21,output_16,302.2563934482512
2025-01-03,002876,14:40:00.000,22,output_16,755.322884610066
2025-01-03,002876,14:50:00.000,23,output_16,819.1518888791402
2025-01-03,002876,14:56:00.000,24,output_16,458.00444899383854
2025-01-03,002876,14:57:05.000,25,output_16,1827.2508333656524
2025-01-03,002876,15:05:00.000,26,output_16,0.0
2025-01-03,300967,09:31:00.000,0,output_16,28.40669640685831
2025-01-03,300967,09:40:00.000,1,output_16,21.424221257108442
2025-01-03,300967,09:50:00.000,2,output_16,88.36598101145104
2025-01-03,300967,10:00:00.000,3,output_16,56.401783310263745
2025-01-03,300967,10:10:00.000,4,output_16,49.61535791874966
2025-01-03,300967,10:20:00.000,5,output_16,118.69523809637342
2025-01-03,300967,10:30:00.000,6,output_16,95.312395212893
2025-01-03,300967,10:40:00.000,7,output_16,278.39232557688575
2025-01-03,300967,10:50:00.000,8,output_16,218.7872131144414
2025-01-03,300967,11:00:00.000,9,output_16,771.8668292789924
2025-01-03,300967,11:10:00.000,10,output_16,202.40024098430771
2025-01-03,300967,11:20:00.000,11,output_16,350.03446427413394
2025-01-03,300967,11:30:05.000,12,output_16,348.78936842115303
2025-01-03,300967,13:10:00.000,13,output_16,449.74100629788524
2025-01-03,300967,13:20:00.000,14,output_16,330.46428570499666
2025-01-03,300967,13:30:00.000,15,output_16,132.93190477007911
2025-01-03,300967,13:40:00.000,16,output_16,206.42886596856658
2025-01-03,300967,13:50:00.000,17,output_16,795.2833333295935
2025-01-03,300967,14:00:00.000,18,output_16,475.456170241038
2025-01-03,300967,14:10:00.000,19,output_16,675.3475912400406
2025-01-03,300967,14:20:00.000,20,output_16,198.01504166523617
2025-01-03,300967,14:30:00.000,21,output_16,340.06877245660314
2025-01-03,300967,14:40:00.000,22,output_16,465.804669409744
2025-01-03,300967,14:50:00.000,23,output_16,1141.361275167273
2025-01-03,300967,14:56:00.000,24,output_16,867.8668627380546
2025-01-03,300967,14:57:05.000,25,output_16,2350.751935474334
2025-01-03,300967,15:05:00.000,26,output_16,0.0
2025-01-03,301035,09:31:00.000,0,output_16,18.92491228399221
2025-01-03,301035,09:40:00.000,1,output_16,27.489891504077324
2025-01-03,301035,09:50:00.000,2,output_16,45.01718102293835
2025-01-03,301035,10:00:00.000,3,output_16,89.10692754690199
2025-01-03,301035,10:10:00.000,4,output_16,49.110079990386964
2025-01-03,301035,10:20:00.000,5,output_16,53.14355827401752
2025-01-03,301035,10:30:00.000,6,output_16,142.36183673670502
2025-01-03,301035,10:40:00.000,7,output_16,72.33908332387607
2025-01-03,301035,10:50:00.000,8,output_16,112.76500001170419
2025-01-03,301035,11:00:00.000,9,output_16,226.52972972070847
2025-01-03,301035,11:10:00.000,10,output_16,89.55705883222468
2025-01-03,301035,11:20:00.000,11,output_16,236.69526316931373
2025-01-03,301035,11:30:05.000,12,output_16,273.85014705564464
2025-01-03,301035,13:10:00.000,13,output_16,273.6757232648022
2025-01-03,301035,13:20:00.000,14,output_16,154.47668449763947
2025-01-03,301035,13:30:00.000,15,output_16,196.11407607534656
2025-01-03,301035,13:40:00.000,16,output_16,93.87897810448695
2025-01-03,301035,13:50:00.000,17,output_16,189.76057854565707
2025-01-03,301035,14:00:00.000,18,output_16,191.80333333067554
2025-01-03,301035,14:10:00.000,19,output_16,249.10820512893872
2025-01-03,301035,14:20:00.000,20,output_16,114.77963801962218
2025-01-03,301035,14:30:00.000,21,output_16,111.96693693839752
2025-01-03,301035,14:40:00.000,22,output_16,196.4771831052404
2025-01-03,301035,14:50:00.000,23,output_16,131.90398964980724
2025-01-03,301035,14:56:00.000,24,output_16,219.53270173993027
2025-01-03,301035,14:57:05.000,25,output_16,24.20888891926518
2025-01-03,301035,15:05:00.000,26,output_16,0.0
2025-01-03,301049,09:31:00.000,0,output_16,54.784800019264225
2025-01-03,301049,09:40:00.000,1,output_16,37.178886190742325
2025-01-03,301049,09:50:00.000,2,output_16,71.14174823327498
2025-01-03,301049,10:00:00.000,3,output_16,115.24557376038182
2025-01-03,301049,10:10:00.000,4,output_16,41.94348241498295
2025-01-03,301049,10:20:00.000,5,output_16,151.32557251071202
2025-01-03,301049,10:30:00.000,6,output_16,245.8803663026719
2025-01-03,301049,10:40:00.000,7,output_16,164.19144695134793
2025-01-03,301049,10:50:00.000,8,output_16,264.79406248778105
2025-01-03,301049,11:00:00.000,9,output_16,721.1162963134271
2025-01-03,301049,11:10:00.000,10,output_16,199.90844827068264
2025-01-03,301049,11:20:00.000,11,output_16,645.8148529319202
2025-01-03,301049,11:30:05.000,12,output_16,289.4036000156403
2025-01-03,301049,13:10:00.000,13,output_16,188.61290321657734
2025-01-03,301049,13:20:00.000,14,output_16,177.10953484302343
2025-01-03,301049,13:30:00.000,15,output_16,165.64545453059208
2025-01-03,301049,13:40:00.000,16,output_16,53.497733671334245
2025-01-03,301049,13:50:00.000,17,output_16,140.62128047099927
2025-01-03,301049,14:00:00.000,18,output_16,572.3884999680519
2025-01-03,301049,14:10:00.000,19,output_16,224.02386044014332
2025-01-03,301049,14:20:00.000,20,output_16,673.3665432017526
2025-01-03,301049,14:30:00.000,21,output_16,153.61724926817382
2025-01-03,301049,14:40:00.000,22,output_16,462.45739126205444
2025-01-03,301049,14:50:00.000,23,output_16,1129.6487825953443
2025-01-03,301049,14:56:00.000,24,output_16,1206.9478571372372
2025-01-03,301049,14:57:05.000,25,output_16,991.3863999938965
2025-01-03,301049,15:05:00.000,26,output_16,0.0
2025-01-03,301393,09:31:00.000,0,output_16,48.7758695612783
2025-01-03,301393,09:40:00.000,1,output_16,44.12666666587727
2025-01-03,301393,09:50:00.000,2,output_16,43.75500000347881
2025-01-03,301393,10:00:00.000,3,output_16,111.18580807941129
2025-01-03,301393,10:10:00.000,4,output_16,174.81235294903027
2025-01-03,301393,10:20:00.000,5,output_16,68.15681817856702
2025-01-03,301393,10:30:00.000,6,output_16,158.81836063744592
2025-01-03,301393,10:40:00.000,7,output_16,426.31745095346486
2025-01-03,301393,10:50:00.000,8,output_16,152.87144578508583
2025-01-03,301393,11:00:00.000,9,output_16,452.78346153405994
2025-01-03,301393,11:10:00.000,10,output_16,98.82082472879863
2025-01-03,301393,11:20:00.000,11,output_16,91.403362039862
2025-01-03,301393,11:30:05.000,12,output_16,312.74740000247954
2025-01-03,301393,13:10:00.000,13,output_16,475.42426666259763
2025-01-03,301393,13:20:00.000,14,output_16,535.7056310408324
2025-01-03,301393,13:30:00.000,15,output_16,139.32600002884865
2025-01-03,301393,13:40:00.000,16,output_16,222.02617649120444
2025-01-03,301393,13:50:00.000,17,output_16,844.7991379335009
2025-01-03,301393,14:00:00.000,18,output_16,240.25023254682853
2025-01-03,301393,14:10:00.000,19,output_16,538.6041176424307
2025-01-03,301393,14:20:00.000,20,output_16,485.2877064188686
2025-01-03,301393,14:30:00.000,21,output_16,472.6525892657893
2025-01-03,301393,14:40:00.000,22,output_16,430.4652631587552
2025-01-03,301393,14:50:00.000,23,output_16,678.8347552339513
2025-01-03,301393,14:56:00.000,24,output_16,1412.467432418385
2025-01-03,301393,14:57:05.000,25,output_16,4129.037692290086
2025-01-03,301393,15:05:00.000,26,output_16,0.0
2025-01-06,000848,09:31:00.000,0,output_16,19.315614362294824
2025-01-06,000848,09:40:00.000,1,output_16,44.2410939838192
2025-01-06,000848,09:50:00.000,2,output_16,86.61232590542531
2025-01-06,000848,10:00:00.000,3,output_16,89.94449080489514
2025-01-06,000848,10:10:00.000,4,output_16,122.7854838823503
2025-01-06,000848,10:20:00.000,5,output_16,126.37140877858045
2025-01-06,000848,10:30:00.000,6,output_16,191.09113206683466
2025-01-06,000848,10:40:00.000,7,output_16,221.47261466345657
2025-01-06,000848,10:50:00.000,8,output_16,204.7128662227825
2025-01-06,000848,11:00:00.000,9,output_16,238.38330434197965
2025-01-06,000848,11:10:00.000,10,output_16,285.90641974225457
2025-01-06,000848,11:20:00.000,11,output_16,197.37366834717182
2025-01-06,000848,11:30:05.000,12,output_16,152.29105571917424
2025-01-06,000848,13:10:00.000,13,output_16,220.21413443190502
2025-01-06,000848,13:20:00.000,14,output_16,351.22958550304946
2025-01-06,000848,13:30:00.000,15,output_16,105.9699164413144
2025-01-06,000848,13:40:00.000,16,output_16,446.3922377683066
2025-01-06,000848,13:50:00.000,17,output_16,380.54235668850555
2025-01-06,000848,14:00:00.000,18,output_16,253.38618423279962
2025-01-06,000848,14:10:00.000,19,output_16,504.09332016239995
2025-01-06,000848,14:20:00.000,20,output_16,575.0633571522576
2025-01-06,000848,14:30:00.000,21,output_16,566.5665895938873
2025-01-06,000848,14:40:00.000,22,output_16,842.6176964752074
2025-01-06,000848,14:50:00.000,23,output_16,1919.4199272762646
2025-01-06,000848,14:56:00.000,24,output_16,1438.5806949783016
2025-01-06,000848,14:57:05.000,25,output_16,1671.8472727266226
2025-01-06,000848,15:05:00.000,26,output_16,0.0
2025-01-06,000949,09:31:00.000,0,output_16,186.18640777208273
2025-01-06,000949,09:40:00.000,1,output_16,102.7926072291273
2025-01-06,000949,09:50:00.000,2,output_16,148.78041118775545
2025-01-06,000949,10:00:00.000,3,output_16,388.0426937205325
2025-01-06,000949,10:10:00.000,4,output_16,368.979512200446
2025-01-06,000949,10:20:00.000,5,output_16,541.8840731661494
2025-01-06,000949,10:30:00.000,6,output_16,513.3882397096255
2025-01-06,000949,10:40:00.000,7,output_16,805.7391935471566
2025-01-06,000949,10:50:00.000,8,output_16,587.5986756711393
2025-01-06,000949,11:00:00.000,9,output_16,748.6461210038739
2025-01-06,000949,11:10:00.000,10,output_16,518.3168511943421
2025-01-06,000949,11:20:00.000,11,output_16,921.0301111147139
2025-01-06,000949,11:30:05.000,12,output_16,869.7535273873642
2025-01-06,000949,13:10:00.000,13,output_16,784.8953246915495
2025-01-06,000949,13:20:00.000,14,output_16,440.24341241069084
2025-01-06,000949,13:30:00.000,15,output_16,557.4424725305903
2025-01-06,000949,13:40:00.000,16,output_16,541.8823351650448
2025-01-06,000949,13:50:00.000,17,output_16,516.2757773068772
2025-01-06,000949,14:00:00.000,18,output_16,1316.0812359525917
2025-01-06,000949,14:10:00.000,19,output_16,998.7799354768568
2025-01-06,000949,14:20:00.000,20,output_16,1621.1707944000993
2025-01-06,000949,14:30:00.000,21,output_16,1767.6256218988503
2025-01-06,000949,14:40:00.000,22,output_16,647.3504675161271
2025-01-06,000949,14:50:00.000,23,output_16,2113.0272639115265
2025-01-06,000949,14:56:00.000,24,output_16,3466.3194505450488
2025-01-06,000949,14:57:05.000,25,output_16,4457.76451923297
2025-01-06,000949,15:05:00.000,26,output_16,0.0
2025-01-06,002307,09:31:00.000,0,output_16,60.56821138878179
2025-01-06,002307,09:40:00.000,1,output_16,91.95316504459937
2025-01-06,002307,09:50:00.000,2,output_16,127.55606263382589
2025-01-06,002307,10:00:00.000,3,output_16,465.65393664718215
2025-01-06,002307,10:10:00.000,4,output_16,196.1687767542101
2025-01-06,002307,10:20:00.000,5,output_16,673.3771195722663
2025-01-06,002307,10:30:00.000,6,output_16,689.3348175156725
2025-01-06,002307,10:40:00.000,7,output_16,1156.9247787462928
2025-01-06,002307,10:50:00.000,8,output_16,1210.057927937121
2025-01-06,002307,11:00:00.000,9,output_16,1801.7553225794147
2025-01-06,002307,11:10:00.000,10,output_16,1295.4296226456481
2025-01-06,002307,11:20:00.000,11,output_16,1325.7877011545772
2025-01-06,002307,11:30:05.000,12,output_16,850.968838696326
2025-01-06,002307,13:10:00.000,13,output_16,1830.9500000201208
2025-01-06,002307,13:20:00.000,14,output_16,2700.4100000051353
2025-01-06,002307,13:30:00.000,15,output_16,2214.200227274136
2025-01-06,002307,13:40:00.000,16,output_16,2121.6394354874087
2025-01-06,002307,13:50:00.000,17,output_16,1065.1721969698415
2025-01-06,002307,14:00:00.000,18,output_16,2386.3610344919666
2025-01-06,002307,14:10:00.000,19,output_16,1089.7170384553763
2025-01-06,002307,14:20:00.000,20,output_16,2257.5117721467077
2025-01-06,002307,14:30:00.000,21,output_16,4504.547738100801
2025-01-06,002307,14:40:00.000,22,output_16,2137.561884059998
2025-01-06,002307,14:50:00.000,23,output_16,2253.932587064914
2025-01-06,002307,14:56:00.000,24,output_16,4468.860364964408
2025-01-06,002307,14:57:05.000,25,output_16,2949.492272718386
2025-01-06,002307,15:05:00.000,26,output_16,0.0
2025-01-06,300284,09:31:00.000,0,output_16,48.24949999252955
2025-01-06,300284,09:40:00.000,1,output_16,29.297412726423822
2025-01-06,300284,09:50:00.000,2,output_16,79.59881329008296
2025-01-06,300284,10:00:00.000,3,output_16,193.6835843425199
2025-01-06,300284,10:10:00.000,4,output_16,313.86233131139556
2025-01-06,300284,10:20:00.000,5,output_16,443.93966789703086
2025-01-06,300284,10:30:00.000,6,output_16,417.5987735934228
2025-01-06,300284,10:40:00.000,7,output_16,597.5646859954521
2025-01-06,300284,10:50:00.000,8,output_16,606.0966463452432
2025-01-06,300284,11:00:00.000,9,output_16,459.0278021987978
2025-01-06,300284,11:10:00.000,10,output_16,635.144424764456
2025-01-06,300284,11:20:00.000,11,output_16,663.3955555359522
2025-01-06,300284,11:30:05.000,12,output_16,380.05770596279274
2025-01-06,300284,13:10:00.000,13,output_16,783.5783180439508
2025-01-06,300284,13:20:00.000,14,output_16,1448.8319117689834
2025-01-06,300284,13:30:00.000,15,output_16,1386.3646621559117
2025-01-06,300284,13:40:00.000,16,output_16,1310.3253303887036
2025-01-06,300284,13:50:00.000,17,output_16,1159.8036181028165
2025-01-06,300284,14:00:00.000,18,output_16,1010.0960989063913
2025-01-06,300284,14:10:00.000,19,output_16,572.099999998615
2025-01-06,300284,14:20:00.000,20,output_16,876.599119177754
2025-01-06,300284,14:30:00.000,21,output_16,1485.5488414517263
2025-01-06,300284,14:40:00.000,22,output_16,1312.3706774157863
2025-01-06,300284,14:50:00.000,23,output_16,2064.45540146236
2025-01-06,300284,14:56:00.000,24,output_16,1968.1397153083965
2025-01-06,300284,14:57:05.000,25,output_16,1631.3502985043312
2025-01-06,300284,15:05:00.000,26,output_16,0.0
2025-01-06,300329,09:31:00.000,0,output_16,45.98028881713371
2025-01-06,300329,09:40:00.000,1,output_16,74.92832184057126
2025-01-06,300329,09:50:00.000,2,output_16,66.62206504209254
2025-01-06,300329,10:00:00.000,3,output_16,107.88721393115485
2025-01-06,300329,10:10:00.000,4,output_16,233.77185391977932
2025-01-06,300329,10:20:00.000,5,output_16,537.6226315749319
2025-01-06,300329,10:30:00.000,6,output_16,489.86424244353265
2025-01-06,300329,10:40:00.000,7,output_16,140.07675676916557
2025-01-06,300329,10:50:00.000,8,output_16,148.55412588919793
2025-01-06,300329,11:00:00.000,9,output_16,712.1199999729793
2025-01-06,300329,11:10:00.000,10,output_16,265.17160493650556
2025-01-06,300329,11:20:00.000,11,output_16,378.22275364226186
2025-01-06,300329,11:30:05.000,12,output_16,241.07118011557537
2025-01-06,300329,13:10:00.000,13,output_16,219.92565853537582
2025-01-06,300329,13:20:00.000,14,output_16,400.6102898604628
2025-01-06,300329,13:30:00.000,15,output_16,1451.6497297673611
2025-01-06,300329,13:40:00.000,16,output_16,1255.8106896548436
2025-01-06,300329,13:50:00.000,17,output_16,538.3948780298233
2025-01-06,300329,14:00:00.000,18,output_16,209.90057694682707
2025-01-06,300329,14:10:00.000,19,output_16,226.57373417329185
2025-01-06,300329,14:20:00.000,20,output_16,1501.9097499996424
2025-01-06,300329,14:30:00.000,21,output_16,1857.4487037173024
2025-01-06,300329,14:40:00.000,22,output_16,1569.7299999975496
2025-01-06,300329,14:50:00.000,23,output_16,1680.372545485063
2025-01-06,300329,14:56:00.000,24,output_16,2908.091545456106
2025-01-06,300329,14:57:05.000,25,output_16,1245.478214272431
2025-01-06,300329,15:05:00.000,26,output_16,0.0
2025-01-06,300584,09:31:00.000,0,output_16,89.42543103366063
2025-01-06,300584,09:40:00.000,1,output_16,53.45110847384483
2025-01-06,300584,09:50:00.000,2,output_16,107.05172094041987
2025-01-06,300584,10:00:00.000,3,output_16,129.2422872192048
2025-01-06,300584,10:10:00.000,4,output_16,202.86227273024045
2025-01-06,300584,10:20:00.000,5,output_16,409.1390066052115
2025-01-06,300584,10:30:00.000,6,output_16,412.92323527850357
2025-01-06,300584,10:40:00.000,7,output_16,390.4691959948995
2025-01-06,300584,10:50:00.000,8,output_16,539.4755462277838
2025-01-06,300584,11:00:00.000,9,output_16,731.4482524209809
2025-01-06,300584,11:10:00.000,10,output_16,744.9261111219724
2025-01-06,300584,11:20:00.000,11,output_16,1433.0264473651584
2025-01-06,300584,11:30:05.000,12,output_16,714.5616799850463
2025-01-06,300584,13:10:00.000,13,output_16,1368.813369548839
2025-01-06,300584,13:20:00.000,14,output_16,1056.8204347859257
2025-01-06,300584,13:30:00.000,15,output_16,1189.705942067547
2025-01-06,300584,13:40:00.000,16,output_16,737.5781818101932
2025-01-06,300584,13:50:00.000,17,output_16,1600.7196153952525
2025-01-06,300584,14:00:00.000,18,output_16,1418.4482733877442
2025-01-06,300584,14:10:00.000,19,output_16,682.8764615425697
2025-01-06,300584,14:20:00.000,20,output_16,663.5667241174599
2025-01-06,300584,14:30:00.000,21,output_16,1011.7950833261013
2025-01-06,300584,14:40:00.000,22,output_16,1866.2310000014304
2025-01-06,300584,14:50:00.000,23,output_16,1219.9947770917493
2025-01-06,300584,14:56:00.000,24,output_16,3589.508719999313
2025-01-06,300584,14:57:05.000,25,output_16,2592.9237499907613
2025-01-06,300584,15:05:00.000,26,output_16,0.0
2025-01-06,300947,09:31:00.000,0,output_16,70.6947663558235
2025-01-06,300947,09:40:00.000,1,output_16,63.265552597261774
2025-01-06,300947,09:50:00.000,2,output_16,114.88205098469281
2025-01-06,300947,10:00:00.000,3,output_16,195.01893826884987
2025-01-06,300947,10:10:00.000,4,output_16,151.81652650057288
2025-01-06,300947,10:20:00.000,5,output_16,342.085676843943
2025-01-06,300947,10:30:00.000,6,output_16,313.83049999833105
2025-01-06,300947,10:40:00.000,7,output_16,319.5015925946059
2025-01-06,300947,10:50:00.000,8,output_16,518.8378640783643
2025-01-06,300947,11:00:00.000,9,output_16,419.77554287365507
2025-01-06,300947,11:10:00.000,10,output_16,265.754114836597
2025-01-06,300947,11:20:00.000,11,output_16,397.26384082385
2025-01-06,300947,11:30:05.000,12,output_16,431.6678884352346
2025-01-06,300947,13:10:00.000,13,output_16,627.5898760320727
2025-01-06,300947,13:20:00.000,14,output_16,717.3708000097275
2025-01-06,300947,13:30:00.000,15,output_16,726.107014215388
2025-01-06,300947,13:40:00.000,16,output_16,776.4931847001337
2025-01-06,300947,13:50:00.000,17,output_16,683.2788204877804
2025-01-06,300947,14:00:00.000,18,output_16,712.2589841108473
2025-01-06,300947,14:10:00.000,19,output_16,811.230226413259
2025-01-06,300947,14:20:00.000,20,output_16,607.6131800691743
2025-01-06,300947,14:30:00.000,21,output_16,1238.5422429771068
2025-01-06,300947,14:40:00.000,22,output_16,870.2910320232771
2025-01-06,300947,14:50:00.000,23,output_16,1691.1124514642272
2025-01-06,300947,14:56:00.000,24,output_16,1751.1737301652395
2025-01-06,300947,14:57:05.000,25,output_16,1550.7099999847082
2025-01-06,300947,15:05:00.000,26,output_16,0.0
2025-01-06,301005,09:31:00.000,0,output_16,28.520888874265882
2025-01-06,301005,09:40:00.000,1,output_16,43.98926289075715
2025-01-06,301005,09:50:00.000,2,output_16,160.5515957436663
2025-01-06,301005,10:00:00.000,3,output_16,120.68709301532701
2025-01-06,301005,10:10:00.000,4,output_16,125.99301588472235
2025-01-06,301005,10:20:00.000,5,output_16,314.2077142902783
2025-01-06,301005,10:30:00.000,6,output_16,358.837738096714
2025-01-06,301005,10:40:00.000,7,output_16,143.85178216062363
2025-01-06,301005,10:50:00.000,8,output_16,363.39931505346954
2025-01-06,301005,11:00:00.000,9,output_16,873.9186666488647
2025-01-06,301005,11:10:00.000,10,output_16,270.2378205152658
2025-01-06,301005,11:20:00.000,11,output_16,400.8724999967076
2025-01-06,301005,11:30:05.000,12,output_16,273.385050499078
2025-01-06,301005,13:10:00.000,13,output_16,300.8283333546585
2025-01-06,301005,13:20:00.000,14,output_16,944.107142829895
2025-01-06,301005,13:30:00.000,15,output_16,688.3820588167976
2025-01-06,301005,13:40:00.000,16,output_16,1202.7164444658492
2025-01-06,301005,13:50:00.000,17,output_16,1045.8678571411542
2025-01-06,301005,14:00:00.000,18,output_16,1848.441599984169
2025-01-06,301005,14:10:00.000,19,output_16,768.5205714362008
2025-01-06,301005,14:20:00.000,20,output_16,2783.2612902964315
2025-01-06,301005,14:30:00.000,21,output_16,2868.8445833126702
2025-01-06,301005,14:40:00.000,22,output_16,2871.8726086512856
2025-01-06,301005,14:50:00.000,23,output_16,5646.8040000046
2025-01-06,301005,14:56:00.000,24,output_16,3689.677659577512
2025-01-06,301005,14:57:05.000,25,output_16,5533.338666645685
2025-01-06,301005,15:05:00.000,26,output_16,0.0
2025-01-06,301552,09:31:00.000,0,output_16,83.44471427372524
2025-01-06,301552,09:40:00.000,1,output_16,36.61941860442938
2025-01-06,301552,09:50:00.000,2,output_16,122.2410429357751
2025-01-06,301552,10:00:00.000,3,output_16,152.1597916620473
2025-01-06,301552,10:10:00.000,4,output_16,250.87156756375288
2025-01-06,301552,10:20:00.000,5,output_16,287.967460325786
2025-01-06,301552,10:30:00.000,6,output_16,216.50823528626387
2025-01-06,301552,10:40:00.000,7,output_16,299.74514564264166
2025-01-06,301552,10:50:00.000,8,output_16,364.20692308590964
2025-01-06,301552,11:00:00.000,9,output_16,480.0054285798754
2025-01-06,301552,11:10:00.000,10,output_16,202.2558510709316
2025-01-06,301552,11:20:00.000,11,output_16,622.2441666766449
2025-01-06,301552,11:30:05.000,12,output_16,2047.4948076926744
2025-01-06,301552,13:10:00.000,13,output_16,956.6148750007153
2025-01-06,301552,13:20:00.000,14,output_16,604.1288000106812
2025-01-06,301552,13:30:00.000,15,output_16,1185.6192753556845
2025-01-06,301552,13:40:00.000,16,output_16,1002.4066265031515
2025-01-06,301552,13:50:00.000,17,output_16,860.2857291772962
2025-01-06,301552,14:00:00.000,18,output_16,540.7735616474936
2025-01-06,301552,14:10:00.000,19,output_16,570.4855194958774
2025-01-06,301552,14:20:00.000,20,output_16,613.5424999977861
2025-01-06,301552,14:30:00.000,21,output_16,661.7240579715674
2025-01-06,301552,14:40:00.000,22,output_16,882.031639331677
2025-01-06,301552,14:50:00.000,23,output_16,1003.8495282946892
2025-01-06,301552,14:56:00.000,24,output_16,2988.6894047515734
2025-01-06,301552,14:57:05.000,25,output_16,731.5606666723887
2025-01-06,301552,15:05:00.000,26,output_16,0.0
2025-01-06,301578,09:31:00.000,0,output_16,41.25025977407183
2025-01-06,301578,09:40:00.000,1,output_16,50.39987715339192
2025-01-06,301578,09:50:00.000,2,output_16,78.33284264651653
2025-01-06,301578,10:00:00.000,3,output_16,176.7555376163093
2025-01-06,301578,10:10:00.000,4,output_16,155.06500001269652
2025-01-06,301578,10:20:00.000,5,output_16,245.0922516639659
2025-01-06,301578,10:30:00.000,6,output_16,373.05015152512175
2025-01-06,301578,10:40:00.000,7,output_16,282.26550000458957
2025-01-06,301578,10:50:00.000,8,output_16,343.9148245694345
2025-01-06,301578,11:00:00.000,9,output_16,223.97873564972275
2025-01-06,301578,11:10:00.000,10,output_16,281.59907692028924
2025-01-06,301578,11:20:00.000,11,output_16,391.59034087712115
2025-01-06,301578,11:30:05.000,12,output_16,244.0379816304653
2025-01-06,301578,13:10:00.000,13,output_16,371.29268815440514
2025-01-06,301578,13:20:00.000,14,output_16,412.5825465480733
2025-01-06,301578,13:30:00.000,15,output_16,690.599999990808
2025-01-06,301578,13:40:00.000,16,output_16,677.453611092435
2025-01-06,301578,13:50:00.000,17,output_16,189.49441860442937
2025-01-06,301578,14:00:00.000,18,output_16,524.644464265023
2025-01-06,301578,14:10:00.000,19,output_16,304.5966108653336
2025-01-06,301578,14:20:00.000,20,output_16,534.0740740528813
2025-01-06,301578,14:30:00.000,21,output_16,288.69843476336933
2025-01-06,301578,14:40:00.000,22,output_16,669.232292484389
2025-01-06,301578,14:50:00.000,23,output_16,1569.0219199886321
2025-01-06,301578,14:56:00.000,24,output_16,1721.2369947655832
2025-01-06,301578,14:57:05.000,25,output_16,393.1957143034254
2025-01-06,301578,15:05:00.000,26,output_16,0.0
2025-01-02,000690,09:31:00.000,0,output_17,84.0
2025-01-02,000690,09:40:00.000,1,output_17,114.0
2025-01-02,000690,09:50:00.000,2,output_17,14.0
2025-01-02,000690,10:00:00.000,3,output_17,12.0
2025-01-02,000690,10:10:00.000,4,output_17,40.0
2025-01-02,000690,10:20:00.000,5,output_17,104.0
2025-01-02,000690,10:30:00.000,6,output_17,22.0
2025-01-02,000690,10:40:00.000,7,output_17,14.0
2025-01-02,000690,10:50:00.000,8,output_17,41.0
2025-01-02,000690,11:00:00.000,9,output_17,4.0
2025-01-02,000690,11:10:00.000,10,output_17,18.0
2025-01-02,000690,11:20:00.000,11,output_17,4.0
2025-01-02,000690,11:30:05.000,12,output_17,13.0
2025-01-02,000690,13:10:00.000,13,output_17,11.0
2025-01-02,000690,13:20:00.000,14,output_17,49.0
2025-01-02,000690,13:30:00.000,15,output_17,50.0
2025-01-02,000690,13:40:00.000,16,output_17,48.0
2025-01-02,000690,13:50:00.000,17,output_17,64.0
2025-01-02,000690,14:00:00.000,18,output_17,79.0
2025-01-02,000690,14:10:00.000,19,output_17,9.0
2025-01-02,000690,14:20:00.000,20,output_17,10.0
2025-01-02,000690,14:30:00.000,21,output_17,14.0
2025-01-02,000690,14:40:00.000,22,output_17,29.0
2025-01-02,000690,14:50:00.000,23,output_17,72.0
2025-01-02,000690,14:56:00.000,24,output_17,39.0
2025-01-02,000690,14:57:05.000,25,output_17,1.0
2025-01-02,000690,15:05:00.000,26,output_17,79.0
2025-01-02,001389,09:31:00.000,0,output_17,164.0
2025-01-02,001389,09:40:00.000,1,output_17,338.0
2025-01-02,001389,09:50:00.000,2,output_17,144.0
2025-01-02,001389,10:00:00.000,3,output_17,103.0
2025-01-02,001389,10:10:00.000,4,output_17,100.0
2025-01-02,001389,10:20:00.000,5,output_17,152.0
2025-01-02,001389,10:30:00.000,6,output_17,92.0
2025-01-02,001389,10:40:00.000,7,output_17,71.0
2025-01-02,001389,10:50:00.000,8,output_17,131.0
2025-01-02,001389,11:00:00.000,9,output_17,231.0
2025-01-02,001389,11:10:00.000,10,output_17,217.0
2025-01-02,001389,11:20:00.000,11,output_17,239.0
2025-01-02,001389,11:30:05.000,12,output_17,46.0
2025-01-02,001389,13:10:00.000,13,output_17,57.0
2025-01-02,001389,13:20:00.000,14,output_17,54.0
2025-01-02,001389,13:30:00.000,15,output_17,42.0
2025-01-02,001389,13:40:00.000,16,output_17,150.0
2025-01-02,001389,13:50:00.000,17,output_17,124.0
2025-01-02,001389,14:00:00.000,18,output_17,146.0
2025-01-02,001389,14:10:00.000,19,output_17,180.0
2025-01-02,001389,14:20:00.000,20,output_17,161.0
2025-01-02,001389,14:30:00.000,21,output_17,121.0
2025-01-02,001389,14:40:00.000,22,output_17,257.0
2025-01-02,001389,14:50:00.000,23,output_17,201.0
2025-01-02,001389,14:56:00.000,24,output_17,169.0
2025-01-02,001389,14:57:05.000,25,output_17,73.0
2025-01-02,001389,15:05:00.000,26,output_17,94.0
2025-01-02,002782,09:31:00.000,0,output_17,184.0
2025-01-02,002782,09:40:00.000,1,output_17,341.0
2025-01-02,002782,09:50:00.000,2,output_17,101.0
2025-01-02,002782,10:00:00.000,3,output_17,78.0
2025-01-02,002782,10:10:00.000,4,output_17,78.0
2025-01-02,002782,10:20:00.000,5,output_17,70.0
2025-01-02,002782,10:30:00.000,6,output_17,57.0
2025-01-02,002782,10:40:00.000,7,output_17,42.0
2025-01-02,002782,10:50:00.000,8,output_17,84.0
2025-01-02,002782,11:00:00.000,9,output_17,152.0
2025-01-02,002782,11:10:00.000,10,output_17,43.0
2025-01-02,002782,11:20:00.000,11,output_17,11.0
2025-01-02,002782,11:30:05.000,12,output_17,9.0
2025-01-02,002782,13:10:00.000,13,output_17,17.0
2025-01-02,002782,13:20:00.000,14,output_17,13.0
2025-01-02,002782,13:30:00.000,15,output_17,72.0
2025-01-02,002782,13:40:00.000,16,output_17,42.0
2025-01-02,002782,13:50:00.000,17,output_17,28.0
2025-01-02,002782,14:00:00.000,18,output_17,61.0
2025-01-02,002782,14:10:00.000,19,output_17,38.0
2025-01-02,002782,14:20:00.000,20,output_17,133.0
2025-01-02,002782,14:30:00.000,21,output_17,76.0
2025-01-02,002782,14:40:00.000,22,output_17,32.0
2025-01-02,002782,14:50:00.000,23,output_17,55.0
2025-01-02,002782,14:56:00.000,24,output_17,82.0
2025-01-02,002782,14:57:05.000,25,output_17,30.0
2025-01-02,002782,15:05:00.000,26,output_17,63.0
2025-01-02,002852,09:31:00.000,0,output_17,69.0
2025-01-02,002852,09:40:00.000,1,output_17,137.0
2025-01-02,002852,09:50:00.000,2,output_17,80.0
2025-01-02,002852,10:00:00.000,3,output_17,108.0
2025-01-02,002852,10:10:00.000,4,output_17,57.0
2025-01-02,002852,10:20:00.000,5,output_17,85.0
2025-01-02,002852,10:30:00.000,6,output_17,158.0
2025-01-02,002852,10:40:00.000,7,output_17,45.0
2025-01-02,002852,10:50:00.000,8,output_17,9.0
2025-01-02,002852,11:00:00.000,9,output_17,17.0
2025-01-02,002852,11:10:00.000,10,output_17,52.0
2025-01-02,002852,11:20:00.000,11,output_17,24.0
2025-01-02,002852,11:30:05.000,12,output_17,2.0
2025-01-02,002852,13:10:00.000,13,output_17,31.0
2025-01-02,002852,13:20:00.000,14,output_17,3.0
2025-01-02,002852,13:30:00.000,15,output_17,17.0
2025-01-02,002852,13:40:00.000,16,output_17,37.0
2025-01-02,002852,13:50:00.000,17,output_17,10.0
2025-01-02,002852,14:00:00.000,18,output_17,6.0
2025-01-02,002852,14:10:00.000,19,output_17,14.0
2025-01-02,002852,14:20:00.000,20,output_17,14.0
2025-01-02,002852,14:30:00.000,21,output_17,29.0
2025-01-02,002852,14:40:00.000,22,output_17,51.0
2025-01-02,002852,14:50:00.000,23,output_17,81.0
2025-01-02,002852,14:56:00.000,24,output_17,85.0
2025-01-02,002852,14:57:05.000,25,output_17,15.0
2025-01-02,002852,15:05:00.000,26,output_17,21.0
2025-01-02,300046,09:31:00.000,0,output_17,483.0
2025-01-02,300046,09:40:00.000,1,output_17,2387.0
2025-01-02,300046,09:50:00.000,2,output_17,926.0
2025-01-02,300046,10:00:00.000,3,output_17,727.0
2025-01-02,300046,10:10:00.000,4,output_17,526.0
2025-01-02,300046,10:20:00.000,5,output_17,285.0
2025-01-02,300046,10:30:00.000,6,output_17,281.0
2025-01-02,300046,10:40:00.000,7,output_17,133.0
2025-01-02,300046,10:50:00.000,8,output_17,281.0
2025-01-02,300046,11:00:00.000,9,output_17,138.0
2025-01-02,300046,11:10:00.000,10,output_17,130.0
2025-01-02,300046,11:20:00.000,11,output_17,145.0
2025-01-02,300046,11:30:05.000,12,output_17,151.0
2025-01-02,300046,13:10:00.000,13,output_17,325.0
2025-01-02,300046,13:20:00.000,14,output_17,401.0
2025-01-02,300046,13:30:00.000,15,output_17,676.0
2025-01-02,300046,13:40:00.000,16,output_17,397.0
2025-01-02,300046,13:50:00.000,17,output_17,226.0
2025-01-02,300046,14:00:00.000,18,output_17,361.0
2025-01-02,300046,14:10:00.000,19,output_17,187.0
2025-01-02,300046,14:20:00.000,20,output_17,455.0
2025-01-02,300046,14:30:00.000,21,output_17,294.0
2025-01-02,300046,14:40:00.000,22,output_17,366.0
2025-01-02,300046,14:50:00.000,23,output_17,794.0
2025-01-02,300046,14:56:00.000,24,output_17,523.0
2025-01-02,300046,14:57:05.000,25,output_17,330.0
2025-01-02,300046,15:05:00.000,26,output_17,354.0
2025-01-02,300100,09:31:00.000,0,output_17,449.0
2025-01-02,300100,09:40:00.000,1,output_17,992.0
2025-01-02,300100,09:50:00.000,2,output_17,630.0
2025-01-02,300100,10:00:00.000,3,output_17,771.0
2025-01-02,300100,10:10:00.000,4,output_17,771.0
2025-01-02,300100,10:20:00.000,5,output_17,829.0
2025-01-02,300100,10:30:00.000,6,output_17,635.0
2025-01-02,300100,10:40:00.000,7,output_17,1200.0
2025-01-02,300100,10:50:00.000,8,output_17,1213.0
2025-01-02,300100,11:00:00.000,9,output_17,2095.0
2025-01-02,300100,11:10:00.000,10,output_17,453.0
2025-01-02,300100,11:20:00.000,11,output_17,342.0
2025-01-02,300100,11:30:05.000,12,output_17,153.0
2025-01-02,300100,13:10:00.000,13,output_17,135.0
2025-01-02,300100,13:20:00.000,14,output_17,224.0
2025-01-02,300100,13:30:00.000,15,output_17,169.0
2025-01-02,300100,13:40:00.000,16,output_17,192.0
2025-01-02,300100,13:50:00.000,17,output_17,95.0
2025-01-02,300100,14:00:00.000,18,output_17,416.0
2025-01-02,300100,14:10:00.000,19,output_17,138.0
2025-01-02,300100,14:20:00.000,20,output_17,312.0
2025-01-02,300100,14:30:00.000,21,output_17,302.0
2025-01-02,300100,14:40:00.000,22,output_17,246.0
2025-01-02,300100,14:50:00.000,23,output_17,436.0
2025-01-02,300100,14:56:00.000,24,output_17,293.0
2025-01-02,300100,14:57:05.000,25,output_17,66.0
2025-01-02,300100,15:05:00.000,26,output_17,311.0
2025-01-02,300214,09:31:00.000,0,output_17,29.0
2025-01-02,300214,09:40:00.000,1,output_17,12.0
2025-01-02,300214,09:50:00.000,2,output_17,69.0
2025-01-02,300214,10:00:00.000,3,output_17,21.0
2025-01-02,300214,10:10:00.000,4,output_17,15.0
2025-01-02,300214,10:20:00.000,5,output_17,29.0
2025-01-02,300214,10:30:00.000,6,output_17,2.0
2025-01-02,300214,10:40:00.000,7,output_17,9.0
2025-01-02,300214,10:50:00.000,8,output_17,1.0
2025-01-02,300214,11:00:00.000,9,output_17,7.0
2025-01-02,300214,11:10:00.000,10,output_17,632.0
2025-01-02,300214,11:20:00.000,11,output_17,377.0
2025-01-02,300214,11:30:05.000,12,output_17,290.0
2025-01-02,300214,13:10:00.000,13,output_17,96.0
2025-01-02,300214,13:20:00.000,14,output_17,50.0
2025-01-02,300214,13:30:00.000,15,output_17,7.0
2025-01-02,300214,13:40:00.000,16,output_17,38.0
2025-01-02,300214,13:50:00.000,17,output_17,5.0
2025-01-02,300214,14:00:00.000,18,output_17,15.0
2025-01-02,300214,14:10:00.000,19,output_17,4.0
2025-01-02,300214,14:20:00.000,20,output_17,29.0
2025-01-02,300214,14:30:00.000,21,output_17,0.0
2025-01-02,300214,14:40:00.000,22,output_17,7.0
2025-01-02,300214,14:50:00.000,23,output_17,18.0
2025-01-02,300214,14:56:00.000,24,output_17,36.0
2025-01-02,300214,14:57:05.000,25,output_17,5.0
2025-01-02,300214,15:05:00.000,26,output_17,114.0
2025-01-02,300779,09:31:00.000,0,output_17,69.0
2025-01-02,300779,09:40:00.000,1,output_17,485.0
2025-01-02,300779,09:50:00.000,2,output_17,124.0
2025-01-02,300779,10:00:00.000,3,output_17,181.0
2025-01-02,300779,10:10:00.000,4,output_17,474.0
2025-01-02,300779,10:20:00.000,5,output_17,181.0
2025-01-02,300779,10:30:00.000,6,output_17,145.0
2025-01-02,300779,10:40:00.000,7,output_17,41.0
2025-01-02,300779,10:50:00.000,8,output_17,39.0
2025-01-02,300779,11:00:00.000,9,output_17,23.0
2025-01-02,300779,11:10:00.000,10,output_17,30.0
2025-01-02,300779,11:20:00.000,11,output_17,42.0
2025-01-02,300779,11:30:05.000,12,output_17,15.0
2025-01-02,300779,13:10:00.000,13,output_17,25.0
2025-01-02,300779,13:20:00.000,14,output_17,45.0
2025-01-02,300779,13:30:00.000,15,output_17,54.0
2025-01-02,300779,13:40:00.000,16,output_17,50.0
2025-01-02,300779,13:50:00.000,17,output_17,61.0
2025-01-02,300779,14:00:00.000,18,output_17,114.0
2025-01-02,300779,14:10:00.000,19,output_17,47.0
2025-01-02,300779,14:20:00.000,20,output_17,29.0
2025-01-02,300779,14:30:00.000,21,output_17,72.0
2025-01-02,300779,14:40:00.000,22,output_17,70.0
2025-01-02,300779,14:50:00.000,23,output_17,101.0
2025-01-02,300779,14:56:00.000,24,output_17,173.0
2025-01-02,300779,14:57:05.000,25,output_17,11.0
2025-01-02,300779,15:05:00.000,26,output_17,42.0
2025-01-02,300816,09:31:00.000,0,output_17,279.0
2025-01-02,300816,09:40:00.000,1,output_17,164.0
2025-01-02,300816,09:50:00.000,2,output_17,46.0
2025-01-02,300816,10:00:00.000,3,output_17,97.0
2025-01-02,300816,10:10:00.000,4,output_17,40.0
2025-01-02,300816,10:20:00.000,5,output_17,67.0
2025-01-02,300816,10:30:00.000,6,output_17,72.0
2025-01-02,300816,10:40:00.000,7,output_17,99.0
2025-01-02,300816,10:50:00.000,8,output_17,10.0
2025-01-02,300816,11:00:00.000,9,output_17,22.0
2025-01-02,300816,11:10:00.000,10,output_17,3.0
2025-01-02,300816,11:20:00.000,11,output_17,7.0
2025-01-02,300816,11:30:05.000,12,output_17,7.0
2025-01-02,300816,13:10:00.000,13,output_17,5.0
2025-01-02,300816,13:20:00.000,14,output_17,4.0
2025-01-02,300816,13:30:00.000,15,output_17,17.0
2025-01-02,300816,13:40:00.000,16,output_17,18.0
2025-01-02,300816,13:50:00.000,17,output_17,31.0
2025-01-02,300816,14:00:00.000,18,output_17,15.0
2025-01-02,300816,14:10:00.000,19,output_17,43.0
2025-01-02,300816,14:20:00.000,20,output_17,39.0
2025-01-02,300816,14:30:00.000,21,output_17,25.0
2025-01-02,300816,14:40:00.000,22,output_17,35.0
2025-01-02,300816,14:50:00.000,23,output_17,87.0
2025-01-02,300816,14:56:00.000,24,output_17,53.0
2025-01-02,300816,14:57:05.000,25,output_17,40.0
2025-01-02,300816,15:05:00.000,26,output_17,27.0
2025-01-02,301157,09:31:00.000,0,output_17,129.0
2025-01-02,301157,09:40:00.000,1,output_17,167.0
2025-01-02,301157,09:50:00.000,2,output_17,108.0
2025-01-02,301157,10:00:00.000,3,output_17,66.0
2025-01-02,301157,10:10:00.000,4,output_17,38.0
2025-01-02,301157,10:20:00.000,5,output_17,165.0
2025-01-02,301157,10:30:00.000,6,output_17,37.0
2025-01-02,301157,10:40:00.000,7,output_17,38.0
2025-01-02,301157,10:50:00.000,8,output_17,25.0
2025-01-02,301157,11:00:00.000,9,output_17,59.0
2025-01-02,301157,11:10:00.000,10,output_17,408.0
2025-01-02,301157,11:20:00.000,11,output_17,136.0
2025-01-02,301157,11:30:05.000,12,output_17,34.0
2025-01-02,301157,13:10:00.000,13,output_17,87.0
2025-01-02,301157,13:20:00.000,14,output_17,26.0
2025-01-02,301157,13:30:00.000,15,output_17,39.0
2025-01-02,301157,13:40:00.000,16,output_17,24.0
2025-01-02,301157,13:50:00.000,17,output_17,16.0
2025-01-02,301157,14:00:00.000,18,output_17,32.0
2025-01-02,301157,14:10:00.000,19,output_17,29.0
2025-01-02,301157,14:20:00.000,20,output_17,25.0
2025-01-02,301157,14:30:00.000,21,output_17,40.0
2025-01-02,301157,14:40:00.000,22,output_17,76.0
2025-01-02,301157,14:50:00.000,23,output_17,131.0
2025-01-02,301157,14:56:00.000,24,output_17,143.0
2025-01-02,301157,14:57:05.000,25,output_17,30.0
2025-01-02,301157,15:05:00.000,26,output_17,138.0
2025-01-03,000548,09:31:00.000,0,output_17,72.0
2025-01-03,000548,09:40:00.000,1,output_17,129.0
2025-01-03,000548,09:50:00.000,2,output_17,30.0
2025-01-03,000548,10:00:00.000,3,output_17,24.0
2025-01-03,000548,10:10:00.000,4,output_17,13.0
2025-01-03,000548,10:20:00.000,5,output_17,43.0
2025-01-03,000548,10:30:00.000,6,output_17,35.0
2025-01-03,000548,10:40:00.000,7,output_17,33.0
2025-01-03,000548,10:50:00.000,8,output_17,47.0
2025-01-03,000548,11:00:00.000,9,output_17,0.0
2025-01-03,000548,11:10:00.000,10,output_17,28.0
2025-01-03,000548,11:20:00.000,11,output_17,44.0
2025-01-03,000548,11:30:05.000,12,output_17,3.0
2025-01-03,000548,13:10:00.000,13,output_17,14.0
2025-01-03,000548,13:20:00.000,14,output_17,31.0
2025-01-03,000548,13:30:00.000,15,output_17,12.0
2025-01-03,000548,13:40:00.000,16,output_17,0.0
2025-01-03,000548,13:50:00.000,17,output_17,9.0
2025-01-03,000548,14:00:00.000,18,output_17,5.0
2025-01-03,000548,14:10:00.000,19,output_17,35.0
2025-01-03,000548,14:20:00.000,20,output_17,38.0
2025-01-03,000548,14:30:00.000,21,output_17,16.0
2025-01-03,000548,14:40:00.000,22,output_17,94.0
2025-01-03,000548,14:50:00.000,23,output_17,12.0
2025-01-03,000548,14:56:00.000,24,output_17,65.0
2025-01-03,000548,14:57:05.000,25,output_17,0.0
2025-01-03,000548,15:05:00.000,26,output_17,57.0
2025-01-03,000677,09:31:00.000,0,output_17,48.0
2025-01-03,000677,09:40:00.000,1,output_17,108.0
2025-01-03,000677,09:50:00.000,2,output_17,29.0
2025-01-03,000677,10:00:00.000,3,output_17,39.0
2025-01-03,000677,10:10:00.000,4,output_17,60.0
2025-01-03,000677,10:20:00.000,5,output_17,27.0
2025-01-03,000677,10:30:00.000,6,output_17,46.0
2025-01-03,000677,10:40:00.000,7,output_17,31.0
2025-01-03,000677,10:50:00.000,8,output_17,30.0
2025-01-03,000677,11:00:00.000,9,output_17,14.0
2025-01-03,000677,11:10:00.000,10,output_17,8.0
2025-01-03,000677,11:20:00.000,11,output_17,3.0
2025-01-03,000677,11:30:05.000,12,output_17,4.0
2025-01-03,000677,13:10:00.000,13,output_17,2.0
2025-01-03,000677,13:20:00.000,14,output_17,73.0
2025-01-03,000677,13:30:00.000,15,output_17,10.0
2025-01-03,000677,13:40:00.000,16,output_17,20.0
2025-01-03,000677,13:50:00.000,17,output_17,41.0
2025-01-03,000677,14:00:00.000,18,output_17,22.0
2025-01-03,000677,14:10:00.000,19,output_17,27.0
2025-01-03,000677,14:20:00.000,20,output_17,19.0
2025-01-03,000677,14:30:00.000,21,output_17,32.0
2025-01-03,000677,14:40:00.000,22,output_17,38.0
2025-01-03,000677,14:50:00.000,23,output_17,6.0
2025-01-03,000677,14:56:00.000,24,output_17,30.0
2025-01-03,000677,14:57:05.000,25,output_17,1.0
2025-01-03,000677,15:05:00.000,26,output_17,49.0
2025-01-03,002079,09:31:00.000,0,output_17,107.0
2025-01-03,002079,09:40:00.000,1,output_17,269.0
2025-01-03,002079,09:50:00.000,2,output_17,102.0
2025-01-03,002079,10:00:00.000,3,output_17,317.0
2025-01-03,002079,10:10:00.000,4,output_17,129.0
2025-01-03,002079,10:20:00.000,5,output_17,30.0
2025-01-03,002079,10:30:00.000,6,output_17,32.0
2025-01-03,002079,10:40:00.000,7,output_17,32.0
2025-01-03,002079,10:50:00.000,8,output_17,8.0
2025-01-03,002079,11:00:00.000,9,output_17,8.0
2025-01-03,002079,11:10:00.000,10,output_17,23.0
2025-01-03,002079,11:20:00.000,11,output_17,11.0
2025-01-03,002079,11:30:05.000,12,output_17,4.0
2025-01-03,002079,13:10:00.000,13,output_17,33.0
2025-01-03,002079,13:20:00.000,14,output_17,41.0
2025-01-03,002079,13:30:00.000,15,output_17,58.0
2025-01-03,002079,13:40:00.000,16,output_17,16.0
2025-01-03,002079,13:50:00.000,17,output_17,53.0
2025-01-03,002079,14:00:00.000,18,output_17,212.0
2025-01-03,002079,14:10:00.000,19,output_17,116.0
2025-01-03,002079,14:20:00.000,20,output_17,137.0
2025-01-03,002079,14:30:00.000,21,output_17,199.0
2025-01-03,002079,14:40:00.000,22,output_17,76.0
2025-01-03,002079,14:50:00.000,23,output_17,160.0
2025-01-03,002079,14:56:00.000,24,output_17,172.0
2025-01-03,002079,14:57:05.000,25,output_17,19.0
2025-01-03,002079,15:05:00.000,26,output_17,174.0
2025-01-03,002177,09:31:00.000,0,output_17,93.0
2025-01-03,002177,09:40:00.000,1,output_17,230.0
2025-01-03,002177,09:50:00.000,2,output_17,101.0
2025-01-03,002177,10:00:00.000,3,output_17,45.0
2025-01-03,002177,10:10:00.000,4,output_17,57.0
2025-01-03,002177,10:20:00.000,5,output_17,191.0
2025-01-03,002177,10:30:00.000,6,output_17,83.0
2025-01-03,002177,10:40:00.000,7,output_17,15.0
2025-01-03,002177,10:50:00.000,8,output_17,8.0
2025-01-03,002177,11:00:00.000,9,output_17,7.0
2025-01-03,002177,11:10:00.000,10,output_17,10.0
2025-01-03,002177,11:20:00.000,11,output_17,12.0
2025-01-03,002177,11:30:05.000,12,output_17,12.0
2025-01-03,002177,13:10:00.000,13,output_17,13.0
2025-01-03,002177,13:20:00.000,14,output_17,18.0
2025-01-03,002177,13:30:00.000,15,output_17,6.0
2025-01-03,002177,13:40:00.000,16,output_17,8.0
2025-01-03,002177,13:50:00.000,17,output_17,7.0
2025-01-03,002177,14:00:00.000,18,output_17,26.0
2025-01-03,002177,14:10:00.000,19,output_17,50.0
2025-01-03,002177,14:20:00.000,20,output_17,49.0
2025-01-03,002177,14:30:00.000,21,output_17,29.0
2025-01-03,002177,14:40:00.000,22,output_17,65.0
2025-01-03,002177,14:50:00.000,23,output_17,49.0
2025-01-03,002177,14:56:00.000,24,output_17,63.0
2025-01-03,002177,14:57:05.000,25,output_17,4.0
2025-01-03,002177,15:05:00.000,26,output_17,149.0
2025-01-03,002311,09:31:00.000,0,output_17,184.0
2025-01-03,002311,09:40:00.000,1,output_17,288.0
2025-01-03,002311,09:50:00.000,2,output_17,177.0
2025-01-03,002311,10:00:00.000,3,output_17,235.0
2025-01-03,002311,10:10:00.000,4,output_17,235.0
2025-01-03,002311,10:20:00.000,5,output_17,134.0
2025-01-03,002311,10:30:00.000,6,output_17,278.0
2025-01-03,002311,10:40:00.000,7,output_17,383.0
2025-01-03,002311,10:50:00.000,8,output_17,309.0
2025-01-03,002311,11:00:00.000,9,output_17,409.0
2025-01-03,002311,11:10:00.000,10,output_17,288.0
2025-01-03,002311,11:20:00.000,11,output_17,321.0
2025-01-03,002311,11:30:05.000,12,output_17,368.0
2025-01-03,002311,13:10:00.000,13,output_17,605.0
2025-01-03,002311,13:20:00.000,14,output_17,597.0
2025-01-03,002311,13:30:00.000,15,output_17,519.0
2025-01-03,002311,13:40:00.000,16,output_17,508.0
2025-01-03,002311,13:50:00.000,17,output_17,841.0
2025-01-03,002311,14:00:00.000,18,output_17,603.0
2025-01-03,002311,14:10:00.000,19,output_17,320.0
2025-01-03,002311,14:20:00.000,20,output_17,387.0
2025-01-03,002311,14:30:00.000,21,output_17,388.0
2025-01-03,002311,14:40:00.000,22,output_17,611.0
2025-01-03,002311,14:50:00.000,23,output_17,483.0
2025-01-03,002311,14:56:00.000,24,output_17,209.0
2025-01-03,002311,14:57:05.000,25,output_17,25.0
2025-01-03,002311,15:05:00.000,26,output_17,64.0
2025-01-03,002876,09:31:00.000,0,output_17,98.0
2025-01-03,002876,09:40:00.000,1,output_17,251.0
2025-01-03,002876,09:50:00.000,2,output_17,99.0
2025-01-03,002876,10:00:00.000,3,output_17,88.0
2025-01-03,002876,10:10:00.000,4,output_17,58.0
2025-01-03,002876,10:20:00.000,5,output_17,24.0
2025-01-03,002876,10:30:00.000,6,output_17,38.0
2025-01-03,002876,10:40:00.000,7,output_17,33.0
2025-01-03,002876,10:50:00.000,8,output_17,18.0
2025-01-03,002876,11:00:00.000,9,output_17,59.0
2025-01-03,002876,11:10:00.000,10,output_17,8.0
2025-01-03,002876,11:20:00.000,11,output_17,21.0
2025-01-03,002876,11:30:05.000,12,output_17,12.0
2025-01-03,002876,13:10:00.000,13,output_17,33.0
2025-01-03,002876,13:20:00.000,14,output_17,31.0
2025-01-03,002876,13:30:00.000,15,output_17,24.0
2025-01-03,002876,13:40:00.000,16,output_17,35.0
2025-01-03,002876,13:50:00.000,17,output_17,28.0
2025-01-03,002876,14:00:00.000,18,output_17,53.0
2025-01-03,002876,14:10:00.000,19,output_17,85.0
2025-01-03,002876,14:20:00.000,20,output_17,91.0
2025-01-03,002876,14:30:00.000,21,output_17,128.0
2025-01-03,002876,14:40:00.000,22,output_17,87.0
2025-01-03,002876,14:50:00.000,23,output_17,134.0
2025-01-03,002876,14:56:00.000,24,output_17,94.0
2025-01-03,002876,14:57:05.000,25,output_17,13.0
2025-01-03,002876,15:05:00.000,26,output_17,92.0
2025-01-03,300967,09:31:00.000,0,output_17,57.0
2025-01-03,300967,09:40:00.000,1,output_17,208.0
2025-01-03,300967,09:50:00.000,2,output_17,182.0
2025-01-03,300967,10:00:00.000,3,output_17,65.0
2025-01-03,300967,10:10:00.000,4,output_17,57.0
2025-01-03,300967,10:20:00.000,5,output_17,19.0
2025-01-03,300967,10:30:00.000,6,output_17,14.0
2025-01-03,300967,10:40:00.000,7,output_17,15.0
2025-01-03,300967,10:50:00.000,8,output_17,6.0
2025-01-03,300967,11:00:00.000,9,output_17,13.0
2025-01-03,300967,11:10:00.000,10,output_17,17.0
2025-01-03,300967,11:20:00.000,11,output_17,2.0
2025-01-03,300967,11:30:05.000,12,output_17,2.0
2025-01-03,300967,13:10:00.000,13,output_17,12.0
2025-01-03,300967,13:20:00.000,14,output_17,8.0
2025-01-03,300967,13:30:00.000,15,output_17,13.0
2025-01-03,300967,13:40:00.000,16,output_17,33.0
2025-01-03,300967,13:50:00.000,17,output_17,5.0
2025-01-03,300967,14:00:00.000,18,output_17,7.0
2025-01-03,300967,14:10:00.000,19,output_17,74.0
2025-01-03,300967,14:20:00.000,20,output_17,25.0
2025-01-03,300967,14:30:00.000,21,output_17,29.0
2025-01-03,300967,14:40:00.000,22,output_17,29.0
2025-01-03,300967,14:50:00.000,23,output_17,63.0
2025-01-03,300967,14:56:00.000,24,output_17,40.0
2025-01-03,300967,14:57:05.000,25,output_17,5.0
2025-01-03,300967,15:05:00.000,26,output_17,36.0
2025-01-03,301035,09:31:00.000,0,output_17,105.0
2025-01-03,301035,09:40:00.000,1,output_17,130.0
2025-01-03,301035,09:50:00.000,2,output_17,59.0
2025-01-03,301035,10:00:00.000,3,output_17,242.0
2025-01-03,301035,10:10:00.000,4,output_17,89.0
2025-01-03,301035,10:20:00.000,5,output_17,14.0
2025-01-03,301035,10:30:00.000,6,output_17,9.0
2025-01-03,301035,10:40:00.000,7,output_17,8.0
2025-01-03,301035,10:50:00.000,8,output_17,1.0
2025-01-03,301035,11:00:00.000,9,output_17,1.0
2025-01-03,301035,11:10:00.000,10,output_17,2.0
2025-01-03,301035,11:20:00.000,11,output_17,5.0
2025-01-03,301035,11:30:05.000,12,output_17,35.0
2025-01-03,301035,13:10:00.000,13,output_17,6.0
2025-01-03,301035,13:20:00.000,14,output_17,20.0
2025-01-03,301035,13:30:00.000,15,output_17,62.0
2025-01-03,301035,13:40:00.000,16,output_17,7.0
2025-01-03,301035,13:50:00.000,17,output_17,55.0
2025-01-03,301035,14:00:00.000,18,output_17,114.0
2025-01-03,301035,14:10:00.000,19,output_17,122.0
2025-01-03,301035,14:20:00.000,20,output_17,166.0
2025-01-03,301035,14:30:00.000,21,output_17,66.0
2025-01-03,301035,14:40:00.000,22,output_17,52.0
2025-01-03,301035,14:50:00.000,23,output_17,179.0
2025-01-03,301035,14:56:00.000,24,output_17,165.0
2025-01-03,301035,14:57:05.000,25,output_17,17.0
2025-01-03,301035,15:05:00.000,26,output_17,76.0
2025-01-03,301049,09:31:00.000,0,output_17,31.0
2025-01-03,301049,09:40:00.000,1,output_17,78.0
2025-01-03,301049,09:50:00.000,2,output_17,16.0
2025-01-03,301049,10:00:00.000,3,output_17,13.0
2025-01-03,301049,10:10:00.000,4,output_17,16.0
2025-01-03,301049,10:20:00.000,5,output_17,11.0
2025-01-03,301049,10:30:00.000,6,output_17,117.0
2025-01-03,301049,10:40:00.000,7,output_17,30.0
2025-01-03,301049,10:50:00.000,8,output_17,4.0
2025-01-03,301049,11:00:00.000,9,output_17,10.0
2025-01-03,301049,11:10:00.000,10,output_17,15.0
2025-01-03,301049,11:20:00.000,11,output_17,4.0
2025-01-03,301049,11:30:05.000,12,output_17,16.0
2025-01-03,301049,13:10:00.000,13,output_17,7.0
2025-01-03,301049,13:20:00.000,14,output_17,3.0
2025-01-03,301049,13:30:00.000,15,output_17,3.0
2025-01-03,301049,13:40:00.000,16,output_17,2.0
2025-01-03,301049,13:50:00.000,17,output_17,10.0
2025-01-03,301049,14:00:00.000,18,output_17,2.0
2025-01-03,301049,14:10:00.000,19,output_17,9.0
2025-01-03,301049,14:20:00.000,20,output_17,5.0
2025-01-03,301049,14:30:00.000,21,output_17,88.0
2025-01-03,301049,14:40:00.000,22,output_17,6.0
2025-01-03,301049,14:50:00.000,23,output_17,13.0
2025-01-03,301049,14:56:00.000,24,output_17,14.0
2025-01-03,301049,14:57:05.000,25,output_17,6.0
2025-01-03,301049,15:05:00.000,26,output_17,35.0
2025-01-03,301393,09:31:00.000,0,output_17,17.0
2025-01-03,301393,09:40:00.000,1,output_17,28.0
2025-01-03,301393,09:50:00.000,2,output_17,76.0
2025-01-03,301393,10:00:00.000,3,output_17,50.0
2025-01-03,301393,10:10:00.000,4,output_17,15.0
2025-01-03,301393,10:20:00.000,5,output_17,11.0
2025-01-03,301393,10:30:00.000,6,output_17,21.0
2025-01-03,301393,10:40:00.000,7,output_17,17.0
2025-01-03,301393,10:50:00.000,8,output_17,5.0
2025-01-03,301393,11:00:00.000,9,output_17,2.0
2025-01-03,301393,11:10:00.000,10,output_17,14.0
2025-01-03,301393,11:20:00.000,11,output_17,16.0
2025-01-03,301393,11:30:05.000,12,output_17,1.0
2025-01-03,301393,13:10:00.000,13,output_17,1.0
2025-01-03,301393,13:20:00.000,14,output_17,11.0
2025-01-03,301393,13:30:00.000,15,output_17,9.0
2025-01-03,301393,13:40:00.000,16,output_17,3.0
2025-01-03,301393,13:50:00.000,17,output_17,7.0
2025-01-03,301393,14:00:00.000,18,output_17,10.0
2025-01-03,301393,14:10:00.000,19,output_17,14.0
2025-01-03,301393,14:20:00.000,20,output_17,29.0
2025-01-03,301393,14:30:00.000,21,output_17,16.0
2025-01-03,301393,14:40:00.000,22,output_17,25.0
2025-01-03,301393,14:50:00.000,23,output_17,17.0
2025-01-03,301393,14:56:00.000,24,output_17,17.0
2025-01-03,301393,14:57:05.000,25,output_17,3.0
2025-01-03,301393,15:05:00.000,26,output_17,32.0
2025-01-06,000848,09:31:00.000,0,output_17,261.0
2025-01-06,000848,09:40:00.000,1,output_17,377.0
2025-01-06,000848,09:50:00.000,2,output_17,154.0
2025-01-06,000848,10:00:00.000,3,output_17,130.0
2025-01-06,000848,10:10:00.000,4,output_17,189.0
2025-01-06,000848,10:20:00.000,5,output_17,38.0
2025-01-06,000848,10:30:00.000,6,output_17,40.0
2025-01-06,000848,10:40:00.000,7,output_17,39.0
2025-01-06,000848,10:50:00.000,8,output_17,11.0
2025-01-06,000848,11:00:00.000,9,output_17,34.0
2025-01-06,000848,11:10:00.000,10,output_17,17.0
2025-01-06,000848,11:20:00.000,11,output_17,33.0
2025-01-06,000848,11:30:05.000,12,output_17,38.0
2025-01-06,000848,13:10:00.000,13,output_17,150.0
2025-01-06,000848,13:20:00.000,14,output_17,115.0
2025-01-06,000848,13:30:00.000,15,output_17,73.0
2025-01-06,000848,13:40:00.000,16,output_17,112.0
2025-01-06,000848,13:50:00.000,17,output_17,52.0
2025-01-06,000848,14:00:00.000,18,output_17,51.0
2025-01-06,000848,14:10:00.000,19,output_17,25.0
2025-01-06,000848,14:20:00.000,20,output_17,17.0
2025-01-06,000848,14:30:00.000,21,output_17,52.0
2025-01-06,000848,14:40:00.000,22,output_17,109.0
2025-01-06,000848,14:50:00.000,23,output_17,80.0
2025-01-06,000848,14:56:00.000,24,output_17,237.0
2025-01-06,000848,14:57:05.000,25,output_17,10.0
2025-01-06,000848,15:05:00.000,26,output_17,114.0
2025-01-06,000949,09:31:00.000,0,output_17,72.0
2025-01-06,000949,09:40:00.000,1,output_17,232.0
2025-01-06,000949,09:50:00.000,2,output_17,111.0
2025-01-06,000949,10:00:00.000,3,output_17,6.0
2025-01-06,000949,10:10:00.000,4,output_17,113.0
2025-01-06,000949,10:20:00.000,5,output_17,115.0
2025-01-06,000949,10:30:00.000,6,output_17,35.0
2025-01-06,000949,10:40:00.000,7,output_17,13.0
2025-01-06,000949,10:50:00.000,8,output_17,22.0
2025-01-06,000949,11:00:00.000,9,output_17,14.0
2025-01-06,000949,11:10:00.000,10,output_17,17.0
2025-01-06,000949,11:20:00.000,11,output_17,13.0
2025-01-06,000949,11:30:05.000,12,output_17,125.0
2025-01-06,000949,13:10:00.000,13,output_17,77.0
2025-01-06,000949,13:20:00.000,14,output_17,5.0
2025-01-06,000949,13:30:00.000,15,output_17,0.0
2025-01-06,000949,13:40:00.000,16,output_17,6.0
2025-01-06,000949,13:50:00.000,17,output_17,5.0
2025-01-06,000949,14:00:00.000,18,output_17,51.0
2025-01-06,000949,14:10:00.000,19,output_17,3.0
2025-01-06,000949,14:20:00.000,20,output_17,0.0
2025-01-06,000949,14:30:00.000,21,output_17,10.0
2025-01-06,000949,14:40:00.000,22,output_17,4.0
2025-01-06,000949,14:50:00.000,23,output_17,18.0
2025-01-06,000949,14:56:00.000,24,output_17,7.0
2025-01-06,000949,14:57:05.000,25,output_17,0.0
2025-01-06,000949,15:05:00.000,26,output_17,67.0
2025-01-06,002307,09:31:00.000,0,output_17,111.0
2025-01-06,002307,09:40:00.000,1,output_17,47.0
2025-01-06,002307,09:50:00.000,2,output_17,11.0
2025-01-06,002307,10:00:00.000,3,output_17,1.0
2025-01-06,002307,10:10:00.000,4,output_17,10.0
2025-01-06,002307,10:20:00.000,5,output_17,4.0
2025-01-06,002307,10:30:00.000,6,output_17,1.0
2025-01-06,002307,10:40:00.000,7,output_17,2.0
2025-01-06,002307,10:50:00.000,8,output_17,0.0
2025-01-06,002307,11:00:00.000,9,output_17,0.0
2025-01-06,002307,11:10:00.000,10,output_17,1.0
2025-01-06,002307,11:20:00.000,11,output_17,0.0
2025-01-06,002307,11:30:05.000,12,output_17,0.0
2025-01-06,002307,13:10:00.000,13,output_17,13.0
2025-01-06,002307,13:20:00.000,14,output_17,2.0
2025-01-06,002307,13:30:00.000,15,output_17,4.0
2025-01-06,002307,13:40:00.000,16,output_17,0.0
2025-01-06,002307,13:50:00.000,17,output_17,2.0
2025-01-06,002307,14:00:00.000,18,output_17,0.0
2025-01-06,002307,14:10:00.000,19,output_17,1.0
2025-01-06,002307,14:20:00.000,20,output_17,1.0
2025-01-06,002307,14:30:00.000,21,output_17,0.0
2025-01-06,002307,14:40:00.000,22,output_17,18.0
2025-01-06,002307,14:50:00.000,23,output_17,17.0
2025-01-06,002307,14:56:00.000,24,output_17,12.0
2025-01-06,002307,14:57:05.000,25,output_17,1.0
2025-01-06,002307,15:05:00.000,26,output_17,69.0
2025-01-06,300284,09:31:00.000,0,output_17,186.0
2025-01-06,300284,09:40:00.000,1,output_17,603.0
2025-01-06,300284,09:50:00.000,2,output_17,120.0
2025-01-06,300284,10:00:00.000,3,output_17,53.0
2025-01-06,300284,10:10:00.000,4,output_17,76.0
2025-01-06,300284,10:20:00.000,5,output_17,70.0
2025-01-06,300284,10:30:00.000,6,output_17,39.0
2025-01-06,300284,10:40:00.000,7,output_17,19.0
2025-01-06,300284,10:50:00.000,8,output_17,43.0
2025-01-06,300284,11:00:00.000,9,output_17,61.0
2025-01-06,300284,11:10:00.000,10,output_17,35.0
2025-01-06,300284,11:20:00.000,11,output_17,21.0
2025-01-06,300284,11:30:05.000,12,output_17,56.0
2025-01-06,300284,13:10:00.000,13,output_17,74.0
2025-01-06,300284,13:20:00.000,14,output_17,6.0
2025-01-06,300284,13:30:00.000,15,output_17,40.0
2025-01-06,300284,13:40:00.000,16,output_17,69.0
2025-01-06,300284,13:50:00.000,17,output_17,68.0
2025-01-06,300284,14:00:00.000,18,output_17,32.0
2025-01-06,300284,14:10:00.000,19,output_17,40.0
2025-01-06,300284,14:20:00.000,20,output_17,17.0
2025-01-06,300284,14:30:00.000,21,output_17,32.0
2025-01-06,300284,14:40:00.000,22,output_17,135.0
2025-01-06,300284,14:50:00.000,23,output_17,121.0
2025-01-06,300284,14:56:00.000,24,output_17,43.0
2025-01-06,300284,14:57:05.000,25,output_17,2.0
2025-01-06,300284,15:05:00.000,26,output_17,72.0
2025-01-06,300329,09:31:00.000,0,output_17,208.0
2025-01-06,300329,09:40:00.000,1,output_17,110.0
2025-01-06,300329,09:50:00.000,2,output_17,201.0
2025-01-06,300329,10:00:00.000,3,output_17,184.0
2025-01-06,300329,10:10:00.000,4,output_17,107.0
2025-01-06,300329,10:20:00.000,5,output_17,60.0
2025-01-06,300329,10:30:00.000,6,output_17,30.0
2025-01-06,300329,10:40:00.000,7,output_17,67.0
2025-01-06,300329,10:50:00.000,8,output_17,15.0
2025-01-06,300329,11:00:00.000,9,output_17,11.0
2025-01-06,300329,11:10:00.000,10,output_17,32.0
2025-01-06,300329,11:20:00.000,11,output_17,3.0
2025-01-06,300329,11:30:05.000,12,output_17,44.0
2025-01-06,300329,13:10:00.000,13,output_17,101.0
2025-01-06,300329,13:20:00.000,14,output_17,59.0
2025-01-06,300329,13:30:00.000,15,output_17,10.0
2025-01-06,300329,13:40:00.000,16,output_17,5.0
2025-01-06,300329,13:50:00.000,17,output_17,29.0
2025-01-06,300329,14:00:00.000,18,output_17,20.0
2025-01-06,300329,14:10:00.000,19,output_17,49.0
2025-01-06,300329,14:20:00.000,20,output_17,8.0
2025-01-06,300329,14:30:00.000,21,output_17,14.0
2025-01-06,300329,14:40:00.000,22,output_17,10.0
2025-01-06,300329,14:50:00.000,23,output_17,47.0
2025-01-06,300329,14:56:00.000,24,output_17,46.0
2025-01-06,300329,14:57:05.000,25,output_17,12.0
2025-01-06,300329,15:05:00.000,26,output_17,37.0
2025-01-06,300584,09:31:00.000,0,output_17,126.0
2025-01-06,300584,09:40:00.000,1,output_17,593.0
2025-01-06,300584,09:50:00.000,2,output_17,387.0
2025-01-06,300584,10:00:00.000,3,output_17,182.0
2025-01-06,300584,10:10:00.000,4,output_17,76.0
2025-01-06,300584,10:20:00.000,5,output_17,61.0
2025-01-06,300584,10:30:00.000,6,output_17,30.0
2025-01-06,300584,10:40:00.000,7,output_17,99.0
2025-01-06,300584,10:50:00.000,8,output_17,21.0
2025-01-06,300584,11:00:00.000,9,output_17,52.0
2025-01-06,300584,11:10:00.000,10,output_17,7.0
2025-01-06,300584,11:20:00.000,11,output_17,5.0
2025-01-06,300584,11:30:05.000,12,output_17,13.0
2025-01-06,300584,13:10:00.000,13,output_17,22.0
2025-01-06,300584,13:20:00.000,14,output_17,47.0
2025-01-06,300584,13:30:00.000,15,output_17,7.0
2025-01-06,300584,13:40:00.000,16,output_17,32.0
2025-01-06,300584,13:50:00.000,17,output_17,8.0
2025-01-06,300584,14:00:00.000,18,output_17,26.0
2025-01-06,300584,14:10:00.000,19,output_17,38.0
2025-01-06,300584,14:20:00.000,20,output_17,15.0
2025-01-06,300584,14:30:00.000,21,output_17,8.0
2025-01-06,300584,14:40:00.000,22,output_17,10.0
2025-01-06,300584,14:50:00.000,23,output_17,51.0
2025-01-06,300584,14:56:00.000,24,output_17,27.0
2025-01-06,300584,14:57:05.000,25,output_17,7.0
2025-01-06,300584,15:05:00.000,26,output_17,102.0
2025-01-06,300947,09:31:00.000,0,output_17,337.0
2025-01-06,300947,09:40:00.000,1,output_17,447.0
2025-01-06,300947,09:50:00.000,2,output_17,410.0
2025-01-06,300947,10:00:00.000,3,output_17,170.0
2025-01-06,300947,10:10:00.000,4,output_17,374.0
2025-01-06,300947,10:20:00.000,5,output_17,102.0
2025-01-06,300947,10:30:00.000,6,output_17,141.0
2025-01-06,300947,10:40:00.000,7,output_17,130.0
2025-01-06,300947,10:50:00.000,8,output_17,45.0
2025-01-06,300947,11:00:00.000,9,output_17,39.0
2025-01-06,300947,11:10:00.000,10,output_17,478.0
2025-01-06,300947,11:20:00.000,11,output_17,90.0
2025-01-06,300947,11:30:05.000,12,output_17,70.0
2025-01-06,300947,13:10:00.000,13,output_17,109.0
2025-01-06,300947,13:20:00.000,14,output_17,59.0
2025-01-06,300947,13:30:00.000,15,output_17,55.0
2025-01-06,300947,13:40:00.000,16,output_17,29.0
2025-01-06,300947,13:50:00.000,17,output_17,32.0
2025-01-06,300947,14:00:00.000,18,output_17,158.0
2025-01-06,300947,14:10:00.000,19,output_17,144.0
2025-01-06,300947,14:20:00.000,20,output_17,105.0
2025-01-06,300947,14:30:00.000,21,output_17,37.0
2025-01-06,300947,14:40:00.000,22,output_17,157.0
2025-01-06,300947,14:50:00.000,23,output_17,280.0
2025-01-06,300947,14:56:00.000,24,output_17,331.0
2025-01-06,300947,14:57:05.000,25,output_17,100.0
2025-01-06,300947,15:05:00.000,26,output_17,295.0
2025-01-06,301005,09:31:00.000,0,output_17,50.0
2025-01-06,301005,09:40:00.000,1,output_17,76.0
2025-01-06,301005,09:50:00.000,2,output_17,48.0
2025-01-06,301005,10:00:00.000,3,output_17,19.0
2025-01-06,301005,10:10:00.000,4,output_17,15.0
2025-01-06,301005,10:20:00.000,5,output_17,14.0
2025-01-06,301005,10:30:00.000,6,output_17,3.0
2025-01-06,301005,10:40:00.000,7,output_17,14.0
2025-01-06,301005,10:50:00.000,8,output_17,2.0
2025-01-06,301005,11:00:00.000,9,output_17,4.0
2025-01-06,301005,11:10:00.000,10,output_17,4.0
2025-01-06,301005,11:20:00.000,11,output_17,2.0
2025-01-06,301005,11:30:05.000,12,output_17,23.0
2025-01-06,301005,13:10:00.000,13,output_17,14.0
2025-01-06,301005,13:20:00.000,14,output_17,3.0
2025-01-06,301005,13:30:00.000,15,output_17,3.0
2025-01-06,301005,13:40:00.000,16,output_17,2.0
2025-01-06,301005,13:50:00.000,17,output_17,3.0
2025-01-06,301005,14:00:00.000,18,output_17,10.0
2025-01-06,301005,14:10:00.000,19,output_17,35.0
2025-01-06,301005,14:20:00.000,20,output_17,0.0
2025-01-06,301005,14:30:00.000,21,output_17,2.0
2025-01-06,301005,14:40:00.000,22,output_17,4.0
2025-01-06,301005,14:50:00.000,23,output_17,12.0
2025-01-06,301005,14:56:00.000,24,output_17,12.0
2025-01-06,301005,14:57:05.000,25,output_17,0.0
2025-01-06,301005,15:05:00.000,26,output_17,84.0
2025-01-06,301552,09:31:00.000,0,output_17,48.0
2025-01-06,301552,09:40:00.000,1,output_17,134.0
2025-01-06,301552,09:50:00.000,2,output_17,39.0
2025-01-06,301552,10:00:00.000,3,output_17,37.0
2025-01-06,301552,10:10:00.000,4,output_17,64.0
2025-01-06,301552,10:20:00.000,5,output_17,16.0
2025-01-06,301552,10:30:00.000,6,output_17,11.0
2025-01-06,301552,10:40:00.000,7,output_17,8.0
2025-01-06,301552,10:50:00.000,8,output_17,5.0
2025-01-06,301552,11:00:00.000,9,output_17,7.0
2025-01-06,301552,11:10:00.000,10,output_17,27.0
2025-01-06,301552,11:20:00.000,11,output_17,28.0
2025-01-06,301552,11:30:05.000,12,output_17,4.0
2025-01-06,301552,13:10:00.000,13,output_17,15.0
2025-01-06,301552,13:20:00.000,14,output_17,9.0
2025-01-06,301552,13:30:00.000,15,output_17,19.0
2025-01-06,301552,13:40:00.000,16,output_17,22.0
2025-01-06,301552,13:50:00.000,17,output_17,12.0
2025-01-06,301552,14:00:00.000,18,output_17,6.0
2025-01-06,301552,14:10:00.000,19,output_17,20.0
2025-01-06,301552,14:20:00.000,20,output_17,4.0
2025-01-06,301552,14:30:00.000,21,output_17,7.0
2025-01-06,301552,14:40:00.000,22,output_17,9.0
2025-01-06,301552,14:50:00.000,23,output_17,29.0
2025-01-06,301552,14:56:00.000,24,output_17,29.0
2025-01-06,301552,14:57:05.000,25,output_17,0.0
2025-01-06,301552,15:05:00.000,26,output_17,73.0
2025-01-06,301578,09:31:00.000,0,output_17,46.0
2025-01-06,301578,09:40:00.000,1,output_17,128.0
2025-01-06,301578,09:50:00.000,2,output_17,27.0
2025-01-06,301578,10:00:00.000,3,output_17,66.0
2025-01-06,301578,10:10:00.000,4,output_17,24.0
2025-01-06,301578,10:20:00.000,5,output_17,64.0
2025-01-06,301578,10:30:00.000,6,output_17,11.0
2025-01-06,301578,10:40:00.000,7,output_17,58.0
2025-01-06,301578,10:50:00.000,8,output_17,27.0
2025-01-06,301578,11:00:00.000,9,output_17,23.0
2025-01-06,301578,11:10:00.000,10,output_17,17.0
2025-01-06,301578,11:20:00.000,11,output_17,1.0
2025-01-06,301578,11:30:05.000,12,output_17,8.0
2025-01-06,301578,13:10:00.000,13,output_17,8.0
2025-01-06,301578,13:20:00.000,14,output_17,0.0
2025-01-06,301578,13:30:00.000,15,output_17,1.0
2025-01-06,301578,13:40:00.000,16,output_17,34.0
2025-01-06,301578,13:50:00.000,17,output_17,23.0
2025-01-06,301578,14:00:00.000,18,output_17,15.0
2025-01-06,301578,14:10:00.000,19,output_17,18.0
2025-01-06,301578,14:20:00.000,20,output_17,5.0
2025-01-06,301578,14:30:00.000,21,output_17,20.0
2025-01-06,301578,14:40:00.000,22,output_17,40.0
2025-01-06,301578,14:50:00.000,23,output_17,18.0
2025-01-06,301578,14:56:00.000,24,output_17,21.0
2025-01-06,301578,14:57:05.000,25,output_17,2.0
2025-01-06,301578,15:05:00.000,26,output_17,22.0
